"OBJECTID","station_eu","component_","statistics","statisti_1","statistic_","station__1","country_na","type_of_st","station_ty","station__2","station_la","nb_luabloc","nb_luAgloc2010","nb_luFrloc","nb_luGUloc","nb_luIdloc2010","nb_luUrloc2010","nb_pop2010","nb_proxAg_empl","nb_proxAg_gva","nb_proxId_empl","nb_proxId_gva","nb_proxUr_empl","nb_proxUr_gva","nb_rHloc","nb_rLloc","nb_rMloc","nb_toploc","re_coastal","re_mdtall","re_tempall","re_windspa","r_proxIf2010","r_proxIn2010","r_proxUr2010","station_code_norm","longitude_recovered","latitude_recovered","coord_source","key_source_column","n_metadata_records","n_unique_coord_pairs","coordinate_ambiguous","coordinate_match","station_country_code","country_name_original"
19,"AT0ENK1",8,2010,"day",13.23,"AT0ENK1","AUSTRIA","Background","rural",13.671114,48.39167,0,5500,500,0,0,0,0,1464.76001,1.3905801,0,0,0,0,0,0,0,1.86656,5.4601898,522,9.3269901,0,15154.40039,0,518.9699707,"AT0ENK1",13.6710815433586,48.3917236326486,"EEA AirBase v8 ArcGIS","station_european_code",1,1,FALSE,TRUE,"AT","AUSTRIA"
20,"AT0ILL1",8,2010,"day",10.873,"AT0ILL1","AUSTRIA","Background","rural",16.766403,47.77,0,2800,1900,0,0,0,0,1206.219971,0.502539,0,0,0,0,0,0,0,2.0043199,5.50913,114,11.2299004,2.7809,11525.90039,0,0,"AT0ILL1",16.7664794924913,47.7700805662607,"EEA AirBase v8 ArcGIS","station_european_code",1,1,FALSE,TRUE,"AT","AUSTRIA"
21,"AT0PIL1",8,2010,"day",10.149,"AT0PIL1","AUSTRIA","Background","rural",15.94223,48.721111,0,8100,0,0,0,0,0,759.6480103,0.948862,0,0,0,0,0,0,0,2.00278,5.5704598,280,9.9039898,3.4906499,23692.09961,0,518.9699707,"AT0PIL1",15.9423217771962,48.7211303713492,"EEA AirBase v8 ArcGIS","station_european_code",1,1,FALSE,TRUE,"AT","AUSTRIA"
22,"AT0VOR1",8,2010,"day",4.401,"AT0VOR1","AUSTRIA","Background","rural",12.971947,46.679722,0,3000,1500,0,0,0,0,575.1040039,0.317587,0,0,0,0,0,0,0,1.05984,5.03163,1074,4.6239901,0.420733,17502.19922,0,172.9900055,"AT0VOR1",12.9719238285202,46.6796874997308,"EEA AirBase v8 ArcGIS","station_european_code",1,1,FALSE,TRUE,"AT","AUSTRIA"
23,"AT0ZIL1",8,2010,"day",18.735,"AT0ZIL1","AUSTRIA","Background","rural",11.86389,47.306667,0,5300,400,0,0,200,0,584.3540039,0.306116,0,0,0,0,0,0,0,0.865488,5.3091402,553,4.0266199,1.39597,17715.69922,0,4151.759766,"AT0ZIL1",11.8638916014499,47.3067016604372,"EEA AirBase v8 ArcGIS","station_european_code",1,1,FALSE,TRUE,"AT","AUSTRIA"
24,"AT0ZOE2",8,2010,"day",5.961,"AT0ZOE2","AUSTRIA","Background","rural",14.441395,47.838612,0,0,2900,0,0,0,0,804.2080078,0.744264,0,0,0,0,0,0,0,1.0888799,5.37503,902,7.4300199,1.24848,0,0,0,"AT0ZOE2",14.4415283203679,47.8386840818256,"EEA AirBase v8 ArcGIS","station_european_code",1,1,FALSE,TRUE,"AT","AUSTRIA"
25,"AT2KA11",8,2010,"day",26.591,"AT2KA11","AUSTRIA","Traffic","urban",14.298347,46.626111,0,0,0,0,0,2900,0,0,0.06816,230137,3.56615,117907,6.8227,0,112,0,1.9770499,5.03404,449,7.8821602,0.459434,75345,28515.09961,27072.90039,"AT2KA11",14.2982788086574,46.6260986330271,"EEA AirBase v8 ArcGIS","station_european_code",1,1,FALSE,TRUE,"AT","AUSTRIA"
26,"AT2SP10",8,2010,"day",12.731,"AT2SP10","AUSTRIA","Background","rural",13.195567,46.935558,0,1600,0,0,0,2100,0,59.4934998,0.296324,0,0,56610,3.2650299,0,0,0,0.836836,5.11168,689,2.8447499,0.949831,18996.30078,0,4800.470215,"AT2SP10",13.1956787111782,46.9354858400267,"EEA AirBase v8 ArcGIS","station_european_code",1,1,FALSE,TRUE,"AT","AUSTRIA"
27,"AT2SP18",8,2010,"day",24.791,"AT2SP18","AUSTRIA","Background","suburban",13.495567,46.801666,0,0,100,0,0,2400,0,19.8311996,0.187281,2883500,75.5539017,51463.60156,2.96821,0,0,0,1.33434,5.0482702,574,4.8824501,0.89785,56348.69922,13687.2998,12628.2998,"AT2SP18",13.4954833982296,46.8016967773808,"EEA AirBase v8 ArcGIS","station_european_code",1,1,FALSE,TRUE,"AT","AUSTRIA"
28,"AT2SV24",8,2010,"day",24.449,"AT2SV24","AUSTRIA","Background","urban",14.365833,46.770279,0,100,0,0,0,2900,0,0,0.329447,522599,24.4043999,58904.10156,3.3901701,0,0,15,1.75607,5.0959201,480,7.9119701,1.38792,46957.19922,3421.820068,13839.2002,"AT2SV24",14.3659057619102,46.7703247068375,"EEA AirBase v8 ArcGIS","station_european_code",1,1,FALSE,TRUE,"AT","AUSTRIA"
29,"AT2WO15",8,2010,"day",33.907,"AT2WO15","AUSTRIA","Traffic","urban",14.844174,46.835278,0,0,0,0,0,2800,0,0,0.245421,6663130,122.0220032,54373,3.12939,0,0,21,1.70655,5.1785998,453,7.03826,0.977822,59550.30078,30796.30078,17861.19922,"AT2WO15",14.8442993165385,46.8353271481574,"EEA AirBase v8 ArcGIS","station_european_code",1,1,FALSE,TRUE,"AT","AUSTRIA"
30,"AT2WO35",8,2010,"day",12.077,"AT2WO35","AUSTRIA","Background","rural",14.891953,46.708057,0,4400,600,0,0,0,0,833.1119995,0.488346,0,0,0,0,0,0,0,1.5999,5.1542201,518,7.63658,0,19423.19922,0,389.2269897,"AT2WO35",14.8920898441638,46.7081298827702,"EEA AirBase v8 ArcGIS","station_european_code",1,1,FALSE,TRUE,"AT","AUSTRIA"
31,"AT30065",8,2010,"day",23.517,"AT30065","AUSTRIA","Background","suburban",16.175564,48.207222,0,0,400,0,400,1700,0,118.2580032,0.941864,255730,20.0793991,36645.80078,2.2189701,0,47,0,1.64565,5.5226102,246,10.2531004,1.83474,29241.5,26233.90039,6097.890137,"AT30065",16.1754760740318,48.2072753903679,"EEA AirBase v8 ArcGIS","station_european_code",1,1,FALSE,TRUE,"AT","AUSTRIA"
32,"AT30201",8,2010,"day",17.218,"AT30201","AUSTRIA","Background","suburban",16.206951,47.959999,0,1400,0,400,100,2200,0,27.2318001,0.430956,513121,23.3225002,96985.29688,6.9853601,0,0,0,1.96981,5.49545,265,10.0388002,2.71503,33937.30078,78701.79688,11547.09961,"AT30201",16.207092284948,47.9600830080913,"EEA AirBase v8 ArcGIS","station_european_code",1,1,FALSE,TRUE,"AT","AUSTRIA"
33,"AT30202",8,2010,"day",9.977,"AT30202","AUSTRIA","Background","rural",15.919448,48.10611,0,4100,1300,0,0,0,0,1019.450012,1.02463,0,0,0,0,0,33,0,1.72821,5.49541,574,9.4620104,2.5678999,13020,0,0,"AT30202",15.919494629121,48.1060791014476,"EEA AirBase v8 ArcGIS","station_european_code",1,1,FALSE,TRUE,"AT","AUSTRIA"
34,"AT30302",8,2010,"day",15.856,"AT30302","AUSTRIA","Background","rural",16.676674,48.050831,0,7700,0,0,0,0,0,789.7210083,0.742724,6841.620117,0.630339,0,0,0,0,0,1.97798,5.5364299,221,10.8662004,1.89182,18356,1140.609985,1513.660034,"AT30302",16.6766967776336,48.0509033201115,"EEA AirBase v8 ArcGIS","station_european_code",1,1,FALSE,TRUE,"AT","AUSTRIA"
35,"AT30403",8,2010,"day",15.373,"AT30403","AUSTRIA","Background","rural",16.522228,48.392223,0,6600,0,0,0,0,0,739.1129761,0.879666,287696,4.0158701,0,0,0,0,0,1.95815,5.5624299,228,10.5276003,3.6877799,43328.69922,41061.80078,5405.930176,"AT30403",16.522277831971,48.3922729493193,"EEA AirBase v8 ArcGIS","station_european_code",1,1,FALSE,TRUE,"AT","AUSTRIA"
36,"AT30407",8,2010,"day",15.629,"AT30407","AUSTRIA","Background","rural",16.636948,48.236668,0,8000,0,0,0,0,0,857.3720093,1.12612,95898.70313,9.6380901,0,0,0,0,0,2.0043199,5.5529399,148,10.7782001,2.8354101,26893.69922,12546.7002,735.2069702,"AT30407",16.6370849606142,48.2366943357662,"EEA AirBase v8 ArcGIS","station_european_code",1,1,FALSE,TRUE,"AT","AUSTRIA"
37,"AT30599",8,2010,"day",29.941,"AT30599","AUSTRIA","Traffic","urban",16.326399,48.306942,0,0,0,500,700,1100,0,0,0.359989,647316,41.7650986,9161.44043,0.554742,0,0,0,1.85676,5.54247,196,10.4464998,3.7024,45249.69922,72998.79688,12628.2998,"AT30599",16.3264770504126,48.3068847655332,"EEA AirBase v8 ArcGIS","station_european_code",1,1,FALSE,TRUE,"AT","AUSTRIA"
38,"AT30601",8,2010,"day",17.5,"AT30601","AUSTRIA","Background","suburban",16.304724,48.301388,0,2100,2800,0,0,0,0,857.3720093,0.48737,263721,4.8190398,0,0,0,0,0,1.70787,5.54073,317,10.4355001,3.7032299,39059.89844,31937,14877.09961,"AT30601",16.3046874996097,48.3015136718216,"EEA AirBase v8 ArcGIS","station_european_code",1,1,FALSE,TRUE,"AT","AUSTRIA"
39,"AT31204",8,2010,"day",19.474,"AT31204","AUSTRIA","Background","rural",15.207228,48.213055,0,600,0,0,0,1300,100,0,0.727869,0,0,27833.90039,1.57902,0,0,0,1.92689,5.4725399,212,9.2397203,0.799077,45890,0,11157.7998,"AT31204",15.2072753902885,48.2130737303215,"EEA AirBase v8 ArcGIS","station_european_code",1,1,FALSE,TRUE,"AT","AUSTRIA"
40,"AT31401",8,2010,"day",19.62,"AT31401","AUSTRIA","Background","suburban",16.302244,48.086109,0,0,0,100,200,2300,0,0,0.0558298,1936180,102.1149979,106684,7.6838999,0,45,0,1.98256,5.5163202,207,10.4392004,1.8291399,78119.79688,240668,20758.80078,"AT31401",16.3023071284984,48.086120605618,"EEA AirBase v8 ArcGIS","station_european_code",1,1,FALSE,TRUE,"AT","AUSTRIA"
41,"AT31406",8,2010,"day",30.094,"AT31406","AUSTRIA","Traffic","suburban",16.337223,48.083332,0,800,0,0,0,2200,0,27.2318001,0.259075,1929340,100.8539963,116382,8.3824301,0,0,0,2.0043199,5.5181699,188,10.4921999,1.82935,45463.10156,299979,12412,"AT31406",16.3372802735628,48.0833129881664,"EEA AirBase v8 ArcGIS","station_european_code",1,1,FALSE,TRUE,"AT","AUSTRIA"
42,"AT31413",8,2010,"day",30.334,"AT31413","AUSTRIA","Traffic","suburban",16.330278,48.083889,0,200,0,400,400,1200,0,0,0.200109,2271420,123.5459976,29095.59961,2.0956099,0,0,0,2.0043199,5.5177999,191,10.4921999,1.82935,50158.89844,337619,12325.5,"AT31413",16.3303222656301,48.0839233396726,"EEA AirBase v8 ArcGIS","station_european_code",1,1,FALSE,TRUE,"AT","AUSTRIA"
43,"AT31502",8,2010,"day",6.149,"AT31502","AUSTRIA","Background","rural",15.854726,47.670002,0,2100,2400,0,0,0,0,614.4650269,0.584363,0,0,0,0,0,0,0,1.36138,5.4333601,880,7.1418099,3.1708801,10245.2002,0,0,"AT31502",15.8546752929151,47.670104980677,"EEA AirBase v8 ArcGIS","station_european_code",1,1,FALSE,TRUE,"AT","AUSTRIA"
44,"AT31701",8,2010,"day",12.859,"AT31701","AUSTRIA","Background","rural",15.546679,48.371109,0,6100,0,0,0,900,0,755.2709961,0.747027,0,0,15953.2002,0.88082,0,0,0,1.7764601,5.51019,341,9.6069803,0,34364.19922,0,2032.630005,"AT31701",15.5466918943594,48.3710937498202,"EEA AirBase v8 ArcGIS","station_european_code",1,1,FALSE,TRUE,"AT","AUSTRIA"
45,"AT31703",8,2010,"day",16.744,"AT31703","AUSTRIA","Background","rural",15.746956,48.353333,0,1800,100,0,0,2400,0,199.9720001,0.863552,0,0,93479.60156,5.71486,0,0,0,1.96894,5.5174999,193,10.0911999,3.39188,40340.5,1140.609985,9946.919922,"AT31703",15.7468872073382,48.3532714842285,"EEA AirBase v8 ArcGIS","station_european_code",1,1,FALSE,TRUE,"AT","AUSTRIA"
46,"AT31901",8,2010,"day",19.219,"AT31901","AUSTRIA","Background","suburban",16.05945,48.33139,0,0,0,300,300,1900,0,0,0.46614,1062880,48.1903992,27484.30078,1.66423,0,107,0,1.9998699,5.5307999,177,10.3133001,2.67308,39273.30078,143716,11547.09961,"AT31901",16.0595092769507,48.331481933621,"EEA AirBase v8 ArcGIS","station_european_code",1,1,FALSE,TRUE,"AT","AUSTRIA"
47,"AT31903",8,2010,"day",13.994,"AT31903","AUSTRIA","Background","rural",15.859731,48.331665,0,7000,0,0,0,0,0,857.3720093,1.03751,159831,4.0158701,0,0,0,0,0,1.99848,5.52036,183,10.2250004,2.562,31589.40039,30796.30078,778.4550171,"AT31903",15.8596801756721,48.3317260739513,"EEA AirBase v8 ArcGIS","station_european_code",1,1,FALSE,TRUE,"AT","AUSTRIA"
48,"AT31906",8,2010,"day",9.187,"AT31906","AUSTRIA","Background","rural",16.148624,48.282223,0,200,2900,0,0,0,0,857.3720093,1.09658,0,0,0,0,0,0,0,1.78003,5.52985,485,10.3172998,3.6284599,24118.90039,0,864.9500122,"AT31906",16.1486816404717,48.2822875978537,"EEA AirBase v8 ArcGIS","station_european_code",1,1,FALSE,TRUE,"AT","AUSTRIA"
49,"AT32302",8,2010,"day",40.487,"AT32302","AUSTRIA","Traffic","urban",15.611122,48.209999,0,200,100,0,0,2700,0,79.9886017,0.559641,199098,14.2241001,93479.60156,5.71486,0,0,0,1.99676,5.4918098,288,9.7218103,3.3134799,63178.80078,28515.09961,16780,"AT32302",15.6110839846296,48.2100830080076,"EEA AirBase v8 ArcGIS","station_european_code",1,1,FALSE,TRUE,"AT","AUSTRIA"
50,"AT32501",8,2010,"day",22.328,"AT32501","AUSTRIA","Background","urban",15.62028,48.409447,0,600,100,0,0,2300,0,188.8179932,0.329233,7485500,245.348999,43871.19922,2.42225,0,0,0,1.97877,5.5186701,195,9.6925802,3.4111199,54214.30078,114061,12887.7002,"AT32501",15.6203002934062,48.4094848630273,"EEA AirBase v8 ArcGIS","station_european_code",1,1,FALSE,TRUE,"AT","AUSTRIA"
51,"AT32604",8,2010,"day",15.884,"AT32604","AUSTRIA","Background","rural",14.77222,48.044998,0,6900,0,0,0,100,0,1194.550049,1.00464,0,0,0,0,0,0,0,1.9199899,5.4264102,346,9.3135405,0,56348.69922,9124.839844,5578.919922,"AT32604",14.7722778318652,48.0451049804051,"EEA AirBase v8 ArcGIS","station_european_code",1,1,FALSE,TRUE,"AT","AUSTRIA"
52,"AT4S156",8,2010,"day",22.514,"AT4S156","AUSTRIA","Background","suburban",13.040006,48.258335,0,0,0,0,0,2700,0,0,0.356572,1286450,0,82925.89844,4.7751999,0,0,0,2.0004101,5.4411998,350,9.4319496,2.22335,52777.39844,8343.360352,20582.19922,"AT4S156",13.040100097976,48.2584838866933,"EEA AirBase v8 ArcGIS","station_european_code",1,1,FALSE,TRUE,"AT","AUSTRIA"
53,"AT4S199",8,2010,"day",13.065,"AT4S199","AUSTRIA","Background","rural",14.361667,47.94389,0,900,1200,0,0,1500,0,360.5069885,0.619332,0,0,54612.60156,3.0796399,0,0,0,1.37089,5.3922,348,8.4305496,2.0213301,25826.5,0,5708.669922,"AT4S199",14.3616943358907,47.9439086911203,"EEA AirBase v8 ArcGIS","station_european_code",1,1,FALSE,TRUE,"AT","AUSTRIA"
54,"AT4S404",8,2010,"day",26.987,"AT4S404","AUSTRIA","Background","suburban",14.238894,48.225277,0,0,0,0,0,2900,0,0,0.378569,3854940,140.5350037,208351,12.7256002,0,114,0,2.0034399,5.4394598,272,10.0576,0.7419,85590.20313,132310,15958.2998,"AT4S404",14.2388916011443,48.2252807618755,"EEA AirBase v8 ArcGIS","station_european_code",1,1,FALSE,TRUE,"AT","AUSTRIA"
55,"AT4S407",8,2010,"day",18.227,"AT4S407","AUSTRIA","Background","suburban",13.66807,48.00111,0,800,400,0,0,2200,0,227.7720032,0.477324,0,0,55157.5,3.0444,0,0,0,1.92386,5.38936,417,8.7456198,2.0264699,52079.80078,0,16088.09961,"AT4S407",13.6680908200124,48.0010986329005,"EEA AirBase v8 ArcGIS","station_european_code",1,1,FALSE,TRUE,"AT","AUSTRIA"
56,"AT4S409",8,2010,"day",19.817,"AT4S409","AUSTRIA","Background","suburban",14.440561,48.050831,0,0,0,0,0,2900,0,0,0.247867,13715700,827.5599976,78884.89844,4.44837,0,0,0,1.89692,5.4144902,305,9.3362198,0,53147,172231,15309.59961,"AT4S409",14.4406738284967,48.0509033201115,"EEA AirBase v8 ArcGIS","station_european_code",1,1,FALSE,TRUE,"AT","AUSTRIA"
57,"AT4S412",8,2010,"day",27.037,"AT4S412","AUSTRIA","Background","suburban",14.310842,48.254444,0,0,0,800,100,1600,0,0,0.197773,3594790,144.0480042,128216,7.8311501,0,59,0,1.99011,5.4461002,256,9.9861698,0.751927,76625.70313,203028,12628.2998,"AT4S412",14.3109130858175,48.2545166016866,"EEA AirBase v8 ArcGIS","station_european_code",1,1,FALSE,TRUE,"AT","AUSTRIA"
58,"AT4S416",8,2010,"day",34.351,"AT4S416","AUSTRIA","Background","urban",14.314736,48.274445,0,0,0,0,300,700,0,0,0.0152786,4375240,207.2890015,48081,2.9366801,0,100,0,1.99273,5.4496698,259,9.8862495,0.752958,159441,598818,8822.490234,"AT4S416",14.3148803713023,48.274475097809,"EEA AirBase v8 ArcGIS","station_european_code",1,1,FALSE,TRUE,"AT","AUSTRIA"
59,"AT51000",8,2010,"day",58.645,"AT51000","AUSTRIA","Traffic","urban",13.053614,47.797501,0,0,0,100,400,1000,0,0,0.032815,2661890,121.1070023,63294.19922,4.3123002,0,92,21,1.7685,5.35287,424,7.4447498,0,79827.29688,161966,16477.30078,"AT51000",13.0537109372747,47.7974853516896,"EEA AirBase v8 ArcGIS","station_european_code",1,1,FALSE,TRUE,"AT","AUSTRIA"
60,"AT52100",8,2010,"day",15.276,"AT52100","AUSTRIA","Industrial","rural",13.10584,47.666946,0,2200,2500,0,0,100,0,1261.449951,0.557511,1096070,72.1980972,0,0,0,0,0,1.58397,5.3231201,611,6.3192902,0,62538.5,50186.60156,4281.5,"AT52100",13.1058959963205,47.6668701169949,"EEA AirBase v8 ArcGIS","station_european_code",1,1,FALSE,TRUE,"AT","AUSTRIA"
61,"AT53055",8,2010,"day",10.627,"AT53055","AUSTRIA","Background","rural",13.015847,47.972778,0,2800,2200,0,0,100,0,1261.449951,0.749065,28469.40039,2.32897,0,0,0,0,0,1.85092,5.3893099,482,9.0238304,1.9758,12379.59961,9124.839844,994.6920166,"AT53055",13.0159301760618,47.9729003904865,"EEA AirBase v8 ArcGIS","station_european_code",1,1,FALSE,TRUE,"AT","AUSTRIA"
62,"AT55032",8,2010,"day",15.245,"AT55032","AUSTRIA","Background","suburban",13.806951,47.125832,0,1100,0,0,0,1800,0,99.0389023,0.123269,0,0,37820.5,2.5373499,0,0,0,1.37974,5.1734099,1012,2.8594301,1.1100301,34791,0,10163.2002,"AT55032",13.8068847660671,47.1259155271848,"EEA AirBase v8 ArcGIS","station_european_code",1,1,FALSE,TRUE,"AT","AUSTRIA"
63,"AT60106",8,2010,"day",24.106,"AT60106","AUSTRIA","Background","urban",15.079178,47.061665,0,700,0,0,100,2300,0,0,0.511202,1871850,104.6090012,45892.10156,2.5829401,0,0,0,1.72523,5.2595201,452,6.6536002,0.526991,41194.30078,66155.10156,15828.59961,"AT60106",15.0792846682823,47.0617065430745,"EEA AirBase v8 ArcGIS","station_european_code",1,1,FALSE,TRUE,"AT","AUSTRIA"
64,"AT60119",8,2010,"day",19.614,"AT60119","AUSTRIA","Background","urban",14.82445,47.210278,0,0,0,0,0,2900,0,0,0.214284,851011,56.1484985,62540.5,3.3238399,0,0,0,1.80888,5.2659402,648,5.1708398,1.1331199,50799.19922,46764.80078,20110.09961,"AT60119",14.8245239260447,47.2103271482934,"EEA AirBase v8 ArcGIS","station_european_code",1,1,FALSE,TRUE,"AT","AUSTRIA"
65,"AT60127",8,2010,"day",4.44,"AT60127","AUSTRIA","Background","rural",14.601683,47.218889,0,4700,900,0,0,0,0,508.3640137,0.436549,1327580,87.5915985,0,0,0,0,0,1.48792,5.2488499,772,4.5295,1.14872,19423.19922,45624.19922,2984.080078,"AT60127",14.6016845703917,47.2188720700133,"EEA AirBase v8 ArcGIS","station_european_code",1,1,FALSE,TRUE,"AT","AUSTRIA"
66,"AT60136",8,2010,"day",24.058,"AT60136","AUSTRIA","Industrial","rural",15.355281,47.119442,0,400,300,200,400,800,100,356.9639893,0.551616,1786090,79.5542984,45365,2.5427599,0,56,0,1.6677099,5.30165,371,8.4168196,1.12909,46743.80078,132310,8952.230469,"AT60136",15.3552856442215,47.1195068357253,"EEA AirBase v8 ArcGIS","station_european_code",1,1,FALSE,TRUE,"AT","AUSTRIA"
67,"AT60137",8,2010,"day",7.21,"AT60137","AUSTRIA","Background","rural",15.016666,47.059166,0,4000,800,0,0,0,0,1691.040039,0.968186,0,0,0,0,0,0,0,1.60734,5.2519898,879,6.2607198,0.527304,9178,0,216.2369995,"AT60137",15.0167236329203,47.0590820315468,"EEA AirBase v8 ArcGIS","station_european_code",1,1,FALSE,TRUE,"AT","AUSTRIA"
68,"AT60138",8,2010,"day",24.367,"AT60138","AUSTRIA","Background","suburban",15.41418,47.095554,0,0,0,200,400,1500,0,0,0.193301,2749020,150.4069977,120973,6.7806902,0,0,0,1.83495,5.3038502,359,8.8849802,0.562337,89005.29688,159685,17169.19922,"AT60138",15.4143066409327,47.0957031252831,"EEA AirBase v8 ArcGIS","station_european_code",1,1,FALSE,TRUE,"AT","AUSTRIA"
69,"AT60143",8,2010,"day",20.723,"AT60143","AUSTRIA","Background","urban",15.090005,47.383053,0,800,300,0,0,2600,0,36.7196999,0.216819,3547790,216.0059967,56150.30078,3.0941501,0,0,0,1.43657,5.3250299,538,5.7817101,1.8255,46103.5,126607,16217.7998,"AT60143",15.0900878905341,47.383117676058,"EEA AirBase v8 ArcGIS","station_european_code",1,1,FALSE,TRUE,"AT","AUSTRIA"
1,"AT60151",8,2010,"day",14.908,"AT60151","AUSTRIA","Background","rural",15.495011,46.873055,0,700,2400,0,0,0,0,1691.040039,0.874466,0,0,0,0,0,0,0,1.7951699,5.2757401,433,9.9637899,0.565228,39059.89844,0,864.9500122,"AT60151",15.4951171875485,46.8731079100791,"EEA AirBase v8 ArcGIS","station_european_code",1,1,FALSE,TRUE,"AT","AUSTRIA"
2,"AT60164",8,2010,"day",51.274,"AT60164","AUSTRIA","Traffic","urban",15.417789,47.055553,0,0,0,100,300,2100,0,0,0.0322169,5529100,262.2810059,136095,7.6282701,0,111,0,1.97382,5.2973599,359,9.0645399,0.551322,96262.29688,285151,17731.5,"AT60164",15.4179077147172,47.0554809567544,"EEA AirBase v8 ArcGIS","station_european_code",1,1,FALSE,TRUE,"AT","AUSTRIA"
3,"AT60170",8,2010,"day",34.887,"AT60170","AUSTRIA","Background","urban",15.434175,47.041943,0,0,0,0,500,1900,0,0,0.0872213,5995040,305.7869873,120973,6.7806902,0,48,0,2.0019701,5.29704,340,9.3087397,0.549946,85163.29688,307963,12844.5,"AT60170",15.4343261719611,47.0418701170953,"EEA AirBase v8 ArcGIS","station_european_code",1,1,FALSE,TRUE,"AT","AUSTRIA"
4,"AT60171",8,2010,"day",32.819,"AT60171","AUSTRIA","Traffic","urban",15.466125,47.059444,0,0,0,0,500,1700,0,0,0.0463609,2671360,128.0330048,120973,6.7806902,0,128,0,1.93023,5.3036299,365,9.2519598,0.552047,76625.70313,133451,23699.59961,"AT60171",15.4661254882782,47.0595092773049,"EEA AirBase v8 ArcGIS","station_european_code",1,1,FALSE,TRUE,"AT","AUSTRIA"
5,"AT60181",8,2010,"day",24.281,"AT60181","AUSTRIA","Traffic","suburban",15.625286,47.221111,0,0,0,0,0,2900,0,0,0.599059,0,0,66377,3.70067,0,0,19,1.82219,5.3473401,468,8.56073,1.84525,43542.19922,50186.60156,18855.90039,"AT60181",15.6253051761633,47.2211303708908,"EEA AirBase v8 ArcGIS","station_european_code",1,1,FALSE,TRUE,"AT","AUSTRIA"
6,"AT60183",8,2010,"day",22.645,"AT60183","AUSTRIA","Industrial","rural",15.346955,47.205833,0,400,1400,0,100,1100,0,999.4979858,0.702485,838684,55.9365997,90730.10156,5.0855198,0,47,0,1.52004,5.3161302,409,7.9466801,1.72829,44395.89844,93529.60156,5492.430176,"AT60183",15.3471069336155,47.2058715820831,"EEA AirBase v8 ArcGIS","station_european_code",1,1,FALSE,TRUE,"AT","AUSTRIA"
7,"AT60185",8,2010,"day",10.521,"AT60185","AUSTRIA","Background","rural",15.956672,46.752777,0,1800,2300,0,0,0,0,2120.979981,1.18527,419445,14.2426996,0,0,0,0,0,1.95783,5.2892098,264,10.6434002,1.32575,39273.30078,10265.40039,1470.410034,"AT60185",15.9567260741309,46.7526855468838,"EEA AirBase v8 ArcGIS","station_european_code",1,1,FALSE,TRUE,"AT","AUSTRIA"
8,"AT60191",8,2010,"day",20.108,"AT60191","AUSTRIA","Industrial","rural",15.325563,47.142223,0,4000,0,0,0,800,0,1356.459961,0.623121,2174370,93.2276993,60486.69922,3.3903401,0,0,0,1.6851701,5.30229,378,8.1363297,1.13736,46316.89844,139154,5103.200195,"AT60191",15.3256835936145,47.142272949451,"EEA AirBase v8 ArcGIS","station_european_code",1,1,FALSE,TRUE,"AT","AUSTRIA"
9,"AT60193",8,2010,"day",17.452,"AT60193","AUSTRIA","Industrial","suburban",15.146955,47.396114,0,2000,300,0,0,1800,0,110.1589966,0.368873,1448080,105.6029968,32754.30078,1.80492,0,0,0,1.37562,5.3322201,513,5.90797,1.83183,30949.09961,34218.19922,9427.950195,"AT60193",15.1470947269361,47.3961181641984,"EEA AirBase v8 ArcGIS","station_european_code",1,1,FALSE,TRUE,"AT","AUSTRIA"
10,"AT60195",8,2010,"day",16.379,"AT60195","AUSTRIA","Background","suburban",15.212789,46.813889,0,400,0,0,0,2900,0,0,0.553028,1178570,0,54236.10156,3.0525601,0,0,0,1.7186199,5.2262902,371,8.4824896,1.60114,45249.69922,46764.80078,14877.09961,"AT60195",15.2128906252806,46.8139038088096,"EEA AirBase v8 ArcGIS","station_european_code",1,1,FALSE,TRUE,"AT","AUSTRIA"
11,"AT60198",8,2010,"day",22.471,"AT60198","AUSTRIA","Background","suburban",16.078901,47.046944,0,300,0,0,0,2900,0,0,0.839668,4054630,156.6690063,66377,3.70067,0,0,0,1.9841599,5.3563499,271,10.1978998,1.3364201,36498.60156,28515.09961,12022.7998,"AT60198",16.0789184566424,47.0468749997806,"EEA AirBase v8 ArcGIS","station_european_code",1,1,FALSE,TRUE,"AT","AUSTRIA"
12,"AT72106",8,2010,"day",37.487,"AT72106","AUSTRIA","Traffic","urban",11.417789,47.271667,0,0,0,0,0,2900,0,0,0.0369371,15857700,790.6220093,187721,11.3824997,0,0,0,1.3040299,5.3357401,573,4.09798,1.38103,81961.70313,139154,23699.59961,"AT72106",11.4179077144755,47.2717285156725,"EEA AirBase v8 ArcGIS","station_european_code",1,1,FALSE,TRUE,"AT","AUSTRIA"
13,"AT72110",8,2010,"day",43.603,"AT72110","AUSTRIA","Traffic","urban",11.393064,47.263054,0,0,0,0,0,2800,0,0,0.0546467,834617,59.2966995,187721,11.3824997,0,0,0,1.30182,5.3360801,587,4.01017,0.919566,106934,31937,24953.80078,"AT72110",11.3931274412247,47.2631225588829,"EEA AirBase v8 ArcGIS","station_european_code",1,1,FALSE,TRUE,"AT","AUSTRIA"
14,"AT72123",8,2010,"day",4.471,"AT72123","AUSTRIA","Background","rural",11.378067,47.30611,0,5200,1100,0,0,0,0,646.2299805,0.310423,0,0,0,0,0,0,0,1.6013,5.3454099,1910,4.3854899,1.38542,0,0,0,"AT72123",11.3781127929534,47.3060913086011,"EEA AirBase v8 ArcGIS","station_european_code",1,1,FALSE,TRUE,"AT","AUSTRIA"
15,"AT72227",8,2010,"day",40.169,"AT72227","AUSTRIA","Traffic","suburban",11.512511,47.278057,0,0,0,0,0,2300,0,0,0.156603,0,0,173281,10.5068998,0,10,0,1.31033,5.3294101,556,4.2146401,1.38618,62111.60156,26233.90039,14401.40039,"AT72227",11.5125122066893,47.2780761720942,"EEA AirBase v8 ArcGIS","station_european_code",1,1,FALSE,TRUE,"AT","AUSTRIA"
16,"AT72311",8,2010,"day",35.029,"AT72311","AUSTRIA","Traffic","suburban",10.736114,47.218056,0,2100,100,0,1100,0,0,106.427002,0.0863817,12894700,618.2709961,0,0,0,0,0,0.518946,5.3733702,717,3.1679399,1.3961101,51439.5,31937,5535.680176,"AT72311",10.7360839847842,47.2180786135291,"EEA AirBase v8 ArcGIS","station_european_code",1,1,FALSE,TRUE,"AT","AUSTRIA"
17,"AT72530",8,2010,"day",31.858,"AT72530","AUSTRIA","Traffic","suburban",12.067509,47.489166,0,200,0,0,100,2800,0,0,0.206657,849811,21.9927998,85494,5.5567198,0,0,0,1.48835,5.3323002,510,5.74437,1.41871,46957.19922,0,16131.2998,"AT72530",12.0675048828122,47.4890747069382,"EEA AirBase v8 ArcGIS","station_european_code",1,1,FALSE,TRUE,"AT","AUSTRIA"
18,"AT72538",8,2010,"day",24.768,"AT72538","AUSTRIA","Background","rural",11.910563,47.459167,0,4200,1400,0,0,0,0,627.6389771,0.292644,0,0,0,0,0,0,0,1.3611799,5.3365102,621,5.4687099,1.45711,32229.69922,4562.419922,2032.630005,"AT72538",11.9107055660384,47.4592895508329,"EEA AirBase v8 ArcGIS","station_european_code",1,1,FALSE,TRUE,"AT","AUSTRIA"
70,"AT72550",8,2010,"day",56.373,"AT72550","AUSTRIA","Traffic","rural",11.958342,47.468891,0,4800,0,0,0,0,0,346.2839966,0.286338,0,0,0,0,0,0,0,1.40166,5.3350601,506,5.5706301,1.4220901,38206.10156,0,2032.630005,"AT72550",11.9583129882628,47.4688720702955,"EEA AirBase v8 ArcGIS","station_european_code",1,1,FALSE,TRUE,"AT","AUSTRIA"
71,"AT72710",8,2010,"day",25.407,"AT72710","AUSTRIA","Traffic","rural",10.744175,47.447781,0,3200,0,0,0,1900,0,83.822998,0.125511,0,0,53453.19922,3.5526099,0,0,0,0.831637,5.4109902,986,4.9344401,1.08234,20490.40039,0,2465.110107,"AT72710",10.7443237305239,47.4478759767682,"EEA AirBase v8 ArcGIS","station_european_code",1,1,FALSE,TRUE,"AT","AUSTRIA"
72,"AT72821",8,2010,"day",67.711,"AT72821","AUSTRIA","Traffic","suburban",11.693064,47.349167,0,2000,0,0,0,1300,0,194.7850037,0.202071,424906,0,35622.5,2.3153,10,0,0,1.2565399,5.3302898,553,4.6002302,1.4232301,45249.69922,0,13839.2002,"AT72821",11.6931152345754,47.3493041994142,"EEA AirBase v8 ArcGIS","station_european_code",1,1,FALSE,TRUE,"AT","AUSTRIA"
73,"AT72822",8,2010,"day",41.522,"AT72822","AUSTRIA","Traffic","rural",11.691675,47.346943,0,1000,0,0,0,2000,0,64.9281998,0.207803,424906,0,64120.5,4.1675401,0,0,0,1.21516,5.3298402,542,4.6002302,1.4232301,46530.30078,0,13147.2002,"AT72822",11.6917114256028,47.3469238282389,"EEA AirBase v8 ArcGIS","station_european_code",1,1,FALSE,TRUE,"AT","AUSTRIA"
74,"AT72912",8,2010,"day",14.168,"AT72912","AUSTRIA","Background","suburban",12.765831,46.819168,0,6700,0,0,0,0,0,482.5660095,0.0748126,2785750,0,0,0,0,0,0,0.313371,5.1038599,679,2.68011,1.71324,41194.30078,34218.19922,12195.7998,"AT72912",12.7659301760467,46.8192749022291,"EEA AirBase v8 ArcGIS","station_european_code",1,1,FALSE,TRUE,"AT","AUSTRIA"
75,"AT80503",8,2010,"day",6.754,"AT80503","AUSTRIA","Background","rural",9.926675,47.529167,0,3400,1600,0,0,0,0,1485.199951,0.954684,0,0,0,0,0,0,0,1.71319,5.4781499,1035,7.2802901,1.70137,15297.2002,0,994.6920166,"AT80503",9.92669677722574,47.5292968748428,"EEA AirBase v8 ArcGIS","station_european_code",1,1,FALSE,TRUE,"AT","AUSTRIA"
76,"AT80706",8,2010,"day",22.815,"AT80706","AUSTRIA","Background","urban",9.652781,47.410835,0,1400,0,0,0,1000,0,393.2919922,0.182902,3133810,57.6483002,34059.89844,2.18924,0,0,0,1.9271801,5.4842701,407,0,0,19636.69922,20530.90039,8865.730469,"AT80706",9.65289306609844,47.4108886719317,"EEA AirBase v8 ArcGIS","station_european_code",1,1,FALSE,TRUE,"AT","AUSTRIA"
77,"AT80709",8,2010,"day",40.28,"AT80709","AUSTRIA","Traffic","suburban",9.640284,47.458889,0,0,0,0,0,2300,0,0,0.197534,0,0,102180,6.5677299,0,0,12,2.0038199,5.49052,404,8.2870703,0,16861.90039,0,12974.2002,"AT80709",9.64031982407205,47.4589233397675,"EEA AirBase v8 ArcGIS","station_european_code",1,1,FALSE,TRUE,"AT","AUSTRIA"
78,"AT82708",8,2010,"day",24.88,"AT82708","AUSTRIA","Background","suburban",9.82723,47.156113,0,0,600,0,0,2300,0,111.0530014,0.142966,8428220,379.6929932,74703,5.1872101,0,0,0,0.991679,5.4405699,565,4.9549899,0.468392,34791,27374.5,16044.7998,"AT82708",9.8272705076558,47.1561279297051,"EEA AirBase v8 ArcGIS","station_european_code",1,1,FALSE,TRUE,"AT","AUSTRIA"
79,"AT82801",8,2010,"day",29.116,"AT82801","AUSTRIA","Traffic","rural",10.046956,47.127777,0,1100,1700,0,0,300,0,370.177002,0.247997,0,0,0,0,9,0,0,0.955569,5.4176898,1009,2.89451,0.465806,18996.30078,0,3459.800049,"AT82801",10.0468750003264,47.1276855470852,"EEA AirBase v8 ArcGIS","station_european_code",1,1,FALSE,TRUE,"AT","AUSTRIA"
80,"AT900KE",8,2010,"day",31.656,"AT900KE","AUSTRIA","Industrial","suburban",16.475565,48.156944,0,1500,0,400,500,700,0,479.0679932,0.13138,5020960,333.4259949,168818,12.2320004,0,0,0,2.0040901,5.5349302,154,10.6914997,0.942763,77266,423165,10855.09961,"AT900KE",16.4757080079172,48.1569213868472,"EEA AirBase v8 ArcGIS","station_european_code",1,1,FALSE,TRUE,"AT","AUSTRIA"
81,"AT900ZA",8,2010,"day",23.804,"AT900ZA","AUSTRIA","Background","urban",16.357784,48.249168,0,0,0,800,0,1900,0,0,0.190492,2155420,193.6900024,506455,36.6960983,0,12,0,1.97109,5.5379,191,10.5018997,3.7441101,93914.5,119764,19591.09961,"AT900ZA",16.3579101559278,48.2490844729429,"EEA AirBase v8 ArcGIS","station_european_code",1,1,FALSE,TRUE,"AT","AUSTRIA"
82,"AT90AKC",8,2010,"day",29.611,"AT90AKC","AUSTRIA","Traffic","urban",16.345844,48.219166,0,0,0,0,1200,600,0,0,0,2855590,235.3439941,56272.80078,4.0773501,0,82,0,1.9960099,5.5338898,198,10.5025997,1.8583,131694,124326,23050.90039,"AT90AKC",16.3458862301044,48.2192993165146,"EEA AirBase v8 ArcGIS","station_european_code",1,1,FALSE,TRUE,"AT","AUSTRIA"
83,"AT90FLO",8,2010,"day",31.743,"AT90FLO","AUSTRIA","Traffic","urban",16.396955,48.260834,0,0,0,100,300,1300,0,0,0.0084041,3816610,379.0499878,393910,28.5414009,0,46,0,2.0008199,5.5415001,167,10.5499001,2.8115399,85590.20313,271464,12931,"AT90FLO",16.3970947270116,48.2609252928453,"EEA AirBase v8 ArcGIS","station_european_code",1,1,FALSE,TRUE,"AT","AUSTRIA"
84,"AT90LOB",8,2010,"day",16.713,"AT90LOB","AUSTRIA","Background","suburban",16.526674,48.162502,0,1300,1500,0,300,0,0,2107.899902,1.99937,267689,16.6615009,0,0,0,0,0,2.0002501,5.5385699,155,10.7283001,0.945115,21130.80078,116342,0,"AT90LOB",16.5266723633914,48.1624755860134,"EEA AirBase v8 ArcGIS","station_european_code",1,1,FALSE,TRUE,"AT","AUSTRIA"
85,"AT90MBA",8,2010,"day",57.814,"AT90MBA","AUSTRIA","Traffic","urban",16.301964,48.188889,0,0,0,200,0,2200,0,0,0,2457460,179.1109924,562728,40.7734985,0,190,4,1.98943,5.5279298,196,10.4322996,1.85533,107361,152841,17774.69922,"AT90MBA",16.3018798825628,48.1889038083082,"EEA AirBase v8 ArcGIS","station_european_code",1,1,FALSE,TRUE,"AT","AUSTRIA"
86,"AT90TAB",8,2010,"day",42.783,"AT90TAB","AUSTRIA","Traffic","urban",16.381958,48.218056,0,0,0,0,0,2700,0,0,0,3363560,214.5169983,731546,53.0055008,0,100,0,1.9962699,5.53582,168,10.5405998,0.93633,134468,237246,17645,"AT90TAB",16.382080077842,48.2180786135594,"EEA AirBase v8 ArcGIS","station_european_code",1,1,FALSE,TRUE,"AT","AUSTRIA"
87,"AT9BELG",8,2010,"day",35.685,"AT9BELG","AUSTRIA","Traffic","urban",16.363068,48.175003,0,0,0,100,100,2500,0,0,0,2457460,227.0130005,619001,44.8507996,0,0,0,2.00194,5.5299301,221,10.5191002,1.85625,119954,231543,19591.09961,"AT9BELG",16.3630981440859,48.1751098632522,"EEA AirBase v8 ArcGIS","station_european_code",1,1,FALSE,TRUE,"AT","AUSTRIA"
88,"AT9JAEG",8,2010,"day",13.233,"AT9JAEG","AUSTRIA","Background","suburban",16.298903,48.271111,0,0,2800,0,0,0,0,2219.040039,2.0181999,141797,8.3307695,0,0,0,0,0,1.71583,5.5369802,483,10.4366999,3.7077899,38633,9124.839844,172.9900055,"AT9JAEG",16.2988891601149,48.2711181639101,"EEA AirBase v8 ArcGIS","station_european_code",1,1,FALSE,TRUE,"AT","AUSTRIA"
89,"AT9LIES",8,2010,"day",29.664,"AT9LIES","AUSTRIA","Traffic","suburban",16.296677,48.138058,0,0,0,0,1000,200,0,0,0.0087822,5195740,567.7529907,56272.80078,4.0773501,0,0,0,2.00425,5.5218501,213,10.4153004,1.85096,74704.70313,362713,13493.2002,"AT9LIES",16.2966918944047,48.1381225585701,"EEA AirBase v8 ArcGIS","station_european_code",1,1,FALSE,TRUE,"AT","AUSTRIA"
90,"AT9SCHA",8,2010,"day",19.486,"AT9SCHA","AUSTRIA","Background","suburban",16.303057,48.235832,0,0,0,300,400,2200,0,0,0.647113,1249320,120.7959976,506455,36.6960983,0,0,0,1.86221,5.5332298,312,10.4291,3.71562,51439.5,90107.79688,22272.5,"AT9SCHA",16.3031005861344,48.2359008788067,"EEA AirBase v8 ArcGIS","station_european_code",1,1,FALSE,TRUE,"AT","AUSTRIA"
91,"AT9STEF",8,2010,"day",29.793,"AT9STEF","AUSTRIA","Background","urban",16.373894,48.208889,0,0,0,0,200,2600,0,0,0,3240000,304.072998,619001,44.8507996,0,0,0,1.9970599,5.53441,185,10.5408001,0.936117,136816,144857,18596.40039,"AT9STEF",16.373901367236,48.2089233400171,"EEA AirBase v8 ArcGIS","station_european_code",1,1,FALSE,TRUE,"AT","AUSTRIA"
96,"BELHB23",8,2010,"day",32.517,"BELHB23","BELGIUM","Background","suburban",4.339736,51.170555,0,0,0,0,0,1500,0,0,0.504604,1193480,107.0910034,124931,9.5493803,0,0,0,1.99395,2.7781501,8,11.5134001,1.11182,104014,274535,8614.599609,"BELHB23",4.33972167998087,51.1704711916254,"EEA AirBase v8 ArcGIS","station_european_code",1,1,FALSE,TRUE,"BE","BELGIUM"
97,"BELLD01",8,2010,"day",27.631,"BELLD01","BELGIUM","Industrial","suburban",5.003578,51.110516,0,200,0,0,0,1600,0,0,1.31759,2939800,205.7610016,37614.60156,2.62446,0,0,0,2.0024199,4.6118798,18,11.5438995,4.3262,60727,226491,6738.540039,"BELLD01",5.00372314435397,51.1104736328077,"EEA AirBase v8 ArcGIS","station_european_code",1,1,FALSE,TRUE,"BE","BELGIUM"
98,"BELLD02",8,2010,"day",24.921,"BELLD02","BELGIUM","Background","suburban",5.020258,51.120922,0,1400,800,0,900,300,0,336.993988,1.3874201,3073430,208.7290039,4701.830078,0.328058,0,0,0,2.003,4.6248698,26,11.5374002,4.3260798,66644,231393,4326.450195,"BELLD02",5.02032470699881,51.1209106443976,"EEA AirBase v8 ArcGIS","station_european_code",1,1,FALSE,TRUE,"BE","BELGIUM"
99,"BELSZ01",8,2010,"day",31.064,"BELSZ01","BELGIUM","Traffic","suburban",4.502914,50.915119,0,0,0,0,0,400,0,0,0.331238,239987,23.1438007,0,0,0,99,0,2.00172,4.2632999,23,11.4329004,3.34817,157890,388270,8882.610352,"BELSZ01",4.50292968758609,50.9151000974014,"EEA AirBase v8 ArcGIS","station_european_code",1,1,FALSE,TRUE,"BE","BELGIUM"
100,"BELSZ02",8,2010,"day",27.7,"BELSZ02","BELGIUM","Background","suburban",4.510914,50.913564,0,600,0,300,200,1600,0,65.8143997,0.391942,203989,22.4204998,72323.39844,6.1230402,0,36,0,2.0041299,4.2708001,27,11.4364996,3.3480301,155399,375524,9533.5,"BELSZ02",4.51092529279105,50.9136962891843,"EEA AirBase v8 ArcGIS","station_european_code",1,1,FALSE,TRUE,"BE","BELGIUM"
101,"BETB004",8,2010,"day",42.905,"BETB004","BELGIUM","Traffic","urban",4.347322,50.851353,0,0,0,100,0,2200,0,0,0,5518610,479.4920044,1007700,91.6978989,0,0,0,1.9955601,4.3617201,20,11.3703003,3.3843501,215192,232374,15314.90039,"BETB004",4.34747314465117,50.8515014648747,"EEA AirBase v8 ArcGIS","station_european_code",1,1,FALSE,TRUE,"BE","BELGIUM"
102,"BETB005",8,2010,"day",40.492,"BETB005","BELGIUM","Traffic","urban",4.377467,50.840668,0,0,0,500,900,300,0,0,0,4323860,411.6000061,232546,21.1611004,0,0,15,1.99977,4.3987198,67,11.3590002,3.3876801,192769,130404,16157.2002,"BETB005",4.37750244119376,50.8406982424081,"EEA AirBase v8 ArcGIS","station_european_code",1,1,FALSE,TRUE,"BE","BELGIUM"
103,"BETB006",8,2010,"day",36.608,"BETB006","BELGIUM","Background","urban",4.373122,50.839172,0,0,0,200,1200,500,0,0,0,4409200,415.8429871,77515.39844,7.0536799,0,34,0,1.99977,4.3994799,69,11.3590002,3.3876801,200555,132365,15927.40039,"BETB006",4.3731079097733,50.8392944335539,"EEA AirBase v8 ArcGIS","station_european_code",1,1,FALSE,TRUE,"BE","BELGIUM"
104,"BETE007",8,2010,"day",25.233,"BETE007","BELGIUM","Industrial","rural",4.251367,50.795845,0,5500,0,0,0,1400,0,493.6080017,0.736083,204661,4.3394599,63282.89844,5.3576598,0,0,0,2.00401,4.4250202,50,11.3191004,0,52941.5,23531.5,6432.240234,"BETE007",4.25128173806376,50.7958984375192,"EEA AirBase v8 ArcGIS","station_european_code",1,1,FALSE,TRUE,"BE","BELGIUM"
105,"BETE008",8,2010,"day",28.51,"BETE008","BELGIUM","Industrial","suburban",4.394653,50.926643,0,3100,0,0,0,1900,0,296.1650085,0.42294,1382200,44.8409996,90404.20313,7.6538,0,68,0,1.99675,4.2116199,42,11.4412003,3.3394699,88754.79688,151974,12366.7002,"BETE008",4.39471435517526,50.9266967774449,"EEA AirBase v8 ArcGIS","station_european_code",1,1,FALSE,TRUE,"BE","BELGIUM"
106,"BETE009",8,2010,"day",25.273,"BETE009","BELGIUM","Industrial","rural",4.434147,50.95546,0,7700,200,0,0,100,0,921.401001,0.620285,1667910,122.2279968,0,0,0,0,0,2.0042801,4.1139398,11,11.4722996,3.33653,57301.39844,203940,2258.939941,"BETE009",4.43408203166003,50.9555053712482,"EEA AirBase v8 ArcGIS","station_european_code",1,1,FALSE,TRUE,"BE","BELGIUM"
107,"BETE013",8,2010,"day",32.464,"BETE013","BELGIUM","Industrial","urban",4.327119,50.812248,0,0,0,500,0,2200,0,0,0,5688820,395.3500061,852669,77.5904999,0,0,0,1.9787,4.4201798,58,11.3267002,1.13061,140139,276496,16578.30078,"BETE013",4.32708740192249,50.8123168944759,"EEA AirBase v8 ArcGIS","station_european_code",1,1,FALSE,TRUE,"BE","BELGIUM"
108,"BETE701",8,2010,"day",22.837,"BETE701","BELGIUM","Industrial","suburban",3.404508,50.833035,0,3500,0,0,0,1900,0,557.9160156,1.64856,213392,19.5011005,54516.89844,3.4904201,0,0,0,2.0043199,4.4914699,20,11.4194002,2.2291901,48270.19922,13726.7002,13132.5,"BETE701",3.40447998009438,50.8331298830704,"EEA AirBase v8 ArcGIS","station_european_code",1,1,FALSE,TRUE,"BE","BELGIUM"
109,"BETE702",8,2010,"day",19.206,"BETE702","BELGIUM","Industrial","rural",3.530497,50.814541,0,6000,0,0,0,1000,0,501.6430054,1.33601,0,0,22471,1.42019,0,0,0,2.0043199,4.4201798,14,11.4069996,0,34256.30078,0,4939.040039,"BETE702",3.53051757782338,50.8145141599162,"EEA AirBase v8 ArcGIS","station_european_code",1,1,FALSE,TRUE,"BE","BELGIUM"
110,"BETE703",8,2010,"day",21.95,"BETE703","BELGIUM","Industrial","rural",3.686044,51.190849,0,3100,0,0,0,2500,0,185.0010071,2.5285699,0,0,60301,3.7752399,0,0,0,2.0043199,4.2458801,9,11.4539003,1.1782399,23045.09961,0,6011.080078,"BETE703",3.68609619102564,51.190917968963,"EEA AirBase v8 ArcGIS","station_european_code",1,1,FALSE,TRUE,"BE","BELGIUM"
111,"BETE714",8,2010,"day",19.27,"BETE714","BELGIUM","Industrial","suburban",3.247383,51.279491,0,7300,0,0,300,100,0,981.4749756,2.7569599,173326,11.3584995,10418.40039,0.671787,0,0,0,2.0041599,3.8289599,2,11.4699001,3.9189,54810,36277.80078,880.6040039,"BETE714",3.24749755881782,51.2794799804806,"EEA AirBase v8 ArcGIS","station_european_code",1,1,FALSE,TRUE,"BE","BELGIUM"
112,"BETE715",8,2010,"day",19.719,"BETE715","BELGIUM","Industrial","rural",3.173747,51.246391,0,8100,0,0,0,0,0,1185.949951,2.6108201,505533,9.3540802,0,0,0,0,0,2.0042801,3.92676,1,11.4647999,4.0217199,39550.39844,51965.5,1263.479981,"BETE715",3.17388915977101,51.2465209961817,"EEA AirBase v8 ArcGIS","station_european_code",1,1,FALSE,TRUE,"BE","BELGIUM"
113,"BETE716",8,2010,"day",25.686,"BETE716","BELGIUM","Industrial","suburban",3.681564,51.06752,0,3200,200,0,300,1400,0,801.1459961,0.633199,1333400,65.8275986,61495.39844,4.2186599,0,0,0,2.0036099,3.90451,6,11.4439001,0,107440,120599,13400.5,"BETE716",3.68170166050351,51.0675048828636,"EEA AirBase v8 ArcGIS","station_european_code",1,1,FALSE,TRUE,"BE","BELGIUM"
114,"BETE804",8,2010,"day",32.142,"BETE804","BELGIUM","Background","suburban",4.30589,51.281993,0,300,800,0,700,0,0,543.0440063,0.25109,1967530,109.2289963,0,0,0,0,0,1.99154,2.7312,6,11.4998999,3.3371899,182492,459845,153.1490021,"BETE804",4.30590820335448,51.2821044924616,"EEA AirBase v8 ArcGIS","station_european_code",1,1,FALSE,TRUE,"BE","BELGIUM"
115,"BETE810",8,2010,"day",25.199,"BETE810","BELGIUM","Industrial","suburban",4.305889,51.281921,0,300,800,0,700,0,0,543.0440063,0.25109,1967530,109.2289963,0,0,0,0,0,1.99154,2.7312,6,11.4998999,3.3371899,182492,459845,153.1490021,"BETE810",4.30590820335448,51.28192138647,"EEA AirBase v8 ArcGIS","station_european_code",1,1,FALSE,TRUE,"BE","BELGIUM"
116,"BETE811",8,2010,"day",26.16,"BETE811","BELGIUM","Industrial","rural",5.416908,50.897484,0,3700,0,0,0,1400,0,615.6119995,0.701416,244800,23.4274006,36200.5,2.29317,0,0,0,2.0043199,4.8603001,57,11.3941002,4.3280401,64775.5,41180.19922,12290.2002,"BETE811",5.41687011684063,50.8975219726946,"EEA AirBase v8 ArcGIS","station_european_code",1,1,FALSE,TRUE,"BE","BELGIUM"
117,"BETE812",8,2010,"day",21.027,"BETE812","BELGIUM","Industrial","suburban",5.536439,50.968525,0,1300,100,0,0,1500,0,351.7780151,0.535424,46628.60156,5.0201502,30167.09961,1.91098,0,0,0,2.00296,4.8972402,78,11.4528999,0,73495.20313,16668.19922,11639.2998,"BETE812",5.53649902373825,50.9685058591721,"EEA AirBase v8 ArcGIS","station_european_code",1,1,FALSE,TRUE,"BE","BELGIUM"
118,"BETE813",8,2010,"day",40.577,"BETE813","BELGIUM","Industrial","suburban",5.144461,51.094273,0,0,500,0,0,2200,0,219.8609924,0.661989,623658,57.7318001,66367.60156,4.2041502,0,0,0,2.0032201,4.7042699,29,11.5235004,2.15661,44844.5,105892,9035.759766,"BETE813",5.14447021468591,51.0942993162659,"EEA AirBase v8 ArcGIS","station_european_code",1,1,FALSE,TRUE,"BE","BELGIUM"
119,"BETM702",8,2010,"day",26.562,"BETM702","BELGIUM","Industrial","rural",3.760883,51.166557,0,3200,0,0,0,0,0,934.6710205,1.14279,365452,15.9867001,0,0,0,58,0,1.99856,4.2439899,5,11.4596004,1.1523,167544,390231,3101.26001,"BETM702",3.76092529274575,51.1666870117488,"EEA AirBase v8 ArcGIS","station_european_code",1,1,FALSE,TRUE,"BE","BELGIUM"
120,"BETM802",8,2010,"day",43.98,"BETM802","BELGIUM","Industrial","urban",4.423125,51.261524,0,0,0,100,0,900,0,0,0.460951,773566,100.1819992,55525,4.2441702,0,100,0,2.00401,3.4216199,7,11.4846001,3.31336,167856,311793,6432.240234,"BETM802",4.4230957031089,51.2614746093059,"EEA AirBase v8 ArcGIS","station_european_code",1,1,FALSE,TRUE,"BE","BELGIUM"
121,"BETN012",8,2010,"day",18.668,"BETN012","BELGIUM","Background","rural",3.361292,51.2551,0,8000,0,0,0,0,0,1185.949951,2.6207199,173326,7.3496399,0,0,0,0,0,2.00422,4.08038,0,11.4538002,3.8889799,29584.90039,23531.5,1646.349976,"BETN012",3.3613281253224,51.2551269528873,"EEA AirBase v8 ArcGIS","station_european_code",1,1,FALSE,TRUE,"BE","BELGIUM"
122,"BETN016",8,2010,"day",22.735,"BETN016","BELGIUM","Background","rural",5.162686,51.234192,0,2900,300,0,200,400,0,463.3670044,1.5585901,512238,27.6986008,9403.660156,0.656115,0,0,0,2.0032101,4.7250199,30,11.4556999,2.1464801,44533.10156,77458,2833.25,"BETN016",5.16271972683803,51.2343139647506,"EEA AirBase v8 ArcGIS","station_european_code",1,1,FALSE,TRUE,"BE","BELGIUM"
123,"BETN027",8,2010,"day",21.932,"BETN027","BELGIUM","Background","rural",5.605355,51.134262,0,3600,0,0,0,2100,0,192.6380005,0.854029,859428,32.0513992,43777.89844,2.7393999,0,0,0,2.0033801,4.9196401,47,11.5023003,0,63218.39844,118638,10222.7002,"BETN027",5.60528564453065,51.1342773436338,"EEA AirBase v8 ArcGIS","station_european_code",1,1,FALSE,TRUE,"BE","BELGIUM"
124,"BETN040",8,2010,"day",21.607,"BETN040","BELGIUM","Background","rural",4.223933,50.768684,0,7000,0,0,0,0,0,888.4940186,0.917411,53997,2.1697299,0,0,0,0,0,2.00195,4.4683599,49,11.2946997,0,29273.5,5882.879883,2718.389893,"BETN040",4.22387695316704,50.7686767578718,"EEA AirBase v8 ArcGIS","station_european_code",1,1,FALSE,TRUE,"BE","BELGIUM"
125,"BETN043",8,2010,"day",44.323,"BETN043","BELGIUM","Industrial","suburban",4.381697,50.884106,0,0,0,0,800,0,100,0,0.0331814,3470470,328.855011,0,0,0,100,2,2.0006101,4.3231301,11,11.4139996,3.3785701,173150,260808,8691.179688,"BETN043",4.38171386721321,50.8840942384768,"EEA AirBase v8 ArcGIS","station_european_code",1,1,FALSE,TRUE,"BE","BELGIUM"
126,"BETN046",8,2010,"day",22.855,"BETN046","BELGIUM","Background","rural",5.617572,50.882847,0,3700,0,0,0,1500,0,792.7000122,1.08486,632707,15.2351999,36339.30078,2.2024701,0,0,0,1.99737,4.93681,71,11.3629999,0,30830.59961,38238.69922,8614.599609,"BETN046",5.61767578115607,50.882873535336,"EEA AirBase v8 ArcGIS","station_european_code",1,1,FALSE,TRUE,"BE","BELGIUM"
127,"BETN052",8,2010,"day",26.034,"BETN052","BELGIUM","Background","suburban",3.321258,50.815414,0,1800,0,0,0,2400,0,278.9580078,1.01055,3067500,154.7899933,81775.39844,5.23564,0,84,0,2.0041299,4.5663199,22,11.4258003,2.23001,91557.60156,167662,10299.2002,"BETN052",3.32128906236731,50.8154907226415,"EEA AirBase v8 ArcGIS","station_european_code",1,1,FALSE,TRUE,"BE","BELGIUM"
128,"BETN070",8,2010,"day",30.78,"BETN070","BELGIUM","Background","suburban",3.938467,50.465748,0,600,800,0,500,500,0,215.048996,0.234456,744781,50.1831017,11142.2002,0.692033,0,0,0,2.0014801,4.7711,32,11.2526999,3.41289,112423,115697,9916.370117,"BETN070",3.93847656215198,50.4658813473814,"EEA AirBase v8 ArcGIS","station_european_code",1,1,FALSE,TRUE,"BE","BELGIUM"
129,"BETN073",8,2010,"day",16.161,"BETN073","BELGIUM","Background","rural",4.987144,50.503277,0,4300,0,0,0,1200,0,242.0509949,0.606668,129178,4.4242902,37943.89844,2.4373701,0,0,0,1.94385,4.8738999,155,10.8135996,3.4295599,83149.29688,66672.70313,5666.5,"BETN073",4.98712158170909,50.503295898687,"EEA AirBase v8 ArcGIS","station_european_code",1,1,FALSE,TRUE,"BE","BELGIUM"
130,"BETN100",8,2010,"day",9.038,"BETN100","BELGIUM","Background","rural",4.593503,50.096249,0,2900,0,2600,0,0,0,25.0032997,0.412563,0,0,0,0,0,0,0,1.89992,5.0335102,228,10.3418999,1.14115,33010.60156,0,1454.910034,"BETN100",4.59350585918146,50.0963134768439,"EEA AirBase v8 ArcGIS","station_european_code",1,1,FALSE,TRUE,"BE","BELGIUM"
131,"BETN121",8,2010,"day",10.394,"BETN121","BELGIUM","Background","rural",5.201114,49.877705,0,7400,0,0,0,400,0,254.5209961,0.400598,0,0,8910.339844,0.545925,0,0,0,1.97821,5.15839,429,9.81215,1.12437,83772.10156,54906.89844,1914.359985,"BETN121",5.20111084028588,49.8776855470373,"EEA AirBase v8 ArcGIS","station_european_code",1,1,FALSE,TRUE,"BE","BELGIUM"
132,"BETR002",8,2010,"day",53.634,"BETR002","BELGIUM","Traffic","suburban",4.383452,50.825672,0,0,0,0,100,2700,0,0,0,4010950,297.0310059,930185,84.6442032,0,83,0,2.0000401,4.4264898,79,11.3411999,1.13004,190901,159818,19067,"BETR002",4.3834838869878,50.8256835935867,"EEA AirBase v8 ArcGIS","station_european_code",1,1,FALSE,TRUE,"BE","BELGIUM"
133,"BETR010",8,2010,"day",30.946,"BETR010","BELGIUM","Background","suburban",4.427158,50.86565,0,500,0,0,100,1900,0,131.6289978,0.096223,5557870,525.3449707,72323.39844,6.1230402,0,0,0,2.0021701,4.3605299,63,11.3803997,3.38484,131108,322578,10682.09961,"BETR010",4.42730712912836,50.8657226564644,"EEA AirBase v8 ArcGIS","station_european_code",1,1,FALSE,TRUE,"BE","BELGIUM"
134,"BETR012",8,2010,"day",27.606,"BETR012","BELGIUM","Background","suburban",4.357275,50.797178,0,0,0,0,1000,1500,0,0,0.38014,1365430,154.8800049,232546,21.1611004,0,0,0,1.98009,4.4573398,100,11.3067999,1.1312799,110866,65692.20313,19335,"BETR012",4.35729980476437,50.7973022461236,"EEA AirBase v8 ArcGIS","station_european_code",1,1,FALSE,TRUE,"BE","BELGIUM"
135,"BETR222",8,2010,"day",30.546,"BETR222","BELGIUM","Background","suburban",5.568928,50.613972,0,0,300,100,400,1500,0,53.149601,0.134558,2640300,85.5981979,63775.10156,4.0658002,0,0,0,1.87872,4.9800301,103,10.7686005,1.1348,115848,243159,11562.7002,"BETR222",5.56890869139205,50.6140747068049,"EEA AirBase v8 ArcGIS","station_european_code",1,1,FALSE,TRUE,"BE","BELGIUM"
136,"BETR240",8,2010,"day",23.846,"BETR240","BELGIUM","Industrial","suburban",5.396155,50.584167,0,600,500,500,0,1700,0,77.3096008,0.49561,1522420,64.1359024,22533,1.30862,0,0,0,1.81016,4.9419498,131,10.8253002,3.4029901,127682,207862,6317.379883,"BETR240",5.39630126960928,50.5842895507552,"EEA AirBase v8 ArcGIS","station_european_code",1,1,FALSE,TRUE,"BE","BELGIUM"
137,"BETR501",8,2010,"day",37.118,"BETR501","BELGIUM","Traffic","urban",4.450911,50.409874,0,0,0,500,700,900,0,0,0.0027442,3056250,137.0010071,16072.09961,0.996621,0,155,0,1.98808,4.8550801,126,10.8161001,2.3118999,112423,271593,14932,"BETR501",4.45092773394127,50.4099121095222,"EEA AirBase v8 ArcGIS","station_european_code",1,1,FALSE,TRUE,"BE","BELGIUM"
138,"BETR721",8,2010,"day",30.563,"BETR721","BELGIUM","Industrial","suburban",3.714869,51.089489,0,0,0,100,100,2400,0,0,0.179985,562993,25.3906994,122991,8.4373198,0,0,0,1.99962,3.9702599,8,11.448,0,192146,420626,10758.7002,"BETR721",3.71490478489494,51.0894775390164,"EEA AirBase v8 ArcGIS","station_european_code",1,1,FALSE,TRUE,"BE","BELGIUM"
139,"BETR740",8,2010,"day",28.892,"BETR740","BELGIUM","Industrial","rural",3.807481,51.150673,0,2400,700,0,100,400,0,1068.199951,1.23821,454345,18.8078995,0,0,24,0,0,2.0042,4.2017698,3,11.4633999,0,151973,405919,2335.52002,"BETR740",3.80749511679952,51.1506958009612,"EEA AirBase v8 ArcGIS","station_european_code",1,1,FALSE,TRUE,"BE","BELGIUM"
140,"BETR750",8,2010,"day",31.339,"BETR750","BELGIUM","Industrial","suburban",3.821664,51.196594,0,300,0,100,200,2100,0,0,1.2850699,2912640,110.3580017,46385.39844,2.9040301,0,0,0,2.0035601,4.19135,5,11.4661999,1.1732301,129682,223858,7121.410156,"BETR750",3.82171630833319,51.1967163088033,"EEA AirBase v8 ArcGIS","station_european_code",1,1,FALSE,TRUE,"BE","BELGIUM"
141,"BETR801",8,2010,"day",44.307,"BETR801","BELGIUM","Traffic","urban",4.430547,51.210197,0,0,0,0,200,2600,0,0,0,973783,107.0910034,152694,11.6715002,0,163,0,2.00387,3.4286699,6,11.4969997,3.3073599,157267,119619,19603,"BETR801",4.43048095697724,51.2103271487003,"EEA AirBase v8 ArcGIS","station_european_code",1,1,FALSE,TRUE,"BE","BELGIUM"
142,"BETR815",8,2010,"day",36.314,"BETR815","BELGIUM","Industrial","suburban",4.330936,51.215233,0,0,0,0,400,2500,0,0,0.810309,1744560,137.8549957,124931,9.5493803,0,0,0,2.0036299,3.2083199,6,11.5117998,3.33463,96851.79688,236296,13323.90039,"BETR815",4.33087158200629,51.215270995938,"EEA AirBase v8 ArcGIS","station_european_code",1,1,FALSE,TRUE,"BE","BELGIUM"
143,"BETR821",8,2010,"day",30.121,"BETR821","BELGIUM","Background","suburban",4.249047,51.216034,0,0,0,0,0,2900,0,0,1.03965,180778,12.6034002,90101.70313,5.9858899,0,0,0,2.0043199,3.74158,8,11.5222998,3.3408599,67889.70313,25492.5,18377.80078,"BETR821",4.24908447235351,51.2161254885557,"EEA AirBase v8 ArcGIS","station_european_code",1,1,FALSE,TRUE,"BE","BELGIUM"
144,"BETR822",8,2010,"day",40.32,"BETR822","BELGIUM","Industrial","urban",4.340008,51.26482,0,0,0,0,0,0,0,0,0,0,0,0,0,0,0,0,1.99701,3.1152201,4,11.5001001,3.33532,224223,601035,0,"BETR822",4.34008789078287,51.2648925778808,"EEA AirBase v8 ArcGIS","station_european_code",1,1,FALSE,TRUE,"BE","BELGIUM"
145,"BETR830",8,2010,"day",28.375,"BETR830","BELGIUM","Industrial","rural",4.261364,51.31876,0,3600,0,0,300,0,0,868.8709717,0.862607,1175050,109.2289963,0,0,0,0,0,1.965,2,11,11.4827003,3.3770001,80969.29688,230413,880.6040039,"BETR830",4.26147460897893,51.3189086914404,"EEA AirBase v8 ArcGIS","station_european_code",1,1,FALSE,TRUE,"BE","BELGIUM"
146,"BETR831",8,2010,"day",33.822,"BETR831","BELGIUM","Industrial","suburban",4.338439,51.349325,0,4200,0,0,0,1200,0,740.2230225,2.0083101,109209,15.5454998,97168.79688,7.42729,0,0,0,2.00421,3.6020601,2,11.4608002,3.3777001,80035.10156,50985,8078.580078,"BETR831",4.33850097640928,51.3493041991097,"EEA AirBase v8 ArcGIS","station_european_code",1,1,FALSE,TRUE,"BE","BELGIUM"
147,"BETR841",8,2010,"day",34.877,"BETR841","BELGIUM","Background","suburban",4.46805,51.003067,0,100,0,0,1000,800,0,0,0.480579,2714210,177.4369965,21903.69922,1.6952,0,0,3,2.0042901,3.9216199,5,11.5146999,3.3303599,113668,123541,9763.219727,"BETR841",4.46807861368742,51.0031127927006,"EEA AirBase v8 ArcGIS","station_european_code",1,1,FALSE,TRUE,"BE","BELGIUM"
148,"BETR891",8,2010,"day",39.848,"BETR891","BELGIUM","Industrial","suburban",4.384089,51.25634,0,0,0,0,0,0,0,0,0.032925,27302.30078,0,0,0,0,0,0,1.9975899,3.2484601,4,11.4934998,3.3234799,264707,715751,0,"BETR891",4.38409423832443,51.2562866208704,"EEA AirBase v8 ArcGIS","station_european_code",1,1,FALSE,TRUE,"BE","BELGIUM"
149,"BETR892",8,2010,"day",38.845,"BETR892","BELGIUM","Industrial","suburban",4.27762,51.263569,0,0,0,0,0,100,0,0,0.576936,1745310,114.737999,0,0,0,0,0,1.99484,2.6020601,6,11.5134001,3.3375001,150416,399056,2871.530029,"BETR892",4.27770996082184,51.2634887692614,"EEA AirBase v8 ArcGIS","station_european_code",1,1,FALSE,TRUE,"BE","BELGIUM"
150,"BETR893",8,2010,"day",38.032,"BETR893","BELGIUM","Industrial","suburban",4.384497,51.28191,0,0,1000,0,0,0,0,493.4819946,0.555336,819070,89.8183975,0,0,0,65,0,2.0008299,3.5797801,8,11.4843998,3.32424,241039,711829,268.0100098,"BETR893",4.38452148426009,51.28192138647,"EEA AirBase v8 ArcGIS","station_european_code",1,1,FALSE,TRUE,"BE","BELGIUM"
151,"BETR894",8,2010,"day",38.752,"BETR894","BELGIUM","Industrial","suburban",4.348225,51.284031,0,0,0,0,0,0,0,0,0.15365,982884,126.0910034,0,0,0,0,0,1.99383,3.11394,4,11.4904003,3.3351901,198686,619664,0,"BETR894",4.34832763652245,51.2841186523329,"EEA AirBase v8 ArcGIS","station_european_code",1,1,FALSE,TRUE,"BE","BELGIUM"
152,"BETR897",8,2010,"day",35.109,"BETR897","BELGIUM","Industrial","suburban",4.340834,51.250641,0,0,0,0,0,0,0,0,0.0592651,0,0,0,0,0,159,0,1.9965,2.1505201,2,11.5028,3.33513,225780,602015,0,"BETR897",4.3408813475205,51.2506713867052,"EEA AirBase v8 ArcGIS","station_european_code",1,1,FALSE,TRUE,"BE","BELGIUM"
153,"BETWOL1",8,2010,"day",39.288,"BETWOL1","BELGIUM","Traffic","suburban",4.424436,50.857121,0,0,0,300,700,600,0,0,0.0278275,4217580,377.5069885,0,0,4,0,0,2.00211,4.37925,79,11.3696003,3.3859601,151350,236296,14702.2998,"BETWOL1",4.42449951208149,50.8571166994807,"EEA AirBase v8 ArcGIS","station_european_code",1,1,FALSE,TRUE,"BE","BELGIUM"
154,"BG0013A",8,2010,"day",19.804,"BG0013A","BULGARIA","Background","suburban",27.561121,43.220001,0,100,0,0,0,2900,0,0,0.156342,899856,3.5980899,86539.60156,0.881667,0,0,0,1.84894,4.4509201,96,11.5896997,0.890059,20846.09961,51634.60156,1463.75,"BG0013A",27.5872802733442,43.2230834960934,"EEA AirBase v8 ArcGIS","station_european_code",1,1,FALSE,TRUE,"BG","BULGARIA"
155,"BG0019A",8,2010,"day",35.852,"BG0019A","BULGARIA","Background","urban",24.631681,43.411667,0,0,0,0,100,2200,0,0,0.0561606,1414450,6.8129702,25390.5,0.230931,0,154,21,1.95688,5.3991098,138,11.7110004,1.3643,58678,176270,2339.129883,"BG0019A",24.6151123048936,43.4119262696101,"EEA AirBase v8 ArcGIS","station_european_code",1,1,FALSE,TRUE,"BG","BULGARIA"
156,"BG0026A",8,2010,"day",8.761,"BG0026A","BULGARIA","Background","urban",25.913343,42.154446,0,0,0,0,1300,0,0,0,0.0668545,3950320,31.0093994,0,0,0,0,0,1.99903,5.1195898,113,12.5586004,0.678517,51420.5,233839,315.7109985,"BG0026A",25.8754882812853,42.1464843746831,"EEA AirBase v8 ArcGIS","station_european_code",1,1,FALSE,TRUE,"BG","BULGARIA"
157,"BG0045A",8,2010,"day",20.658,"BG0045A","BULGARIA","Background","suburban",25.976954,43.856941,0,0,0,100,500,1300,0,0,0.0214386,5524340,12.0855999,31405.80078,0.295292,0,77,0,1.98762,5.2343102,46,11.9849005,0.761718,53556.10156,184304,1690.439941,"BG0045A",25.9641113277051,43.8515014645407,"EEA AirBase v8 ArcGIS","station_european_code",1,1,FALSE,TRUE,"BG","BULGARIA"
158,"BG0050A",8,2010,"day",38.287,"BG0050A","BULGARIA","Background","suburban",23.282791,42.673889,0,0,0,100,200,2400,0,0,0.0048182,11887200,41.0987015,497461,7.2375102,0,12,0,1.9170001,5.3280501,592,8.9997301,1.2148,49567.5,128196,3236.030029,"BG0050A",23.2968750002287,42.6804809570008,"EEA AirBase v8 ArcGIS","station_european_code",1,1,FALSE,TRUE,"BG","BULGARIA"
159,"BG0052A",8,2010,"day",28.163,"BG0052A","BULGARIA","Background","suburban",23.382515,42.673336,0,0,0,0,900,0,0,0,0.0323104,22439300,100.1119995,0,0,0,0,0,1.94326,5.3209801,544,9.0593204,1.1966799,60067.80078,272417,1255.670044,"BG0052A",23.4000854489841,42.6665039060067,"EEA AirBase v8 ArcGIS","station_european_code",1,1,FALSE,TRUE,"BG","BULGARIA"
160,"BG0054A",8,2010,"day",48.553,"BG0054A","BULGARIA","Traffic","urban",23.338058,42.690834,0,0,0,600,0,1400,0,0,0,9862960,32.1413002,348223,5.0662599,0,36,29,1.95909,5.3276701,545,8.9815502,1.21374,95892.20313,82496.60156,2439.580078,"BG0054A",23.3361206055478,42.6904907223581,"EEA AirBase v8 ArcGIS","station_european_code",1,1,FALSE,TRUE,"BG","BULGARIA"
161,"BG0055A",8,2010,"day",21.751,"BG0055A","BULGARIA","Traffic","urban",25.632236,42.424446,0,0,0,100,100,2300,0,0,0.0106036,12357400,47.7543983,43377.19922,0.359916,0,0,0,1.98445,5.17451,201,11.4920998,1.83919,51574.89844,265295,2597.439941,"BG0055A",25.6375122070936,42.4324951174916,"EEA AirBase v8 ArcGIS","station_european_code",1,1,FALSE,TRUE,"BG","BULGARIA"
162,"BG0056A",8,2010,"day",17.087,"BG0056A","BULGARIA","Background","suburban",27.389729,42.466946,0,7500,0,0,0,0,0,1261.170044,0.115194,530052,0.48506,0,0,0,0,0,1.9328099,3.6658101,81,12.5657997,0.858821,14360.7002,23740,602.7199707,"BG0056A",27.4210815432911,42.4567260742811,"EEA AirBase v8 ArcGIS","station_european_code",1,1,FALSE,TRUE,"BG","BULGARIA"
163,"BG0073A",8,2010,"day",36.804,"BG0073A","BULGARIA","Traffic","urban",23.153889,42.395836,0,2300,2000,0,0,0,0,689.309021,0.108398,0,0,0,0,0,0,0,1.73376,5.2713399,914,8.7496595,0.565456,0,0,703.1740112,"BG0073A",23.268493652295,42.6699218748348,"EEA AirBase v8 ArcGIS","station_european_code",1,1,FALSE,TRUE,"BG","BULGARIA"
164,"BG0074A",8,2010,"day",28.163,"BG0074A","BULGARIA","Background","urban",27.541691,43.125858,0,7800,0,0,0,0,0,3202.959961,0.195867,0,0,0,0,0,0,0,2.00177,4.4724898,78,11.7289,0.878497,8029.620117,0,717.5239868,"BG0074A",27.9044799806765,43.2028808593116,"EEA AirBase v8 ArcGIS","station_european_code",1,1,FALSE,TRUE,"BG","BULGARIA"
185,"CZ0ABRA",8,2010,"day",33.417,"CZ0ABRA","CZECH REPUBLIC","Traffic","urban",14.411824,50.042,0,0,0,1200,0,900,0,0,1.01044,2768370,75.768898,147922,5.45434,0,175,0,1.85563,5.6340098,209,9.8321695,0.864503,48286.5,73392.70313,13232,"CZ0ABRA",14.411926269761,50.0421142580012,"EEA AirBase v8 ArcGIS","station_european_code",1,1,FALSE,TRUE,"CZ","CZECH REPUBLIC"
186,"CZ0AKAL",8,2010,"day",39.908,"CZ0AKAL","CZECH REPUBLIC","Traffic","urban",14.44205,50.094238,0,0,0,600,500,500,0,0,0,6165910,161.8699951,0,0,0,22,9,1.96101,5.6280699,188,9.9211702,0.856448,59123.80078,213581,13095.5,"CZ0AKAL",14.4420776365709,50.0942993161238,"EEA AirBase v8 ArcGIS","station_european_code",1,1,FALSE,TRUE,"CZ","CZECH REPUBLIC"
187,"CZ0AMLY",8,2010,"day",37.863,"CZ0AMLY","CZECH REPUBLIC","Traffic","urban",14.383689,50.071617,0,0,0,500,100,2300,0,0,0.171991,2876230,49.9385986,542382,19.9993,0,56,7,1.84887,5.63063,236,9.8723202,0.864347,56113.39844,85762.29688,17688.09961,"CZ0AMLY",14.3837280272284,50.07171630881,"EEA AirBase v8 ArcGIS","station_european_code",1,1,FALSE,TRUE,"CZ","CZECH REPUBLIC"
188,"CZ0ASMI",8,2010,"day",44.786,"CZ0ASMI","CZECH REPUBLIC","Traffic","urban",14.398142,50.073135,0,0,0,600,300,1100,0,0,0.0358314,3343610,68.0197983,197230,7.27246,32,18,0,1.8866,5.6304898,213,9.8866596,0.861661,60328,94833.29688,15869.2998,"CZ0ASMI",14.3980712890293,50.073120116997,"EEA AirBase v8 ArcGIS","station_european_code",1,1,FALSE,TRUE,"CZ","CZECH REPUBLIC"
189,"CZ0ASUC",8,2010,"day",25.359,"CZ0ASUC","CZECH REPUBLIC","Background","suburban",14.384639,50.126526,0,0,0,300,400,1900,0,0,2.8692801,2444790,78.3518982,394460,14.5448999,0,26,0,1.85027,5.6243801,271,9.97892,0.850694,27454.59961,95657.89844,13686.7002,"CZ0ASUC",14.3847045902653,50.1265258790435,"EEA AirBase v8 ArcGIS","station_european_code",1,1,FALSE,TRUE,"CZ","CZECH REPUBLIC"
190,"CZ0AVYN",8,2010,"day",43.075,"CZ0AVYN","CZECH REPUBLIC","Traffic","urban",14.503098,50.111084,0,0,0,400,300,1100,0,0,0.444309,6884970,251.4149933,246537,9.09058,0,237,0,1.9349999,5.6262698,212,9.9680099,0.85265,50815.19922,267182,7820.950195,"CZ0AVYN",14.503112792693,50.1110839844119,"EEA AirBase v8 ArcGIS","station_european_code",1,1,FALSE,TRUE,"CZ","CZECH REPUBLIC"
191,"CZ0BMIS",8,2010,"day",12.622,"CZ0BMIS","CZECH REPUBLIC","Background","rural",16.724497,48.791767,0,8100,0,0,0,0,0,737.3540039,0.706941,0,0,0,0,0,0,0,1.98087,5.6123099,241,10.2987003,0.889684,10957.7998,0,0,"CZ0BMIS",16.7244873043607,48.7916870118704,"EEA AirBase v8 ArcGIS","station_european_code",1,1,FALSE,TRUE,"CZ","CZECH REPUBLIC"
192,"CZ0BZNO",8,2010,"day",18.018,"CZ0BZNO","CZECH REPUBLIC","Traffic","suburban",16.060127,48.842957,0,1600,0,0,100,2100,0,101.7040024,0.435688,2496620,53.4939003,84256.10156,2.0075099,0,0,0,1.98175,5.5887899,224,9.8184004,0.88487,23119.69922,108852,10185.40039,"CZ0BZNO",16.0601196291856,48.8430786132489,"EEA AirBase v8 ArcGIS","station_european_code",1,1,FALSE,TRUE,"CZ","CZECH REPUBLIC"
193,"CZ0CCHU",8,2010,"day",13.489,"CZ0CCHU","CZECH REPUBLIC","Background","rural",13.6148,49.068436,0,2000,2300,0,0,0,0,585.1370239,0.527319,0,0,0,0,0,0,0,1.8273,5.56073,1116,7.3099198,2.3717999,7104.490234,0,500.177002,"CZ0CCHU",13.6149291988279,49.0684814450404,"EEA AirBase v8 ArcGIS","station_european_code",1,1,FALSE,TRUE,"CZ","CZECH REPUBLIC"
194,"CZ0CHVO",8,2010,"day",6.848,"CZ0CHVO","CZECH REPUBLIC","Background","rural",14.723383,48.7242,0,4500,400,0,0,200,0,544.78302,0.529194,0,0,5388.370117,0.122445,0,0,0,1.8103,5.5282202,818,8.0802002,2.52858,6743.25,0,682.0599976,"CZ0CHVO",14.7235107421012,48.7243041991363,"EEA AirBase v8 ArcGIS","station_european_code",1,1,FALSE,TRUE,"CZ","CZECH REPUBLIC"
195,"CZ0EPAO",8,2010,"day",19.161,"CZ0EPAO","CZECH REPUBLIC","Background","suburban",15.739414,50.042198,0,2700,0,200,0,1300,0,238.7250061,0.284375,6608540,63.050499,45110.30078,1.05029,0,0,0,2.0042601,5.6442699,215,9.7473297,2.56933,13366.09961,216055,7093.419922,"CZ0EPAO",15.7395019534699,50.0422973633954,"EEA AirBase v8 ArcGIS","station_european_code",1,1,FALSE,TRUE,"CZ","CZECH REPUBLIC"
196,"CZ0HKRY",8,2010,"day",13.658,"CZ0HKRY","CZECH REPUBLIC","Background","rural",15.85009,50.66044,0,300,2600,0,0,0,0,615.4320068,0.77176,0,0,0,0,0,0,0,1.7376,5.5748701,998,7.3945198,0.868173,0,0,0,"CZ0HKRY",15.8500976560936,50.6605224607605,"EEA AirBase v8 ArcGIS","station_european_code",1,1,FALSE,TRUE,"CZ","CZECH REPUBLIC"
197,"CZ0HSER",8,2010,"day",6.235,"CZ0HSER","CZECH REPUBLIC","Background","rural",16.383461,50.328011,0,1400,2500,0,0,0,0,841.3189697,0.629086,0,0,0,0,0,0,0,1.7205499,5.6252899,1012,7.7669101,0.865067,15958,0,129.2720032,"CZ0HSER",16.3834838868146,50.3281249997998,"EEA AirBase v8 ArcGIS","station_european_code",1,1,FALSE,TRUE,"CZ","CZECH REPUBLIC"
198,"CZ0HTRM",8,2010,"day",11.385,"CZ0HTRM","CZECH REPUBLIC","Background","urban",15.893956,50.581815,0,2500,0,0,0,2300,0,127.3310013,0.615819,977936,22.9356995,69693.10156,1.5210299,0,0,0,1.86619,5.5853601,437,7.8926001,0,7586.149902,36284,5456.479981,"CZ0HTRM",15.8941040036352,50.5819091798842,"EEA AirBase v8 ArcGIS","station_european_code",1,1,FALSE,TRUE,"CZ","CZECH REPUBLIC"
199,"CZ0LJNM",8,2010,"day",21.214,"CZ0LJNM","CZECH REPUBLIC","Background","urban",15.162155,50.727364,0,0,0,0,300,2200,0,0,0.135377,2658760,53.1460991,58498.30078,1.27707,0,0,0,1.87075,5.5545101,510,8.1367598,0.864096,28658.80078,101430,18006.40039,"CZ0LJNM",15.1622924806083,50.7274780275302,"EEA AirBase v8 ArcGIS","station_european_code",1,1,FALSE,TRUE,"CZ","CZECH REPUBLIC"
200,"CZ0LSOU",8,2010,"day",6.5,"CZ0LSOU","CZECH REPUBLIC","Background","rural",15.319683,50.789642,0,700,1400,0,100,0,0,259.2080078,0.411092,81556.89844,2.4834599,0,0,0,108,0,1.79146,5.5483899,770,7.5646801,0.863661,9151.549805,1649.27002,545.6480103,"CZ0LSOU",15.3197021487188,50.7896728514301,"EEA AirBase v8 ArcGIS","station_european_code",1,1,FALSE,TRUE,"CZ","CZECH REPUBLIC"
201,"CZ0MJES",8,2010,"day",8.885,"CZ0MJES","CZECH REPUBLIC","Background","rural",17.19018,50.242237,0,2200,800,100,400,100,0,598.8779907,0.491588,1602120,23.0280991,5619.439941,0.131112,0,0,0,1.6357599,5.6546502,611,7.2397299,2.5966301,11078.2002,75866.60156,1909.77002,"CZ0MJES",17.1903076169625,50.2423095705104,"EEA AirBase v8 ArcGIS","station_european_code",1,1,FALSE,TRUE,"CZ","CZECH REPUBLIC"
202,"CZ0MPRR",8,2010,"day",25.054,"CZ0MPRR","CZECH REPUBLIC","Background","urban",17.454159,49.451656,0,0,0,0,0,2800,0,0,0.193514,2723600,25.5517006,67433.29688,1.57335,0,0,3,2.0039001,5.6993299,212,9.1178398,3.4697299,33355,150909,20507.30078,"CZ0MPRR",17.4542846679766,49.4517211915594,"EEA AirBase v8 ArcGIS","station_european_code",1,1,FALSE,TRUE,"CZ","CZECH REPUBLIC"
203,"CZ0PPLE",8,2010,"day",25.1,"CZ0PPLE","CZECH REPUBLIC","Traffic","urban",13.381039,49.74733,0,0,0,500,500,1000,0,0,0.0775027,7425900,86.7811966,17800.80078,0.397208,0,30,0,1.99756,5.6427398,306,9.2490902,2.64765,50935.60156,268007,13641.2002,"CZ0PPLE",13.3811035155221,49.7473144531839,"EEA AirBase v8 ArcGIS","station_european_code",1,1,FALSE,TRUE,"CZ","CZECH REPUBLIC"
204,"CZ0PPLS",8,2010,"day",6.294,"CZ0PPLS","CZECH REPUBLIC","Background","suburban",13.320747,49.745995,0,3800,0,0,100,1500,0,259.6679993,0.272342,4769480,49.1363983,47468.89844,1.05922,0,0,0,1.99093,5.6426902,341,9.3019896,2.6514599,28899.59961,163278,8184.720215,"CZ0PPLS",13.3206787107366,49.7460937498647,"EEA AirBase v8 ArcGIS","station_european_code",1,1,FALSE,TRUE,"CZ","CZECH REPUBLIC"
205,"CZ0PPRM",8,2010,"day",10.923,"CZ0PPRM","CZECH REPUBLIC","Background","rural",12.677884,49.669584,0,4500,1700,0,0,0,0,627.5319824,0.528664,0,0,0,0,0,0,0,1.8540699,5.6387,738,8.6444397,1.80463,16978.5,0,1636.939941,"CZ0PPRM",12.6779174800652,49.6696777344935,"EEA AirBase v8 ArcGIS","station_european_code",1,1,FALSE,TRUE,"CZ","CZECH REPUBLIC"
206,"CZ0SBER",8,2010,"day",35.628,"CZ0SBER","CZECH REPUBLIC","Traffic","urban",14.0583,49.957928,0,900,0,100,400,1700,0,19.7907009,0.338839,2964450,37.7229004,43505.5,0.988405,0,89,0,1.84003,5.6437802,231,9.3592901,1.75343,33957.10156,145136,12186.09961,"CZ0SBER",14.0582885741565,49.9578857423756,"EEA AirBase v8 ArcGIS","station_european_code",1,1,FALSE,TRUE,"CZ","CZECH REPUBLIC"
207,"CZ0SONR",8,2010,"day",11.237,"CZ0SONR","CZECH REPUBLIC","Background","rural",14.782625,49.913512,0,1200,2200,0,0,100,0,554.1380005,0.621941,247037,4.0417399,5438.189941,0.123551,0,0,0,1.86617,5.6491399,515,9.5887299,2.5965199,19266.40039,8246.370117,3637.649902,"CZ0SONR",14.7827148433151,49.9135131835801,"EEA AirBase v8 ArcGIS","station_european_code",1,1,FALSE,TRUE,"CZ","CZECH REPUBLIC"
208,"CZ0TBOM",8,2010,"day",28.485,"CZ0TBOM","CZECH REPUBLIC","Background","suburban",18.347363,49.90414,0,1300,0,100,300,1800,0,113.2519989,0.24917,3617920,75.4701996,61451.10156,1.3946,0,80,0,2.00144,5.6956601,199,9.3341103,0.904014,36485.80078,216055,9366.959961,"CZ0TBOM",18.3474731445988,49.9041137695242,"EEA AirBase v8 ArcGIS","station_european_code",1,1,FALSE,TRUE,"CZ","CZECH REPUBLIC"
209,"CZ0TCTN",8,2010,"day",27.228,"CZ0TCTN","CZECH REPUBLIC","Background","urban",18.609726,49.748959,0,600,0,300,100,2200,0,0,0.208023,3066850,54.3111,92176.60156,2.0918901,0,0,0,1.9860801,5.70963,283,8.7157202,1.7133501,40270.39844,93582.79688,16127.09961,"CZ0TCTN",18.6096801758383,49.7490844725314,"EEA AirBase v8 ArcGIS","station_european_code",1,1,FALSE,TRUE,"CZ","CZECH REPUBLIC"
210,"CZ0TFMI",8,2010,"day",23.904,"CZ0TFMI","CZECH REPUBLIC","Background","suburban",18.351072,49.671791,0,100,0,900,200,1600,0,0,0.19163,2891640,62.0429001,46088.30078,1.0459501,0,0,0,2.0004101,5.71768,294,8.6336403,1.7515399,34920.39844,141013,15732.7998,"CZ0TFMI",18.3510742183833,49.6718749999245,"EEA AirBase v8 ArcGIS","station_european_code",1,1,FALSE,TRUE,"CZ","CZECH REPUBLIC"
211,"CZ0TKAR",8,2010,"day",27.042,"CZ0TKAR","CZECH REPUBLIC","Background","urban",18.551453,49.863796,0,0,0,400,900,700,0,0,0.171065,3029520,64.8209991,23044.19922,0.522973,0,0,0,2.00212,5.6988301,246,9.1451302,0.883763,25889.19922,131899,16642.30078,"CZ0TKAR",18.5515136718967,49.8638916016736,"EEA AirBase v8 ArcGIS","station_european_code",1,1,FALSE,TRUE,"CZ","CZECH REPUBLIC"
212,"CZ0TOPR",8,2010,"day",30.902,"CZ0TOPR","CZECH REPUBLIC","Industrial","urban",18.269741,49.856258,0,0,0,0,700,1200,0,0,0.125869,6442310,142.1430054,46088.30078,1.0459501,0,0,0,1.97085,5.7007298,206,9.342,3.5969601,43229,318310,6138.540039,"CZ0TOPR",18.2697143555645,49.8563232424422,"EEA AirBase v8 ArcGIS","station_european_code",1,1,FALSE,TRUE,"CZ","CZECH REPUBLIC"
213,"CZ0TOZR",8,2010,"day",28.319,"CZ0TOZR","CZECH REPUBLIC","Background","urban",18.247181,49.796043,0,0,0,700,0,1300,0,0,0.0426414,2824400,60.6539001,38406.89844,0.871622,0,0,0,2.00244,5.7065501,234,9.2143898,3.5520599,41543.19922,164927,18051.80078,"CZ0TOZR",18.2473144534249,49.7960815429968,"EEA AirBase v8 ArcGIS","station_european_code",1,1,FALSE,TRUE,"CZ","CZECH REPUBLIC"
214,"CZ0TSTD",8,2010,"day",19.164,"CZ0TSTD","CZECH REPUBLIC","Background","rural",18.089306,49.720936,0,5400,100,0,0,400,0,566.2609863,0.488578,336238,7.4081101,15362.7998,0.348649,0,0,0,2.0016699,5.71451,228,8.9654999,1.78863,6984.080078,23914.5,4274.240234,"CZ0TSTD",18.0892944339778,49.7208862303438,"EEA AirBase v8 ArcGIS","station_european_code",1,1,FALSE,TRUE,"CZ","CZECH REPUBLIC"
215,"CZ0UDCM",8,2010,"day",24.427,"CZ0UDCM","CZECH REPUBLIC","Background","urban",14.218794,50.774147,0,0,0,0,600,1200,0,0,0.194684,3261930,54.5411987,49100,1.08658,0,0,0,1.74992,5.5430598,133,9.1780396,2.6059301,34438.69922,152558,11322.2002,"CZ0UDCM",14.2188720701159,50.7742919922188,"EEA AirBase v8 ArcGIS","station_european_code",1,1,FALSE,TRUE,"CZ","CZECH REPUBLIC"
216,"CZ0ULTT",8,2010,"day",19.542,"CZ0ULTT","CZECH REPUBLIC","Background","urban",14.119409,50.540897,0,100,0,0,0,2600,0,0,0.242347,2641700,27.7408009,91185.70313,2.01793,0,0,0,1.9084001,5.57443,185,9.7673998,1.63684,32632.5,94008.60156,14414.2002,"CZ0ULTT",14.1195068356796,50.5408935549119,"EEA AirBase v8 ArcGIS","station_european_code",1,1,FALSE,TRUE,"CZ","CZECH REPUBLIC"
217,"CZ0UMED",8,2010,"day",12.345,"CZ0UMED","CZECH REPUBLIC","Background","rural",13.130142,50.427589,0,4100,1100,0,0,0,0,497.1480103,0.457929,0,0,0,0,0,84,0,1.78861,5.59796,827,7.8758001,2.74582,14209,0,136.4120026,"CZ0UMED",13.1301269533683,50.4276733396974,"EEA AirBase v8 ArcGIS","station_european_code",1,1,FALSE,TRUE,"CZ","CZECH REPUBLIC"
218,"CZ0UMOM",8,2010,"day",24.472,"CZ0UMOM","CZECH REPUBLIC","Background","urban",13.645272,50.510365,0,0,0,0,0,2900,0,0,0.148121,206742,3.7614601,91185.70313,2.01793,0,0,0,1.93085,5.5812802,240,9.27176,0.839774,39255.30078,53601.39844,18506.59961,"CZ0UMOM",13.6453247070708,50.5104980467193,"EEA AirBase v8 ArcGIS","station_european_code",1,1,FALSE,TRUE,"CZ","CZECH REPUBLIC"
219,"CZ0URVH",8,2010,"day",12.859,"CZ0URVH","CZECH REPUBLIC","Background","rural",13.419506,50.579834,0,6100,100,0,0,0,0,497.1480103,0.460862,0,0,0,0,0,0,0,1.93758,5.5750999,842,8.4898796,2.6085999,7706.569824,0,0,"CZ0URVH",13.4194946289699,50.5798950196187,"EEA AirBase v8 ArcGIS","station_european_code",1,1,FALSE,TRUE,"CZ","CZECH REPUBLIC"
220,"CZ0UTUS",8,2010,"day",15.879,"CZ0UTUS","CZECH REPUBLIC","Background","rural",13.327622,50.376587,0,2800,0,0,1200,0,0,102.8580017,0.264345,6087400,90.2751007,0,0,0,68,0,1.96864,5.6013098,322,8.7837095,3.5318301,27093.40039,349646,545.6480103,"CZ0UTUS",13.3276977538029,50.3767089841741,"EEA AirBase v8 ArcGIS","station_european_code",1,1,FALSE,TRUE,"CZ","CZECH REPUBLIC"
221,"CZ0UULM",8,2010,"day",28.969,"CZ0UULM","CZECH REPUBLIC","Background","urban",14.043064,50.661095,0,200,0,300,0,1900,0,0,0.0934924,6684650,75.699501,70142.79688,1.55225,0,0,0,1.7573299,5.5589499,148,9.2477503,0.846566,52260.19922,183069,12413.5,"CZ0UULM",14.0430908204843,50.6610717773263,"EEA AirBase v8 ArcGIS","station_european_code",1,1,FALSE,TRUE,"CZ","CZECH REPUBLIC"
222,"CZ0ZZLN",8,2010,"day",18.418,"CZ0ZZLN","CZECH REPUBLIC","Background","suburban",17.667175,49.232903,0,0,0,800,100,1900,0,0,0.173331,3505850,80.1057968,35532.80078,0.755497,0,0,0,1.82953,5.6909099,241,9.0432301,1.71456,27936.30078,129468,16551.30078,"CZ0ZZLN",17.6672973635165,49.2329101560228,"EEA AirBase v8 ArcGIS","station_european_code",1,1,FALSE,TRUE,"CZ","CZECH REPUBLIC"
223,"DEBB007",8,2010,"day",17.259,"DEBB007","GERMANY","Background","suburban",13.526797,51.462734,0,200,0,0,0,2800,0,0,0.29904,1200990,52.4313011,43813.5,1.95663,0,0,0,2.0027001,5.44383,92,10.7981997,2.73734,21654.19922,108464,12488,"DEBB007",13.5269165037448,51.4627075194177,"EEA AirBase v8 ArcGIS","station_european_code;station_local_code",2,1,FALSE,TRUE,"DE","GERMANY"
224,"DEBB021",8,2010,"day",20.329,"DEBB021","GERMANY","Background","urban",13.059945,52.401352,0,0,0,300,500,2000,0,0,0.0190817,365099,48.5488014,239371,10.5955,0,38,0,1.99433,5.27174,31,10.6506996,1.8015,54583,129701,9793.830078,"DEBB021",13.0598754884697,52.4014892578143,"EEA AirBase v8 ArcGIS","station_european_code;station_local_code",2,1,FALSE,TRUE,"DE","GERMANY"
225,"DEBB029",8,2010,"day",11.822,"DEBB029","GERMANY","Industrial","suburban",14.285139,53.064262,0,300,0,0,0,2900,0,0,0.243762,754884,56.0555,56528.5,2.4362199,0,0,0,2.0023799,4.9745402,4,10.0250998,0.936075,36150.10156,93293.89844,15109.40039,"DEBB029",14.2852783206954,53.0642700192769,"EEA AirBase v8 ArcGIS","station_european_code;station_local_code",2,1,FALSE,TRUE,"DE","GERMANY"
226,"DEBB032",8,2010,"day",14.032,"DEBB032","GERMANY","Industrial","suburban",14.638166,52.146267,0,0,0,100,200,700,0,0,0.0916535,499742,56.3709984,25428.09961,1.0893101,0,72,0,2.0024099,5.2951198,42,10.6452999,0,38655.5,250301,9429.75,"DEBB032",14.6383056640649,52.1463012697896,"EEA AirBase v8 ArcGIS","station_european_code;station_local_code",2,1,FALSE,TRUE,"DE","GERMANY"
227,"DEBB042",8,2010,"day",16.25,"DEBB042","GERMANY","Background","suburban",14.531917,52.339951,0,0,0,600,500,1000,0,0,0.0167625,2478010,64.563797,83188.89844,3.40575,0,0,0,1.995,5.2434802,56,10.5614996,3.66751,49726.10156,163833,15364.2998,"DEBB042",14.5319213865623,52.3400878905907,"EEA AirBase v8 ArcGIS","station_european_code;station_local_code",2,1,FALSE,TRUE,"DE","GERMANY"
228,"DEBB044",8,2010,"day",40.026,"DEBB044","GERMANY","Traffic","urban",14.327997,51.756475,0,0,0,0,0,2900,0,0,0.015158,40753.30078,39.5391006,195232,7.64537,0,117,0,2.0041399,5.3797302,75,10.7612,0.907748,57088.5,103913,20352.19922,"DEBB044",14.328124999799,51.7565307617423,"EEA AirBase v8 ArcGIS","station_european_code;station_local_code",2,1,FALSE,TRUE,"DE","GERMANY"
229,"DEBB048",8,2010,"day",14.883,"DEBB048","GERMANY","Background","suburban",12.809481,52.931889,0,0,0,0,0,2900,0,0,0.109204,455145,13.9998999,57292.39844,2.3421099,0,0,1,1.9998,5.1325798,44,10.2130003,0.923576,57804.30078,166867,12815.7002,"DEBB048",12.8095092776526,52.9318847655724,"EEA AirBase v8 ArcGIS","station_european_code;station_local_code",2,1,FALSE,TRUE,"DE","GERMANY"
230,"DEBB050",8,2010,"day",19.614,"DEBB050","GERMANY","Background","suburban",13.583772,52.684196,0,200,0,400,500,1500,0,0,0.2424,540968,16.2731991,27320.90039,1.22088,0,65,0,2.00419,5.1605501,74,10.2874002,2.7700601,41876.80078,125150,10922.5,"DEBB050",13.5839233401468,52.6843261716366,"EEA AirBase v8 ArcGIS","station_european_code;station_local_code",2,1,FALSE,TRUE,"DE","GERMANY"
231,"DEBB083",8,2010,"day",15.247,"DEBB083","GERMANY","Background","suburban",14.3764,51.564503,0,1300,200,0,0,2600,0,31.8138008,0.222049,410377,46.2826004,34181.60156,1.57359,0,43,0,1.99201,5.41676,101,10.6738005,0.923061,28812.69922,34131.89844,16056.09961,"DEBB083",14.376525878761,51.5645141604353,"EEA AirBase v8 ArcGIS","station_european_code;station_local_code",2,1,FALSE,TRUE,"DE","GERMANY"
232,"DEBB084",8,2010,"day",11.238,"DEBB084","GERMANY","Industrial","suburban",14.667089,52.179565,0,2600,100,0,100,1900,0,85.1576996,0.417237,11930.2002,1.85583,40685,1.74289,0,87,0,2.0039599,5.2872,32,10.6313,2.73154,16106.5,14411.2998,3167.52002,"DEBB084",14.6671142579342,52.1796874997546,"EEA AirBase v8 ArcGIS","station_european_code;station_local_code",2,1,FALSE,TRUE,"DE","GERMANY"
233,"DEBB086",8,2010,"day",17.12,"DEBB086","GERMANY","Background","suburban",13.424304,52.349703,0,2200,0,0,200,2200,0,56.2837982,0.231167,52111.10156,1.34936,49050.80078,2.3810799,0,0,0,2.0041499,5.2638202,41,10.6465998,0.906048,37223.80078,25030.09961,15473.5,"DEBB086",13.424316406326,52.3496704100448,"EEA AirBase v8 ArcGIS","station_european_code;station_local_code",2,1,FALSE,TRUE,"DE","GERMANY"
234,"DEBE027",8,2010,"day",17.331,"DEBE027","GERMANY","Industrial","rural",13.370711,52.398525,0,2300,0,1000,100,500,0,511.3900146,0.232157,1050730,203.1750031,39101.39844,2.04972,0,0,0,2.0028801,5.2540002,41,10.6141996,0.905972,21296.30078,138803,6116.589844,"DEBE027",13.36810302756,52.3984985354243,"EEA AirBase v8 ArcGIS","station_european_code;station_local_code",2,1,FALSE,TRUE,"DE","GERMANY"
235,"DEBE034",8,2010,"day",28.401,"DEBE034","GERMANY","Background","urban",13.434014,52.488091,0,0,0,100,300,2300,0,0,0,1055510,95.4680023,391014,20.4972,0,0,0,2.0037301,5.2269301,36,10.5192003,0.913843,77311,150180,18932.30078,"DEBE034",13.4309082034567,52.4895019533313,"EEA AirBase v8 ArcGIS","station_european_code;station_local_code",2,1,FALSE,TRUE,"DE","GERMANY"
236,"DEBE056",8,2010,"day",13.489,"DEBE056","GERMANY","Background","rural",13.647014,52.447754,0,100,0,0,700,0,0,0,0.181087,319995,67.3171997,0,0,0,83,0,2.0016999,5.22785,37,10.5124998,0.915732,23085.90039,42475.30078,4041.320068,"DEBE056",13.6470947268454,52.4476928708257,"EEA AirBase v8 ArcGIS","station_european_code;station_local_code",2,1,FALSE,TRUE,"DE","GERMANY"
237,"DEBE065",8,2010,"day",42.071,"DEBE065","GERMANY","Traffic","urban",13.469314,52.513317,0,0,0,0,0,2400,0,0,0.0008288,1437590,211.7429962,391014,20.4972,0,0,0,2.00369,5.21806,43,10.4848003,0.913693,90554.10156,232856,14053.59961,"DEBE065",13.4699096682412,52.5140991213149,"EEA AirBase v8 ArcGIS","station_european_code;station_local_code",2,1,FALSE,TRUE,"DE","GERMANY"
238,"DEBE066",8,2010,"day",21.596,"DEBE066","GERMANY","Background","urban",13.529574,52.485279,0,0,0,0,0,2900,0,0,0.033151,921778,148.0980072,508318,26.6462994,0,115,0,2.0042601,5.2226901,38,10.5021,0.914417,46708.80078,204033,15327.90039,"DEBE066",13.529479980257,52.4852905272451,"EEA AirBase v8 ArcGIS","station_european_code;station_local_code",2,1,FALSE,TRUE,"DE","GERMANY"
239,"DEBW006",8,2010,"day",32.746,"DEBW006","GERMANY","Background","urban",8.478017,49.475758,0,0,0,0,500,800,0,0,0.0154006,4672260,457.5360107,115752,6.28128,0,0,2,2.0035801,5.53052,92,11.2549,1.69312,85006.29688,153214,11068.09961,"DEBW006",8.47808837854499,49.4758911132082,"EEA AirBase v8 ArcGIS","station_european_code;station_local_code",2,1,FALSE,TRUE,"DE","GERMANY"
240,"DEBW013",8,2010,"day",29.468,"DEBW013","GERMANY","Background","urban",9.229744,48.8088,0,400,0,0,0,2700,0,93.9358978,0.379906,3420830,743.8540039,607385,38.4039001,0,169,0,1.97489,5.6305799,249,10.4617996,0,57983.30078,99361.79688,16747.80078,"DEBW013",9.22967529296391,48.8088989258973,"EEA AirBase v8 ArcGIS","station_european_code;station_local_code",2,1,FALSE,TRUE,"DE","GERMANY"
241,"DEBW019",8,2010,"day",28.489,"DEBW019","GERMANY","Background","urban",9.979031,48.396836,0,0,0,0,200,2000,0,0,0.0574579,6559340,494.1740112,394905,20.1212997,0,43,0,1.9841,5.5769801,480,9.1806803,2.5410399,78205.79688,120599,15109.40039,"DEBW019",9.97912597680625,48.3969116209631,"EEA AirBase v8 ArcGIS","station_european_code;station_local_code",2,1,FALSE,TRUE,"DE","GERMANY"
242,"DEBW023",8,2010,"day",18.939,"DEBW023","GERMANY","Background","suburban",7.633272,47.58815,0,1900,200,0,0,1200,0,188.2769928,0.279509,182526,0,66779.89844,3.3206899,0,0,0,1.9387,5.55796,280,10.1765003,2.04565,32212.90039,21996.09961,7500.109863,"DEBW023",7.63330078088485,47.5880737305275,"EEA AirBase v8 ArcGIS","station_european_code;station_local_code",2,1,FALSE,TRUE,"DE","GERMANY"
243,"DEBW026",8,2010,"day",35.334,"DEBW026","GERMANY","Background","suburban",9.414453,48.708653,0,100,700,700,0,400,0,226.6560059,0.433156,4775630,396.1369934,30026,1.70322,30,175,0,1.8457,5.6324,251,10.0172005,3.2727201,54225.10156,95569.39844,7572.930176,"DEBW026",9.4144897459711,48.7086791992654,"EEA AirBase v8 ArcGIS","station_european_code;station_local_code",2,1,FALSE,TRUE,"DE","GERMANY"
244,"DEBW038",8,2010,"day",23.66,"DEBW038","GERMANY","Traffic","urban",9.485675,47.660056,0,0,0,0,0,2400,0,0,0.108993,21804400,1006.109985,135447,7.5465498,0,146,0,2.00302,5.5232902,402,9.4314203,2.08742,72658.10156,153214,15728.40039,"DEBW038",9.48571777300841,47.6600952149055,"EEA AirBase v8 ArcGIS","station_european_code;station_local_code",2,1,FALSE,TRUE,"DE","GERMANY"
245,"DEBW039",8,2010,"day",16.47,"DEBW039","GERMANY","Background","suburban",8.463597,48.048656,0,200,0,0,1300,0,0,0,0.342348,3850240,256.928009,0,0,0,0,0,1.95075,5.6049299,699,8.1991901,1.6210001,40445.10156,72056.29688,9684.610352,"DEBW039",8.46368408161035,48.0487060544189,"EEA AirBase v8 ArcGIS","station_european_code;station_local_code",2,1,FALSE,TRUE,"DE","GERMANY"
246,"DEBW056",8,2010,"day",21.07,"DEBW056","GERMANY","Background","suburban",9.733231,49.107878,0,600,200,0,0,2700,0,46.1433983,0.603811,2724770,28.3782997,104876,5.8593102,0,0,0,1.8727,5.6417799,306,9.8941402,1.72378,44382.30078,18203.69922,16820.59961,"DEBW056",9.73327636677863,49.107910155967,"EEA AirBase v8 ArcGIS","station_european_code;station_local_code",2,1,FALSE,TRUE,"DE","GERMANY"
247,"DEBW073",8,2010,"day",21.003,"DEBW073","GERMANY","Industrial","suburban",7.567969,47.819019,0,2200,0,0,500,1300,0,182.6730042,0.772219,1685340,52.6244011,56092.80078,2.9421301,0,81,0,2.0025401,5.5882001,222,10.8045998,2.0952599,41577,86467.5,6153,"DEBW073",7.56811523477529,47.8190917966412,"EEA AirBase v8 ArcGIS","station_european_code;station_local_code",2,1,FALSE,TRUE,"DE","GERMANY"
248,"DEBW076",8,2010,"day",22.493,"DEBW076","GERMANY","Background","suburban",8.220214,48.773072,0,0,0,0,0,2600,0,0,1.1426899,0,0,252226,14.7468996,0,0,0,1.64639,5.5727601,149,10.3825998,0,32212.90039,0,8446.730469,"DEBW076",8.22027587872594,48.7730712889803,"EEA AirBase v8 ArcGIS","station_european_code;station_local_code",2,1,FALSE,TRUE,"DE","GERMANY"
249,"DEBW080",8,2010,"day",44.606,"DEBW080","GERMANY","Traffic","urban",8.387192,49.007956,0,0,0,0,0,2600,0,0,0.118554,2737010,219.8659973,551327,29.7029991,0,13,11,2.0041399,5.5625701,118,11.2840004,0,82500.89844,155490,14563.2998,"DEBW080",8.38732910154865,49.0078735351524,"EEA AirBase v8 ArcGIS","station_european_code;station_local_code",2,1,FALSE,TRUE,"DE","GERMANY"
250,"DEBW081",8,2010,"day",25.495,"DEBW081","GERMANY","Background","suburban",8.355628,49.028594,0,300,0,0,1100,100,0,70.3730011,0.29443,3156620,353.0239868,0,0,0,0,0,2.00302,5.5587001,113,11.3761997,1.68392,68005.10156,235131,11832.7002,"DEBW081",8.35571289063248,49.0286865232967,"EEA AirBase v8 ArcGIS","station_european_code;station_local_code",2,1,FALSE,TRUE,"DE","GERMANY"
251,"DEBW098",8,2010,"day",49.742,"DEBW098","GERMANY","Traffic","urban",8.472314,49.4926,0,0,0,0,0,2000,0,0,0,993678,49.2731018,231505,12.5626001,0,87,23,2.0025401,5.5288301,100,11.2454004,0.845666,108271,123633,18349.80078,"DEBW098",8.47229003905027,49.4926757813677,"EEA AirBase v8 ArcGIS","station_european_code;station_local_code",2,1,FALSE,TRUE,"DE","GERMANY"
252,"DEBW099",8,2010,"day",70.697,"DEBW099","GERMANY","Traffic","urban",9.180767,48.783125,0,0,0,400,400,1300,0,0,0.0202668,1749350,300.822998,280331,17.7248993,0,159,0,1.84068,5.6294398,249,10.4356003,2.4507301,97533.60156,61437.5,20425.09961,"DEBW099",9.18090820319989,48.783081054561,"EEA AirBase v8 ArcGIS","station_european_code;station_local_code",2,1,FALSE,TRUE,"DE","GERMANY"
253,"DEBW103",8,2010,"day",12.358,"DEBW103","GERMANY","Background","rural",8.754019,49.4645,0,0,2900,0,0,0,0,735.1420288,1.0641,0,0,0,0,0,43,0,1.63539,5.5524302,527,10.6773996,0,27738.90039,0,4041.320068,"DEBW103",8.75408935538254,49.4644775390395,"EEA AirBase v8 ArcGIS","station_european_code;station_local_code",2,1,FALSE,TRUE,"DE","GERMANY"
254,"DEBW112",8,2010,"day",17.98,"DEBW112","GERMANY","Background","suburban",8.904442,48.645608,0,1400,0,0,0,2900,0,0,0.525308,2263760,261.9079895,223967,12.7719002,0,18,0,2.00069,5.6236,464,9.9499798,0.843386,41161,45509.19922,7172.439941,"DEBW112",8.90447998042672,48.6456909177547,"EEA AirBase v8 ArcGIS","station_european_code;station_local_code",2,1,FALSE,TRUE,"DE","GERMANY"
255,"DEBW120",8,2010,"day",70.019,"DEBW120","GERMANY","Traffic","urban",9.016747,48.801582,0,200,0,0,0,2900,0,0,0.327055,1801270,133.2519989,223967,12.7719002,0,45,11,1.88877,5.6184502,396,10.3853998,2.4741001,63173.10156,31098,14381.2998,"DEBW120",9.01672363255771,48.8016967774364,"EEA AirBase v8 ArcGIS","station_european_code;station_local_code",2,1,FALSE,TRUE,"DE","GERMANY"
256,"DEBW122",8,2010,"day",69.902,"DEBW122","GERMANY","Traffic","urban",7.859872,47.988537,0,100,0,0,100,2100,0,0,0.776638,1294350,96.6465988,573847,27.6299992,0,15,0,1.67283,5.6034002,290,9.7323904,2.1666901,47066.69922,99361.79688,10303.5,"DEBW122",7.85992431662172,47.9885253906485,"EEA AirBase v8 ArcGIS","station_european_code;station_local_code",2,1,FALSE,TRUE,"DE","GERMANY"
257,"DEBW135",8,2010,"day",61.668,"DEBW135","GERMANY","Traffic","urban",8.869072,48.594765,0,700,0,0,0,2700,0,0,0.450913,0,0,189510,10.8070002,0,30,12,1.93352,5.6254902,435,9.8391895,0.84478,41876.80078,8343.360352,13361.7998,"DEBW135",8.86907958942674,48.5949096679676,"EEA AirBase v8 ArcGIS","station_european_code;station_local_code",2,1,FALSE,TRUE,"DE","GERMANY"
258,"DEBY002",8,2010,"day",21.49,"DEBY002","GERMANY","Background","urban",12.18865,50.058193,0,1500,0,0,0,2800,0,16.0785999,0.457558,0,0,84479.29688,4.3315401,0,0,0,1.8832901,5.6224999,487,8.33813,3.7417901,35076.30078,0,7791.379883,"DEBY002",12.1887207031851,50.0582885741879,"EEA AirBase v8 ArcGIS","station_european_code;station_local_code",2,1,FALSE,TRUE,"DE","GERMANY"
259,"DEBY007",8,2010,"day",40.403,"DEBY007","GERMANY","Background","urban",10.88837,48.376575,0,0,0,0,0,2900,0,0,0.0496661,2316340,337.8469849,384104,20.0221996,0,0,0,2.0030501,5.5352898,484,9.5225201,0,65499.60156,116049,20243,"DEBY007",10.8884887692393,48.3767089844631,"EEA AirBase v8 ArcGIS","station_european_code;station_local_code",2,1,FALSE,TRUE,"DE","GERMANY"
260,"DEBY009",8,2010,"day",33.397,"DEBY009","GERMANY","Background","urban",10.887686,49.898331,0,0,0,0,0,2800,0,0,0.230312,5016450,258.5700073,398401,18.2658005,0,0,0,1.96315,5.6134801,235,9.8648005,3.41593,60667.69922,141837,17985.69922,"DEBY009",10.8876953125017,49.8983154298596,"EEA AirBase v8 ArcGIS","station_european_code;station_local_code",2,1,FALSE,TRUE,"DE","GERMANY"
261,"DEBY013",8,2010,"day",20.205,"DEBY013","GERMANY","Background","rural",12.781385,48.182835,0,7400,0,0,0,0,0,967.2360229,0.966975,0,0,0,0,0,0,0,1.93889,5.4334798,412,9.4700804,0.739651,28096.80078,0,2548.580078,"DEBY013",12.7814941405209,48.1829223633787,"EEA AirBase v8 ArcGIS","station_european_code;station_local_code",2,1,FALSE,TRUE,"DE","GERMANY"
262,"DEBY033",8,2010,"day",29.263,"DEBY033","GERMANY","Traffic","urban",12.157049,48.539799,0,0,0,0,0,2900,0,0,0.164463,1533390,144.7140045,274893,12.1153002,0,118,0,1.90741,5.5082502,393,9.5776997,0.786413,52614.5,56886.5,22172.69922,"DEBY033",12.157104492269,48.5399169921916,"EEA AirBase v8 ArcGIS","station_european_code;station_local_code",2,1,FALSE,TRUE,"DE","GERMANY"
263,"DEBY037",8,2010,"day",73.578,"DEBY037","GERMANY","Traffic","urban",11.564925,48.137253,0,0,0,0,100,2400,0,0,0,2825400,631.7329712,694477,47.080101,0,197,0,2.0012701,5.4713802,526,9.3436203,1.5420099,91448.89844,207067,14636.09961,"DEBY037",11.5648803711361,48.1373291015803,"EEA AirBase v8 ArcGIS","station_european_code;station_local_code",2,1,FALSE,TRUE,"DE","GERMANY"
264,"DEBY039",8,2010,"day",34.549,"DEBY039","GERMANY","Background","urban",11.554669,48.154533,0,0,0,0,800,1300,0,0,0,2395600,545.5880127,289366,19.6166992,0,146,0,2.0035601,5.47438,520,9.3066702,1.57728,91448.89844,198724,15291.5,"DEBY039",11.554687500221,48.1544799803513,"EEA AirBase v8 ArcGIS","station_european_code;station_local_code",2,1,FALSE,TRUE,"DE","GERMANY"
265,"DEBY043",8,2010,"day",38.863,"DEBY043","GERMANY","Traffic","urban",11.514714,48.179024,0,0,0,0,100,2600,0,0,0.353257,2578800,576.9130249,694477,47.080101,0,175,0,2.0035,5.4798799,508,9.3388205,1.58965,59415,224512,15182.2998,"DEBY043",11.5147094723995,48.1790771482075,"EEA AirBase v8 ArcGIS","station_european_code;station_local_code",2,1,FALSE,TRUE,"DE","GERMANY"
266,"DEBY054",8,2010,"day",34.041,"DEBY054","GERMANY","Traffic","urban",11.105847,49.477066,0,0,0,0,400,1400,0,0,0.620897,2118960,256.4490051,239242,12.8394003,0,65,30,2.00228,5.6496701,321,10.0058002,0.858166,50288,158524,16201.7002,"DEBY054",11.1058959961996,49.4771118163073,"EEA AirBase v8 ArcGIS","station_european_code;station_local_code",2,1,FALSE,TRUE,"DE","GERMANY"
267,"DEBY062",8,2010,"day",15.441,"DEBY062","GERMANY","Background","suburban",13.128934,48.972401,0,0,0,0,0,2900,0,0,0.428201,436197,15.6096001,79508.39844,4.0235801,0,0,0,1.8345701,5.5493798,543,8.0677795,1.51671,28991.59961,1516.969971,13325.40039,"DEBY062",13.1289062497967,48.9724731444601,"EEA AirBase v8 ArcGIS","station_european_code;station_local_code",2,1,FALSE,TRUE,"DE","GERMANY"
268,"DEBY067",8,2010,"day",24.726,"DEBY067","GERMANY","Background","urban",12.128139,49.321957,0,300,400,100,0,2400,0,82.8444977,0.527241,1319110,2.6340401,74770.39844,4.5915799,0,0,0,1.94275,5.6083999,387,9.4704504,3.35673,38476.60156,50060.10156,12196.7998,"DEBY067",12.1281127929987,49.3220825196155,"EEA AirBase v8 ArcGIS","station_european_code;station_local_code",2,1,FALSE,TRUE,"DE","GERMANY"
269,"DEBY075",8,2010,"day",26.561,"DEBY075","GERMANY","Traffic","urban",12.159361,49.678951,0,0,0,0,500,1800,0,0,0.460671,829703,49.4426003,208054,9.5288696,0,0,0,2.0037899,5.6470299,400,8.9370804,3.5973001,41339.89844,90260,16165.2998,"DEBY075",12.1594848633802,49.6790771485443,"EEA AirBase v8 ArcGIS","station_european_code;station_local_code",2,1,FALSE,TRUE,"DE","GERMANY"
270,"DEBY076",8,2010,"day",34.44,"DEBY076","GERMANY","Traffic","urban",9.935939,49.794579,0,0,0,200,0,2700,0,0,0.750202,126343,9.5670996,431229,20.6837997,0,153,0,1.9399199,5.6186399,184,10.2917995,2.62486,86080.10156,30339.5,16820.59961,"DEBY076",9.93591308600232,49.7946777345219,"EEA AirBase v8 ArcGIS","station_european_code;station_local_code",2,1,FALSE,TRUE,"DE","GERMANY"
271,"DEBY077",8,2010,"day",30.786,"DEBY077","GERMANY","Background","suburban",9.956419,49.804695,0,400,0,0,100,2500,0,0,1.09153,703910,123.1760025,431229,20.6837997,0,5,0,1.93464,5.6175199,225,10.2907,2.62481,70152.60156,103913,13871.59961,"DEBY077",9.95648193323367,49.8046875001386,"EEA AirBase v8 ArcGIS","station_european_code;station_local_code",2,1,FALSE,TRUE,"DE","GERMANY"
272,"DEBY079",8,2010,"day",20.601,"DEBY079","GERMANY","Background","suburban",12.858856,47.723186,0,2500,0,0,800,0,0,250.3139954,0.528972,4195440,222.4689941,0,0,0,0,0,1.04004,5.34302,466,6.7769499,1.61514,22728,34131.89844,7390.890137,"DEBY079",12.8588867187533,47.7233276367371,"EEA AirBase v8 ArcGIS","station_european_code;station_local_code",2,1,FALSE,TRUE,"DE","GERMANY"
273,"DEBY081",8,2010,"day",11.592,"DEBY081","GERMANY","Background","rural",11.063066,47.476395,0,3900,900,0,0,200,0,270.8340149,0.199728,0,0,9771.709961,0.467926,0,0,0,1.4165,5.3968201,729,5.513,1.52145,20759.40039,0,6225.819824,"DEBY081",11.0631103513313,47.4765014650045,"EEA AirBase v8 ArcGIS","station_european_code;station_local_code",2,1,FALSE,TRUE,"DE","GERMANY"
274,"DEBY099",8,2010,"day",23.047,"DEBY099","GERMANY","Background","suburban",10.903049,48.326012,0,0,0,0,900,1300,0,0,1.06674,3374800,397.7869873,118186,6.1606898,0,0,0,2.00389,5.5282102,496,9.4449501,0,33644.60156,168384,11104.5,"DEBY099",10.903076171575,48.3261108397044,"EEA AirBase v8 ArcGIS","station_european_code;station_local_code",2,1,FALSE,TRUE,"DE","GERMANY"
275,"DEBY110",8,2010,"day",54.285,"DEBY110","GERMANY","Traffic","urban",10.896822,48.370373,0,0,0,0,0,2900,0,0,0,2546440,179.8220062,384104,20.0221996,0,23,0,2.0032201,5.5341501,494,9.51334,0,76953.10156,116049,21590.09961,"DEBY110",10.8969116212782,48.3704833982118,"EEA AirBase v8 ArcGIS","station_european_code;station_local_code",2,1,FALSE,TRUE,"DE","GERMANY"
276,"DEBY111",8,2010,"day",33.71,"DEBY111","GERMANY","Traffic","urban",11.570088,49.943638,0,0,0,0,100,2400,0,0,0.180979,3389150,194.427002,311460,14.8331003,0,5,7,2.0021801,5.6199498,338,9.0175896,1.79037,68363,106947,20643.5,"DEBY111",11.5701293944279,49.9437255856775,"EEA AirBase v8 ArcGIS","station_european_code;station_local_code",2,1,FALSE,TRUE,"DE","GERMANY"
277,"DEBY113",8,2010,"day",21.776,"DEBY113","GERMANY","Background","suburban",10.963528,49.605911,0,100,600,0,0,2300,0,260.9259949,1.75323,1371680,20.6875,335892,17.5161991,0,0,0,2.0009501,5.6469798,290,10.0581999,0,30244.40039,11377.2998,10267.09961,"DEBY113",10.9635009763604,49.6058959959016,"EEA AirBase v8 ArcGIS","station_european_code;station_local_code",2,1,FALSE,TRUE,"DE","GERMANY"
278,"DEBY114",8,2010,"day",68.079,"DEBY114","GERMANY","Traffic","urban",11.59228,48.142742,0,0,0,300,600,1500,0,0,0,1874210,355.0239868,347239,23.5401001,0,212,0,2.0014501,5.47087,516,9.3853598,1.5423,85722.20313,119841,14272.09961,"DEBY114",11.5922851560328,48.1428833007459,"EEA AirBase v8 ArcGIS","station_european_code;station_local_code",2,1,FALSE,TRUE,"DE","GERMANY"
279,"DEBY118",8,2010,"day",30.719,"DEBY118","GERMANY","Traffic","suburban",13.422039,48.573624,0,900,0,0,800,600,0,23.0256004,0.349788,2297120,176.7400055,21498.59961,1.09664,0,34,11,1.89246,5.4895101,299,9.3337297,2.24175,50109,27305.5,13653.09961,"DEBY118",13.4221191406158,48.5737304686171,"EEA AirBase v8 ArcGIS","station_european_code;station_local_code",2,1,FALSE,TRUE,"DE","GERMANY"
280,"DEBY122",8,2010,"day",8.023,"DEBY122","GERMANY","Background","rural",10.404233,47.518013,0,2800,1200,0,0,700,0,534.401001,0.654018,0,0,53688.19922,2.83181,0,0,0,1.55109,5.4439001,1166,5.4229398,1.1644,21117.40039,0,618.940979,"DEBY122",10.4042968751164,47.5181274414864,"EEA AirBase v8 ArcGIS","station_european_code;station_local_code",2,1,FALSE,TRUE,"DE","GERMANY"
281,"DEHB001",8,2010,"day",19.865,"DEHB001","GERMANY","Background","urban",8.815781,53.077148,0,0,0,300,100,1600,0,0,0,1289700,205.3309937,208181,11.8299999,0,56,0,2.0035801,4.7054901,11,10.5677004,4.03863,88406.60156,125150,13361.7998,"DEHB001",8.81591796914059,53.0770874023941,"EEA AirBase v8 ArcGIS","station_european_code;station_local_code",2,1,FALSE,TRUE,"DE","GERMANY"
282,"DEHB002",8,2010,"day",21.607,"DEHB002","GERMANY","Background","urban",8.916967,53.060043,0,0,0,200,300,1800,0,0,0.0965502,2145880,459.052002,297401,16.8999996,0,129,0,2.00369,4.7420301,6,10.5862999,0,33644.60156,265470,8155.459961,"DEHB002",8.91711425758679,53.0601196290756,"EEA AirBase v8 ArcGIS","station_european_code;station_local_code",2,1,FALSE,TRUE,"DE","GERMANY"
283,"DEHB003",8,2010,"day",32.479,"DEHB003","GERMANY","Background","urban",8.755619,53.111095,0,0,0,0,100,1000,0,0,0.0198319,969983,139.9389954,148701,8.4500198,0,0,22,1.99435,4.6614099,7,10.5478001,4.0444698,83037.79688,329183,6480.680176,"DEHB003",8.75567626975612,53.1110839841744,"EEA AirBase v8 ArcGIS","station_european_code;station_local_code",2,1,FALSE,TRUE,"DE","GERMANY"
284,"DEHB005",8,2010,"day",22.418,"DEHB005","GERMANY","Background","urban",8.569406,53.562454,0,0,0,0,600,800,0,0,0.0647419,1347040,135.2920074,81212.10156,4.1919899,0,55,0,2.0042,3.0322299,1,10.3613997,1.15132,71226.39844,210859,11286.59961,"DEHB005",8.56951904290997,53.5624999999305,"EEA AirBase v8 ArcGIS","station_european_code;station_local_code",2,1,FALSE,TRUE,"DE","GERMANY"
285,"DEHB006",8,2010,"day",45.803,"DEHB006","GERMANY","Traffic","urban",8.825172,53.078663,0,0,0,0,100,2500,0,0,0,1029590,160.8639984,327141,18.5900002,0,142,20,2.0042601,4.7063799,9,10.5691004,4.0244999,79995.39844,102396,15109.40039,"DEHB006",8.82531738241981,53.0786743166368,"EEA AirBase v8 ArcGIS","station_european_code;station_local_code",2,1,FALSE,TRUE,"DE","GERMANY"
286,"DEHB011",8,2010,"day",46.662,"DEHB011","GERMANY","Traffic","urban",8.598761,53.585258,0,0,0,0,0,2800,0,0,0.313434,1349130,42.9418983,263939,13.6239996,0,225,0,2.0037601,3.59235,4,10.3540001,1.20163,46529.80078,77365.70313,19478.40039,"DEHB011",8.59887695298224,53.5853271485192,"EEA AirBase v8 ArcGIS","station_european_code;station_local_code",2,1,FALSE,TRUE,"DE","GERMANY"
287,"DEHB012",8,2010,"day",22.142,"DEHB012","GERMANY","Background","urban",8.735047,53.124561,0,0,0,0,0,0,0,0,0.0631491,1116290,125.5530014,0,0,0,0,0,1.99742,4.64364,4,10.5417004,4.0446601,83395.70313,326908,5825.330078,"DEHB012",8.73510742162644,53.1246948244223,"EEA AirBase v8 ArcGIS","station_european_code;station_local_code",2,1,FALSE,TRUE,"DE","GERMANY"
288,"DEHB013",8,2010,"day",17.349,"DEHB013","GERMANY","Industrial","rural",8.695061,53.117695,0,2100,0,0,0,1300,100,118.4029999,0.307917,1230090,149.0939941,178441,10.1400003,0,0,0,2.0002699,4.6315699,3,10.5361996,4.0454302,40266.19922,288225,2220.909912,"DEHB013",8.69512939470334,53.1176757810568,"EEA AirBase v8 ArcGIS","station_european_code;station_local_code",2,1,FALSE,TRUE,"DE","GERMANY"
289,"DEHE005",8,2010,"day",48.041,"DEHE005","GERMANY","Traffic","urban",8.542053,50.101871,0,0,0,100,0,1800,0,0,0.366892,2618770,542.8920288,681691,50.2042007,0,181,0,2.00383,5.4927402,103,10.7390003,3.4621601,52256.5,282916,9102.080078,"DEHE005",8.54211425801329,50.1019287110944,"EEA AirBase v8 ArcGIS","station_european_code;station_local_code",2,1,FALSE,TRUE,"DE","GERMANY"
290,"DEHE020",8,2010,"day",33.261,"DEHE020","GERMANY","Traffic","urban",8.50062,50.567184,0,0,0,0,900,700,0,0,0.136576,5181460,370.2579956,32171.80078,1.80092,0,223,0,1.94406,5.4664502,153,10.0559998,0.920309,51003.80078,135011,11505,"DEHE020",8.50067138698391,50.5673217773595,"EEA AirBase v8 ArcGIS","station_european_code;station_local_code",2,1,FALSE,TRUE,"DE","GERMANY"
291,"DEHE022",8,2010,"day",34.779,"DEHE022","GERMANY","Background","urban",8.24495,50.050343,0,0,0,200,200,1500,0,0,0.0833664,2453700,215.8150024,340940,25.9111004,0,72,0,1.97015,5.4679399,131,10.6634998,2.6404901,73731.79688,316289,11104.5,"DEHE022",8.24487304657578,50.0504760739634,"EEA AirBase v8 ArcGIS","station_european_code;station_local_code",2,1,FALSE,TRUE,"DE","GERMANY"
292,"DEHE023",8,2010,"day",10.531,"DEHE023","GERMANY","Background","rural",9.464639,50.759457,0,2000,2500,0,0,0,0,356.4530029,0.702006,0,0,0,0,0,0,0,1.8585,5.4843798,390,9.4689598,2.83606,13958.90039,0,0,"DEHE023",9.4647216798414,50.7595214843553,"EEA AirBase v8 ArcGIS","station_european_code;station_local_code",2,1,FALSE,TRUE,"DE","GERMANY"
293,"DEHE024",8,2010,"day",8.151,"DEHE024","GERMANY","Background","rural",9.774589,51.291759,0,0,2900,0,0,0,0,457.4419861,0.79371,0,0,0,0,0,0,0,1.73707,5.39607,606,9.4544201,0.936145,0,0,0,"DEHE024",9.7747192387063,51.2916870116626,"EEA AirBase v8 ArcGIS","station_european_code;station_local_code",2,1,FALSE,TRUE,"DE","GERMANY"
294,"DEHE026",8,2010,"day",9.115,"DEHE026","GERMANY","Background","rural",9.399442,50.164433,0,5500,600,0,0,0,0,474.4379883,0.764915,68433.5,5.8681402,0,0,0,0,0,1.8643,5.5638199,499,9.7918997,2.69115,23264.90039,2275.459961,1019.429993,"DEHE026",9.39947509769981,50.1644897462353,"EEA AirBase v8 ArcGIS","station_european_code;station_local_code",2,1,FALSE,TRUE,"DE","GERMANY"
295,"DEHE028",8,2010,"day",11.503,"DEHE028","GERMANY","Background","rural",8.81725,49.653465,0,300,2900,0,0,0,0,752.2089844,0.914188,0,0,0,0,0,0,0,1.72962,5.5443201,477,10.5,2.5812299,20938.40039,0,327.6749878,"DEHE028",8.81732177721485,49.6535034177506,"EEA AirBase v8 ArcGIS","station_european_code;station_local_code",2,1,FALSE,TRUE,"DE","GERMANY"
296,"DEHE030",8,2010,"day",22.892,"DEHE030","GERMANY","Background","urban",8.769324,50.804256,0,0,0,0,0,2900,0,0,0.118998,4790720,144.0099945,123638,6.1680598,0,0,0,1.82592,5.46349,181,9.7974396,1.8849,63889,48543.19922,19624.09961,"DEHE030",8.7692871090548,50.8043212890781,"EEA AirBase v8 ArcGIS","station_european_code;station_local_code",2,1,FALSE,TRUE,"DE","GERMANY"
297,"DEHE032",8,2010,"day",17.953,"DEHE032","GERMANY","Background","urban",9.800261,50.970028,0,300,0,0,0,2500,0,0,0.460356,1402290,64.5289993,98380.89844,5.2010102,0,0,0,1.93598,5.4544001,207,9.4937601,0.940211,41518.89844,76607.20313,11177.2998,"DEHE032",9.80029296869477,50.9700927735419,"EEA AirBase v8 ArcGIS","station_european_code;station_local_code",2,1,FALSE,TRUE,"DE","GERMANY"
298,"DEHE039",8,2010,"day",14.096,"DEHE039","GERMANY","Background","rural",9.459403,50.770382,0,100,2800,0,0,0,0,351.3590088,0.731407,0,0,0,0,0,0,0,1.80711,5.4825702,488,9.4722996,2.8359001,11453.5,0,36.4082985,"DEHE039",9.45947265654963,50.7705078126979,"EEA AirBase v8 ArcGIS","station_european_code;station_local_code",2,1,FALSE,TRUE,"DE","GERMANY"
299,"DEHE042",8,2010,"day",19.572,"DEHE042","GERMANY","Background","rural",8.684398,50.532963,0,5900,0,0,0,100,0,378.6239929,0.499375,706577,1.2084,0,0,0,0,0,1.98532,5.4861398,170,10.2201004,0,21833.19922,30339.5,6808.350098,"DEHE042",8.68450927695418,50.5330810544234,"EEA AirBase v8 ArcGIS","station_european_code;station_local_code",2,1,FALSE,TRUE,"DE","GERMANY"
300,"DEHE049",8,2010,"day",50.594,"DEHE049","GERMANY","Traffic","urban",9.491119,51.312073,0,0,0,100,0,2400,0,0,0.0509989,2134520,118.2030029,382483,19.2880001,0,256,0,1.9921,5.3926902,179,9.6585302,0.946791,71405.29688,87984.5,15509.90039,"DEHE049",9.4910888674658,51.3120727540104,"EEA AirBase v8 ArcGIS","station_european_code;station_local_code",2,1,FALSE,TRUE,"DE","GERMANY"
301,"DEHE060",8,2010,"day",7.866,"DEHE060","GERMANY","Background","rural",9.031753,51.154842,0,0,2900,0,0,0,0,418.571991,0.789147,0,0,0,0,0,0,0,1.69712,5.4067302,472,9.45364,1.95718,1252.729981,0,0,"DEHE060",9.03167724569534,51.1549072266946,"EEA AirBase v8 ArcGIS","station_european_code;station_local_code",2,1,FALSE,TRUE,"DE","GERMANY"
302,"DEHE061",8,2010,"day",45.967,"DEHE061","GERMANY","Traffic","urban",8.668578,50.58411,0,0,0,0,0,2900,0,0,0.101947,2169030,31.4183998,161404,8.8444405,0,197,0,2.00173,5.4828701,164,10.1202002,0,65857.5,96327.89844,19223.59961,"DEHE061",8.66870117194526,50.5841064452317,"EEA AirBase v8 ArcGIS","station_european_code;station_local_code",2,1,FALSE,TRUE,"DE","GERMANY"
303,"DEHE062",8,2010,"day",46.018,"DEHE062","GERMANY","Traffic","urban",8.769397,50.807014,0,0,0,0,0,2900,0,0,0.135929,3886810,92.3139038,123638,6.1680598,0,109,0,1.76948,5.4629002,198,9.7706099,1.88562,58699.10156,39441.30078,19551.30078,"DEHE062",8.7694702144558,50.8071289064683,"EEA AirBase v8 ArcGIS","station_european_code;station_local_code",2,1,FALSE,TRUE,"DE","GERMANY"
304,"DEHE063",8,2010,"day",36.69,"DEHE063","GERMANY","Traffic","urban",8.642,49.643242,0,1700,0,0,0,2300,0,155.6289978,0.585055,1348780,136.9409943,130722,7.3708501,0,0,14,1.8164001,5.5311499,113,10.8451004,2.5388501,46171.89844,55369.60156,10922.5,"DEHE063",8.64208984378621,49.6433105468666,"EEA AirBase v8 ArcGIS","station_european_code;station_local_code",2,1,FALSE,TRUE,"DE","GERMANY"
305,"DEHE094",8,2010,"day",41.305,"DEHE094","GERMANY","Traffic","urban",8.831972,49.827774,0,500,0,100,100,2400,0,0,0.921578,474482,30.0135002,127125,7.1956902,0,0,10,1.99341,5.5344601,165,10.7285995,0,33107.69922,25030.09961,7937.009766,"DEHE094",8.83209228495148,49.8278808594691,"EEA AirBase v8 ArcGIS","station_european_code;station_local_code",2,1,FALSE,TRUE,"DE","GERMANY"
306,"DEHH008",8,2010,"day",29.505,"DEHH008","GERMANY","Background","urban",9.967883,53.56414,0,0,0,0,200,2700,0,0,0,728411,37.5901985,343739,25.5928001,0,82,0,2.00386,3.96471,15,10.1173,4.02349,95744,33373.39844,22463.90039,"DEHH008",9.96789550772046,53.5640869138465,"EEA AirBase v8 ArcGIS","station_european_code;station_local_code",2,1,FALSE,TRUE,"DE","GERMANY"
307,"DEHH015",8,2010,"day",38.043,"DEHH015","GERMANY","Background","urban",10.021228,53.523262,0,0,0,0,0,1100,0,0,0.032198,2748100,289.6650085,187494,13.9596996,0,79,0,1.99884,4.10429,3,10.151,2.01335,114356,398206,6262.229981,"DEHH015",10.0213012694396,53.5233154294905,"EEA AirBase v8 ArcGIS","station_european_code;station_local_code",2,1,FALSE,TRUE,"DE","GERMANY"
308,"DEHH021",8,2010,"day",17.309,"DEHH021","GERMANY","Background","suburban",10.083647,53.487667,0,1700,800,100,0,800,0,2025.5,2.2216699,1015360,30.9566002,93747,6.9798498,0,0,0,2.0036199,4.2466502,2,10.1683998,2.0099299,52256.5,99361.79688,8264.679688,"DEHH021",10.0836791994006,53.487670898605,"EEA AirBase v8 ArcGIS","station_european_code;station_local_code",2,1,FALSE,TRUE,"DE","GERMANY"
309,"DEHH047",8,2010,"day",17.584,"DEHH047","GERMANY","Background","suburban",10.110595,53.630737,0,0,0,0,0,2900,0,0,0.0804951,88292.20313,0,406237,30.2460003,0,38,0,2.0042601,4.31704,30,10.0523996,2.02232,44024.30078,3792.439941,22682.40039,"DEHH047",10.1107177734953,53.6306762696143,"EEA AirBase v8 ArcGIS","station_european_code;station_local_code",2,1,FALSE,TRUE,"DE","GERMANY"
310,"DEHH049",8,2010,"day",17.973,"DEHH049","GERMANY","Background","suburban",9.786234,53.568123,0,0,400,0,400,1600,0,476.5880127,1.60983,154511,30.9566002,249992,18.6128998,0,22,0,1.91482,2.95155,73,10.1281996,4.0157199,35792.10156,6826.379883,9356.929688,"DEHH049",9.78631591769577,53.5681152342154,"EEA AirBase v8 ArcGIS","station_european_code;station_local_code",2,1,FALSE,TRUE,"DE","GERMANY"
311,"DEHH050",8,2010,"day",16.118,"DEHH050","GERMANY","Background","suburban",9.857223,53.48093,0,4400,0,0,0,1400,0,1787.199951,2.9139199,375242,75.1802979,281241,20.9395008,0,32,0,1.9931099,3.7711,4,10.1688995,2.0068099,22549.09961,18962.19922,10157.90039,"DEHH050",9.85729980509671,53.4810791016827,"EEA AirBase v8 ArcGIS","station_european_code;station_local_code",2,1,FALSE,TRUE,"DE","GERMANY"
312,"DEHH059",8,2010,"day",29.735,"DEHH059","GERMANY","Background","urban",9.99057,53.507931,0,0,0,0,100,2500,0,0,0.0764704,4204920,532.8959961,374988,27.9193993,0,0,0,2.00424,4.0440698,4,10.1657,2.0118301,82321.89844,360281,10412.7998,"DEHH059",9.99047851526105,53.5078735349726,"EEA AirBase v8 ArcGIS","station_european_code;station_local_code",2,1,FALSE,TRUE,"DE","GERMANY"
313,"DEHH064",8,2010,"day",53.446,"DEHH064","GERMANY","Traffic","urban",9.944581,53.5644,0,0,0,0,200,1800,0,0,0,3410290,462.1380005,312490,23.2661991,0,32,12,2.00406,3.8899801,19,10.1183004,4.0232902,82858.79688,175969,17075.5,"DEHH064",9.94470214884321,53.5645141601324,"EEA AirBase v8 ArcGIS","station_european_code;station_local_code",2,1,FALSE,TRUE,"DE","GERMANY"
314,"DEHH068",8,2010,"day",59.63,"DEHH068","GERMANY","Traffic","urban",10.053859,53.592297,0,0,0,0,0,2900,0,0,0,1688590,159.2050018,406237,30.2460003,0,0,8,2.0042601,4.1919999,18,10.0858002,4.0302501,92701.70313,62195.89844,22536.69922,"DEHH068",10.0538940433927,53.5922851562571,"EEA AirBase v8 ArcGIS","station_european_code;station_local_code",2,1,FALSE,TRUE,"DE","GERMANY"
315,"DEHH070",8,2010,"day",69.673,"DEHH070","GERMANY","Traffic","urban",9.943011,53.555664,0,0,0,0,0,2900,0,0,0,2770170,325.0440063,406237,30.2460003,0,232,0,1.99765,3.87398,27,10.1252003,4.02318,83753.60156,167626,18895.90039,"DEHH070",9.94311523446962,53.5557250974597,"EEA AirBase v8 ArcGIS","station_european_code;station_local_code",2,1,FALSE,TRUE,"DE","GERMANY"
316,"DEHH073",8,2010,"day",19.652,"DEHH073","GERMANY","Industrial","rural",9.832703,53.532074,0,300,0,0,1000,0,0,0,1.6783201,1876210,289.6650085,0,0,0,67,0,1.97382,2.6152201,4,10.1444998,4.0153399,59057,278365,3094.709961,"DEHH073",9.83270263634854,53.532104492227,"EEA AirBase v8 ArcGIS","station_european_code;station_local_code",2,1,FALSE,TRUE,"DE","GERMANY"
317,"DEHH075",8,2010,"day",27.634,"DEHH075","GERMANY","Traffic","rural",10.122064,53.518764,0,4400,300,0,200,200,0,1906.349976,1.96006,3288890,316.2000122,62498,4.6532302,34,0,0,2.0004201,4.28613,3,10.1430998,2.01315,42950.60156,213893,3349.560059,"DEHH075",10.1220703128484,53.5186767576251,"EEA AirBase v8 ArcGIS","station_european_code;station_local_code",2,1,FALSE,TRUE,"DE","GERMANY"
318,"DEMV006",8,2010,"day",17.476,"DEMV006","GERMANY","Traffic","urban",13.066672,54.306725,0,0,0,0,500,1600,0,0,0.0157278,267796,24.2297001,152737,6.2059898,0,128,0,2.00385,4.15978,6,9.8354197,3.7490399,54225.10156,115290,16310.90039,"DEMV006",13.066711426135,54.3067016599967,"EEA AirBase v8 ArcGIS","station_european_code;station_local_code",2,1,FALSE,TRUE,"DE","GERMANY"
319,"DEMV007",8,2010,"day",13.914,"DEMV007","GERMANY","Background","suburban",12.174106,54.16156,0,7300,0,0,0,200,0,338.9259949,0.530022,255875,0,21818.19922,1.08752,0,76,0,2.0032499,3.6054299,2,9.8950005,3.87165,19506.69922,69780.79688,800.9829712,"DEMV007",12.1740722657158,54.1616821289703,"EEA AirBase v8 ArcGIS","station_european_code;station_local_code",2,1,FALSE,TRUE,"DE","GERMANY"
320,"DEMV012",8,2010,"day",7.98,"DEMV012","GERMANY","Background","rural",14.257408,53.520458,0,7600,0,0,0,100,0,259.0230103,0.59049,0,0,0,0,0,0,0,2.0021,4.6411901,19,9.8793297,4.0501299,10379.7002,0,1310.699951,"DEMV012",14.2575073240984,53.5205078126892,"EEA AirBase v8 ArcGIS","station_european_code;station_local_code",2,1,FALSE,TRUE,"DE","GERMANY"
321,"DEMV017",8,2010,"day",8.289,"DEMV017","GERMANY","Background","rural",11.362965,53.302353,0,5600,0,0,200,300,0,287.1919861,0.730103,84600.10156,2.2642601,7230.120117,0.340234,0,9,0,1.99937,4.82407,26,10.2146997,0,14853.7002,7584.870117,1310.699951,"DEMV017",11.3630981446821,53.3024902342775,"EEA AirBase v8 ArcGIS","station_european_code;station_local_code",2,1,FALSE,TRUE,"DE","GERMANY"
322,"DEMV023",8,2010,"day",24.716,"DEMV023","GERMANY","Traffic","urban",11.398083,53.631802,0,0,0,0,100,2800,0,0,0.017435,516825,44.7075996,332873,13.3613005,0,0,0,2.0011899,4.4765501,67,9.9312201,0,31855,129701,15546.2998,"DEMV023",11.3980712888481,53.6318969724831,"EEA AirBase v8 ArcGIS","station_european_code;station_local_code",2,1,FALSE,TRUE,"DE","GERMANY"
323,"DENI011",8,2010,"day",16.008,"DENI011","GERMANY","Background","suburban",10.473639,52.226936,0,6400,0,0,0,300,0,471.6539917,0.73764,426708,1.69894,21582.59961,1.04515,0,0,0,2.0028801,5.1802802,100,10.5529003,1.93457,39908.19922,31856.5,5788.919922,"DENI011",10.4736938472454,52.2269287108882,"EEA AirBase v8 ArcGIS","station_european_code;station_local_code",2,1,FALSE,TRUE,"DE","GERMANY"
324,"DENI016",8,2010,"day",13.034,"DENI016","GERMANY","Background","suburban",10.481319,51.901581,0,100,0,0,100,2100,0,0,0.400563,627028,124.2070007,91995.5,4.2751999,0,0,13,1.7753,5.2708101,208,9.3429604,1.9346499,39192.39844,138045,6553.490234,"DENI016",10.4813232425467,51.9016723635228,"EEA AirBase v8 ArcGIS","station_european_code;station_local_code",2,1,FALSE,TRUE,"DE","GERMANY"
325,"DENI019",8,2010,"day",14.045,"DENI019","GERMANY","Background","rural",9.577714,51.75975,0,0,2900,0,0,0,0,541.8540039,0.761554,0,0,0,0,0,0,0,1.97587,5.29564,508,9.7757998,0.956295,11453.5,0,0,"DENI019",9.57769775357636,51.7598876954063,"EEA AirBase v8 ArcGIS","station_european_code;station_local_code",2,1,FALSE,TRUE,"DE","GERMANY"
326,"DENI020",8,2010,"day",17.379,"DENI020","GERMANY","Background","suburban",10.816381,52.440811,0,3000,0,300,0,900,0,135.5839996,0.230624,6976920,343.519989,45025.30078,2.42134,0,0,4,2.0035,5.1411901,65,10.4701996,1.9090199,42234.69922,84950.5,9284.120117,"DENI020",10.8165283205981,52.4409179685678,"EEA AirBase v8 ArcGIS","station_european_code;station_local_code",2,1,FALSE,TRUE,"DE","GERMANY"
327,"DENI028",8,2010,"day",12.325,"DENI028","GERMANY","Background","suburban",10.238539,51.50758,0,3700,0,0,0,1700,0,168.1629944,0.642882,953525,104.0979996,109485,5.4058499,0,0,0,1.98218,5.3554702,184,9.4310799,1.88439,36508,31098,8628.769531,"DENI028",10.2385253909989,51.5076904297517,"EEA AirBase v8 ArcGIS","station_european_code;station_local_code",2,1,FALSE,TRUE,"DE","GERMANY"
328,"DENI043",8,2010,"day",16.324,"DENI043","GERMANY","Background","suburban",7.31747,52.49855,0,5000,100,0,0,700,0,624.3690186,1.10632,1577470,32.6127014,18101.59961,0.898099,0,0,0,2.00138,4.9160199,30,10.7770996,4.3017001,37939.69922,23513.09961,9247.709961,"DENI043",7.3175048825252,52.4984741212687,"EEA AirBase v8 ArcGIS","station_european_code;station_local_code",2,1,FALSE,TRUE,"DE","GERMANY"
329,"DENI051",8,2010,"day",6.547,"DENI051","GERMANY","Background","rural",10.612481,51.758163,0,800,2400,0,0,0,0,269.2510071,0.665082,0,0,0,0,0,0,0,1.7496001,5.3101602,938,8.67904,2.8923199,0,0,0,"DENI051",10.6124877933001,51.7583007814367,"EEA AirBase v8 ArcGIS","station_european_code;station_local_code",2,1,FALSE,TRUE,"DE","GERMANY"
330,"DENI052",8,2010,"day",14.163,"DENI052","GERMANY","Background","suburban",9.622951,52.82943,0,5400,200,0,0,1200,0,222.8399963,0.580677,0,0,41360.5,1.95816,0,0,0,2.0037301,4.8972301,37,10.5784998,1.98976,36329,0,2730.620117,"DENI052",9.62292480468954,52.8295288088045,"EEA AirBase v8 ArcGIS","station_european_code;station_local_code",2,1,FALSE,TRUE,"DE","GERMANY"
331,"DENI053",8,2010,"day",13.7,"DENI053","GERMANY","Industrial","suburban",7.94257,52.997963,0,4400,200,0,0,1100,0,900.8729858,2.2830701,0,0,30311.69922,1.42691,0,0,0,2.0042601,4.6828399,17,10.5625,1.0365,19864.59961,12894.2998,6517.089844,"DENI053",7.94268798841313,52.9981079098982,"EEA AirBase v8 ArcGIS","station_european_code;station_local_code",2,1,FALSE,TRUE,"DE","GERMANY"
332,"DENI054",8,2010,"day",21.15,"DENI054","GERMANY","Background","urban",9.70612,52.362919,0,0,0,800,100,1300,0,0,0,2716890,315.1759949,97946.79688,5.5538101,0,0,0,2.00371,5.11374,87,10.6836004,3.9282999,67826.10156,336010,9174.889648,"DENI054",9.70611572241658,52.362915039201,"EEA AirBase v8 ArcGIS","station_european_code;station_local_code",2,1,FALSE,TRUE,"DE","GERMANY"
333,"DENI058",8,2010,"day",10.42,"DENI058","GERMANY","Background","rural",7.21398,53.715302,0,0,2900,0,0,0,0,916.2390137,0.591656,0,0,0,0,0,0,0,2.0043199,2.90309,3,10.5907001,6.03056,1968.569946,0,182.0420074,"DENI058",7.21411132836879,53.7152709959823,"EEA AirBase v8 ArcGIS","station_european_code;station_local_code",2,1,FALSE,TRUE,"DE","GERMANY"
334,"DENI060",8,2010,"day",12.167,"DENI060","GERMANY","Background","rural",11.16705,52.95702,0,6300,0,0,0,400,0,273.0140076,0.540605,126206,0,13785.7998,0.634231,0,0,0,2.0043199,5.0269198,18,10.4744997,2.81095,27023.09961,11377.2998,5133.569824,"DENI060",11.1671142577227,52.9570922852193,"EEA AirBase v8 ArcGIS","station_european_code;station_local_code",2,1,FALSE,TRUE,"DE","GERMANY"
335,"DENI062",8,2010,"day",16.216,"DENI062","GERMANY","Background","suburban",10.4565,53.24696,0,1600,0,0,800,400,0,109.8420029,0.145239,2738640,154.522995,8271.830078,0.391051,0,0,0,2.0039799,4.72049,47,10.2498999,0,36865.89844,172177,11978.2998,"DENI062",10.4564819332639,53.2468872068138,"EEA AirBase v8 ArcGIS","station_european_code;station_local_code",2,1,FALSE,TRUE,"DE","GERMANY"
336,"DENI063",8,2010,"day",14.624,"DENI063","GERMANY","Background","rural",9.685031,53.524181,0,6800,0,0,0,800,0,909.9459839,1.30417,0,0,28864.5,1.47868,0,0,0,2.0043199,3.4149699,0,10.1555996,3.01127,23085.90039,0,7791.379883,"DENI063",9.68511962924956,53.5242919923085,"EEA AirBase v8 ArcGIS","station_european_code;station_local_code",2,1,FALSE,TRUE,"DE","GERMANY"
337,"DENI067",8,2010,"day",49.477,"DENI067","GERMANY","Traffic","urban",8.04147,52.2703,0,0,0,0,0,2800,0,0,0.0288306,955343,81.0081024,298295,14.6740999,0,56,19,1.99484,5.0843201,70,10.6494999,1.02241,47603.60156,128943,21662.90039,"DENI067",8.04150390664642,52.2703247072622,"EEA AirBase v8 ArcGIS","station_european_code;station_local_code",2,1,FALSE,TRUE,"DE","GERMANY"
338,"DENI077",8,2010,"day",8.978,"DENI077","GERMANY","Background","rural",9.55462,51.708839,0,3800,1300,0,0,0,0,541.8540039,0.80573,0,0,0,0,0,0,0,1.78951,5.30825,289,9.7412596,0.95246,11811.40039,0,0,"DENI077",9.55468750010011,51.7089233399356,"EEA AirBase v8 ArcGIS","station_european_code;station_local_code",2,1,FALSE,TRUE,"DE","GERMANY"
339,"DENW008",8,2010,"day",32.747,"DENW008","GERMANY","Background","urban",7.457464,51.536911,0,500,0,500,900,100,0,57.3011017,0.0311166,1855500,202.4929962,26792.19922,1.36002,0,73,0,2.00336,5.27847,72,10.8360004,3.1506801,79995.39844,361040,6116.589844,"DENW008",7.45751953125321,51.5369262692734,"EEA AirBase v8 ArcGIS","station_european_code;station_local_code",2,1,FALSE,TRUE,"DE","GERMANY"
340,"DENW010",8,2010,"day",24.679,"DENW010","GERMANY","Background","suburban",7.693836,51.547493,0,700,0,100,600,1700,0,0,0.442748,1191090,103.5859985,90247.79688,4.4664402,0,88,0,2.0041001,5.2807202,76,10.7152996,3.14205,52793.39844,135011,11723.5,"DENW010",7.69390869107129,51.5474853516074,"EEA AirBase v8 ArcGIS","station_european_code;station_local_code",2,1,FALSE,TRUE,"DE","GERMANY"
341,"DENW022",8,2010,"day",29.713,"DENW022","GERMANY","Background","suburban",7.101786,51.533646,0,0,0,0,200,2100,0,0,0.125277,2644400,205.5540009,261377,12.6458998,0,0,0,2.0043199,5.27774,30,11.0270996,2.0834601,70689.5,255610,10230.7002,"DENW022",7.10192871137145,51.5336914063654,"EEA AirBase v8 ArcGIS","station_european_code;station_local_code",2,1,FALSE,TRUE,"DE","GERMANY"
342,"DENW030",8,2010,"day",24.397,"DENW030","GERMANY","Background","suburban",6.629575,51.67281,0,1300,0,0,1200,100,0,71.3184967,0.55631,877856,107.3290024,0,0,0,86,0,2.0042,5.2095599,25,11.2652998,2.07673,44382.30078,133494,12014.7002,"DENW030",6.62969970703992,51.6729125976759,"EEA AirBase v8 ArcGIS","station_european_code;station_local_code",2,1,FALSE,TRUE,"DE","GERMANY"
343,"DENW034",8,2010,"day",29.094,"DENW034","GERMANY","Industrial","urban",6.748403,51.524021,0,800,0,100,300,2500,0,0,0.0666509,1532670,156.151001,243781,13.6127005,0,0,0,1.99426,5.22088,17,11.2951002,0,71584.29688,164592,14235.59961,"DENW034",6.74847412116793,51.524108886723,"EEA AirBase v8 ArcGIS","station_european_code;station_local_code",2,1,FALSE,TRUE,"DE","GERMANY"
344,"DENW038",8,2010,"day",33.319,"DENW038","GERMANY","Background","urban",6.865108,51.453461,0,300,0,0,300,2100,0,0,0.0455367,7607260,321.9450073,195002,13.8522997,0,0,0,2.0012,5.2383299,40,11.1948996,0,67647.20313,236648,12524.5,"DENW038",6.86511230471941,51.4534912108867,"EEA AirBase v8 ArcGIS","station_european_code;station_local_code",2,1,FALSE,TRUE,"DE","GERMANY"
345,"DENW043",8,2010,"day",43.433,"DENW043","GERMANY","Traffic","urban",7.030603,51.451176,0,0,0,0,0,2500,0,0,0.0030424,1963840,420.5239868,368315,19.9622993,0,248,0,2.0011699,5.2660699,112,11.0389996,0,98249.39844,246508,12306,"DENW043",7.03070068343585,51.4512939451829,"EEA AirBase v8 ArcGIS","station_european_code;station_local_code",2,1,FALSE,TRUE,"DE","GERMANY"
346,"DENW058",8,2010,"day",26.772,"DENW058","GERMANY","Industrial","suburban",6.873789,50.876122,0,100,200,200,0,2100,0,74.2804031,0.518048,1243810,100.7529984,170758,9.6585102,0,0,0,1.99731,5.2392902,92,11.3816996,0,58341.19922,119841,12378.7998,"DENW058",6.8739013675603,50.8760986330755,"EEA AirBase v8 ArcGIS","station_european_code;station_local_code",2,1,FALSE,TRUE,"DE","GERMANY"
347,"DENW065",8,2010,"day",5.265,"DENW065","GERMANY","Background","rural",8.191934,50.930328,0,0,2900,0,0,0,0,203.0709991,0.341418,0,0,0,0,0,0,0,1.74529,5.42311,642,8.8260498,3.0355,9484.919922,0,0,"DENW065",8.19207763709159,50.9302978517821,"EEA AirBase v8 ArcGIS","station_european_code;station_local_code",2,1,FALSE,TRUE,"DE","GERMANY"
348,"DENW066",8,2010,"day",25.234,"DENW066","GERMANY","Traffic","rural",6.195867,51.326939,0,4100,0,0,200,1000,0,1194.839966,1.9291,1423850,197.6840057,42572,2.31442,0,61,0,2.0041201,5.09833,46,11.4847002,1.04067,45930.69922,145622,7469.540039,"DENW066",6.19592285128989,51.3270874024022,"EEA AirBase v8 ArcGIS","station_european_code;station_local_code",2,1,FALSE,TRUE,"DE","GERMANY"
349,"DENW067",8,2010,"day",26.962,"DENW067","GERMANY","Background","urban",8.548389,52.02317,0,0,0,400,800,600,0,0,0.0043006,1581050,206.7319946,45402.60156,2.2320399,0,81,0,1.9896899,5.18817,107,10.5684004,0,69257.79688,205550,14963.7998,"DENW067",8.54852294884467,52.0233154297581,"EEA AirBase v8 ArcGIS","station_european_code;station_local_code",2,1,FALSE,TRUE,"DE","GERMANY"
350,"DENW079",8,2010,"day",35.336,"DENW079","GERMANY","Background","suburban",7.005064,51.028877,0,0,0,0,400,2100,0,0,0.0905518,1066710,537.5969849,183234,9.7566099,0,16,0,2.00352,5.2578301,50,11.1849003,3.9805,79100.60156,209342,11468.59961,"DENW079",7.00512695344738,51.0289306639456,"EEA AirBase v8 ArcGIS","station_european_code;station_local_code",2,1,FALSE,TRUE,"DE","GERMANY"
351,"DENW080",8,2010,"day",26.049,"DENW080","GERMANY","Background","suburban",7.052633,51.183773,0,0,0,900,0,1800,0,0,0.0986909,1203250,210.2030029,157171,8.1181402,0,87,0,1.96126,5.26578,208,10.8556004,4.1097002,60846.60156,28822.5,18786.69922,"DENW080",7.05267333963982,51.1838989260223,"EEA AirBase v8 ArcGIS","station_european_code;station_local_code",2,1,FALSE,TRUE,"DE","GERMANY"
352,"DENW094",8,2010,"day",18.429,"DENW094","GERMANY","Background","urban",6.093923,50.754704,0,0,0,0,0,2900,0,0,0.191845,200003,25.6107006,225484,10.8374996,0,88,0,1.96324,5.0889902,203,10.5340996,1.1225899,54046.10156,9101.839844,17840.09961,"DENW094",6.09387207007411,50.7546997071091,"EEA AirBase v8 ArcGIS","station_european_code;station_local_code",2,1,FALSE,TRUE,"DE","GERMANY"
353,"DENW095",8,2010,"day",23.815,"DENW095","GERMANY","Background","urban",7.61158,51.93655,0,0,0,0,0,2500,0,0,0.262776,3037170,153.4320068,367076,23.8127003,0,65,0,2.0034599,5.1679001,64,10.9399004,3.0867,61562.5,133494,19988.19922,"DENW095",7.61169433638122,51.9365234374447,"EEA AirBase v8 ArcGIS","station_european_code;station_local_code",2,1,FALSE,TRUE,"DE","GERMANY"
354,"DENW101",8,2010,"day",48.404,"DENW101","GERMANY","Traffic","urban",7.464347,51.519638,0,0,0,0,300,1400,0,0,0.0025931,2114730,189.8370056,160753,8.1601105,0,119,0,2.0041599,5.2828302,79,10.7979002,3.15097,84290.5,316289,12014.7002,"DENW101",7.46447753918588,51.51971435538,"EEA AirBase v8 ArcGIS","station_european_code;station_local_code",2,1,FALSE,TRUE,"DE","GERMANY"
355,"DENW116",8,2010,"day",34.992,"DENW116","GERMANY","Industrial","suburban",6.670194,51.34256,0,0,0,0,0,0,0,0,0.612523,728115,150.8450012,0,0,0,0,0,1.9998,5.2000499,34,11.3360996,0,48677.30078,164592,1638.369995,"DENW116",6.67028808619798,51.3427124021202,"EEA AirBase v8 ArcGIS","station_european_code;station_local_code",2,1,FALSE,TRUE,"DE","GERMANY"
356,"DENW133",8,2010,"day",63.344,"DENW133","GERMANY","Traffic","urban",7.463531,51.362827,0,100,0,0,600,700,0,0,0.0608667,1291400,188.6840057,72434.20313,3.6625199,0,0,27,1.87681,5.3206301,112,10.3046999,2.10413,60667.69922,194173,12269.59961,"DENW133",7.46350097614892,51.3629150393006,"EEA AirBase v8 ArcGIS","station_european_code;station_local_code",2,1,FALSE,TRUE,"DE","GERMANY"
357,"DENW134",8,2010,"day",53.935,"DENW134","GERMANY","Traffic","urban",7.005278,51.477932,0,0,0,400,100,1800,0,0,0.0022818,2267480,523.7080078,301349,16.3327999,0,51,22,1.9992501,5.2628398,49,11.0683002,2.0827401,79637.5,270021,9757.419922,"DENW134",7.00531005884838,51.4779052733685,"EEA AirBase v8 ArcGIS","station_european_code;station_local_code",2,1,FALSE,TRUE,"DE","GERMANY"
358,"DENW136",8,2010,"day",62.015,"DENW136","GERMANY","Traffic","urban",7.483597,51.523567,0,0,0,0,100,2700,0,0,0.0103722,2842380,258.3280029,321506,16.3202,0,107,0,2.0039401,5.2821002,82,10.8062,3.1505499,62815.19922,446749,9356.929688,"DENW136",7.48370361347663,51.5236816406773,"EEA AirBase v8 ArcGIS","station_european_code;station_local_code",2,1,FALSE,TRUE,"DE","GERMANY"
359,"DENW179",8,2010,"day",26.409,"DENW179","GERMANY","Background","urban",7.582294,51.448761,0,200,300,0,1000,900,0,170.647995,0.5682,889788,90.8254013,12892.5,0.638063,0,70,0,1.9911799,5.3022299,119,10.4896002,2.10425,46350.80078,125909,9903.05957,"DENW179",7.58227539027696,51.4489135743751,"EEA AirBase v8 ArcGIS","station_european_code;station_local_code",2,1,FALSE,TRUE,"DE","GERMANY"
360,"DENW180",8,2010,"day",23.881,"DENW180","GERMANY","Industrial","suburban",6.559478,51.063766,0,3700,0,0,0,1300,0,527.0930176,1.0832,1445820,172.4109955,111568,7.0624299,0,0,0,1.9665,5.1753602,62,11.4527998,0,26128.30078,189622,4186.950195,"DENW180",6.55950927727493,51.0639038085963,"EEA AirBase v8 ArcGIS","station_european_code;station_local_code",2,1,FALSE,TRUE,"DE","GERMANY"
361,"DENW186",8,2010,"day",38.726,"DENW186","GERMANY","Traffic","urban",8.521575,52.026237,0,0,0,0,0,2900,0,0,0.148372,997337,79.2321014,295117,14.5082998,0,80,0,1.95445,5.1865101,129,10.5888004,0,63531.10156,121358,14818.2002,"DENW186",8.52148437474992,52.0263061521439,"EEA AirBase v8 ArcGIS","station_european_code;station_local_code",2,1,FALSE,TRUE,"DE","GERMANY"
362,"DENW211",8,2010,"day",65.038,"DENW211","GERMANY","Traffic","urban",7.004589,50.96286,0,0,0,0,600,1200,0,0,0.0500952,2392460,284.4240112,155326,9.5925999,0,34,30,1.99708,5.2589698,52,11.2459002,3.99809,84290.5,198724,10340,"DENW211",7.00469970661343,50.9628906250103,"EEA AirBase v8 ArcGIS","station_european_code;station_local_code",2,1,FALSE,TRUE,"DE","GERMANY"
363,"DENW212",8,2010,"day",53.222,"DENW212","GERMANY","Traffic","urban",6.9577,50.947369,0,0,0,100,0,2000,0,0,0.0017078,2384610,216.2810059,517752,31.9752998,0,39,24,2.0002401,5.2513399,54,11.2983999,4.0100098,92701.70313,168384,9393.339844,"DENW212",6.95770263662399,50.9475097657092,"EEA AirBase v8 ArcGIS","station_european_code;station_local_code",2,1,FALSE,TRUE,"DE","GERMANY"
364,"DENW224",8,2010,"day",38.151,"DENW224","GERMANY","Traffic","urban",6.740661,51.564751,0,0,0,600,0,1800,0,0,0.181432,1050950,174.878006,122607,5.94522,0,142,0,2.0028801,5.22156,31,11.2763996,0,48856.30078,148663,14235.59961,"DENW224",6.74072265649766,51.5648803712922,"EEA AirBase v8 ArcGIS","station_european_code;station_local_code",2,1,FALSE,TRUE,"DE","GERMANY"
365,"DENW247",8,2010,"day",37.63,"DENW247","GERMANY","Background","suburban",6.965641,51.406967,0,3100,0,0,200,400,0,538.3359985,0.40608,430968,128.4929962,66966.39844,3.6294999,10,93,0,1.9782701,5.25424,157,11.073,0,56551.60156,88743,9429.75,"DENW247",6.96569824182895,51.4071044920739,"EEA AirBase v8 ArcGIS","station_european_code;station_local_code",2,1,FALSE,TRUE,"DE","GERMANY"
366,"DENW260",8,2010,"day",46.639,"DENW260","GERMANY","Traffic","urban",7.619386,51.953266,0,0,0,0,0,2600,0,0,0.0318977,1596070,57.7859993,336486,21.8283005,0,0,26,2.0041001,5.1629,67,10.9333,3.08494,78205.79688,106188,18932.30078,"DENW260",7.61950683618518,51.9533081052142,"EEA AirBase v8 ArcGIS","station_european_code;station_local_code",2,1,FALSE,TRUE,"DE","GERMANY"
367,"DENW284",8,2010,"day",35.206,"DENW284","GERMANY","Traffic","urban",7.697778,51.374191,0,0,0,0,0,2900,0,0,0.196164,165370,0,125006,6.4142299,0,112,0,1.77492,5.3221202,250,10.0705996,2.1036501,40982,3792.439941,17949.30078,"DENW284",7.69787597655613,51.3743286131489,"EEA AirBase v8 ArcGIS","station_european_code;station_local_code",2,1,FALSE,TRUE,"DE","GERMANY"
368,"DERP002",8,2010,"day",38.457,"DERP002","GERMANY","Traffic","urban",8.438589,49.482319,0,0,0,0,100,2100,0,0,0.0957122,3435310,668.0969849,221804,10.6012001,0,39,9,2.0005701,5.5269699,92,11.2762003,1.69835,99323.20313,204792,12597.2998,"DERP002",8.43872070295854,49.4822998044226,"EEA AirBase v8 ArcGIS","station_european_code;station_local_code",2,1,FALSE,TRUE,"DE","GERMANY"
369,"DERP009",8,2010,"day",40.877,"DERP009","GERMANY","Background","urban",8.273964,49.994976,0,0,0,300,300,1700,0,0,0.0572732,838623,153.2910004,496631,27.9253006,0,0,0,1.98542,5.4744501,100,10.8896999,1.74795,72837,138803,10995.2998,"DERP009",8.2741088863807,49.9951171872441,"EEA AirBase v8 ArcGIS","station_european_code;station_local_code",2,1,FALSE,TRUE,"DE","GERMANY"
370,"DERP012",8,2010,"day",44.896,"DERP012","GERMANY","Traffic","urban",8.268997,49.998837,0,0,0,0,600,1900,0,0,0.0250576,831640,162.8170013,386269,21.7196999,0,19,0,1.98657,5.47366,96,10.8823996,1.75578,79279.60156,146388,10886.09961,"DERP012",8.26910400362362,49.9989013669497,"EEA AirBase v8 ArcGIS","station_european_code;station_local_code",2,1,FALSE,TRUE,"DE","GERMANY"
371,"DERP015",8,2010,"day",9.581,"DERP015","GERMANY","Background","rural",6.380622,50.266319,0,0,2900,0,0,0,0,433.6549988,1.08707,0,0,0,0,0,0,0,1.87325,5.2174401,674,8.7591,1.1394399,13422.09961,0,0,"DERP015",6.37811279265124,50.266479492472,"EEA AirBase v8 ArcGIS","station_european_code;station_local_code",2,1,FALSE,TRUE,"DE","GERMANY"
372,"DERP017",8,2010,"day",8.544,"DERP017","GERMANY","Background","rural",7.826522,49.270264,0,0,2900,0,0,0,0,257.8150024,1.1289099,0,0,0,0,0,0,0,1.63972,5.4986401,607,10.4224005,0,1610.650024,0,0,"DERP017",7.82647705079734,49.270324706795,"EEA AirBase v8 ArcGIS","station_european_code;station_local_code",2,1,FALSE,TRUE,"DE","GERMANY"
373,"DERP019",8,2010,"day",25.735,"DERP019","GERMANY","Background","urban",7.768869,49.446747,0,0,0,0,0,2300,0,0,0.115472,689877,41.4608002,244385,11.1378002,0,0,3,1.96085,5.4763198,239,10.4181004,1.88631,73910.79688,54611.10156,18058.5,"DERP019",7.76727294958349,49.4461059572664,"EEA AirBase v8 ArcGIS","station_european_code;station_local_code",2,1,FALSE,TRUE,"DE","GERMANY"
374,"DERP021",8,2010,"day",28.631,"DERP021","GERMANY","Background","urban",7.481394,50.424675,0,2100,0,0,600,1100,0,134.4589996,0.209791,4902420,331.4179993,26027.59961,1.2961299,0,0,0,1.9971499,5.3570499,67,10.4320002,0.958937,39013.39844,202516,7609.330078,"DERP021",7.48150634776642,50.4246826169058,"EEA AirBase v8 ArcGIS","station_european_code;station_local_code",2,1,FALSE,TRUE,"DE","GERMANY"
375,"DERP022",8,2010,"day",31.785,"DERP022","GERMANY","Background","urban",7.866208,49.842133,0,0,0,0,200,2500,0,0,0.322942,6163220,199.4579926,106148,5.05582,0,0,0,1.94578,5.4475698,108,10.5728998,1.85602,41518.89844,96327.89844,19696.90039,"DERP022",7.86627197231944,49.8422851559986,"EEA AirBase v8 ArcGIS","station_european_code;station_local_code",2,1,FALSE,TRUE,"DE","GERMANY"
376,"DERP023",8,2010,"day",31.904,"DERP023","GERMANY","Traffic","urban",8.35533,49.629528,0,0,0,0,400,2300,0,0,0.654273,3303630,173.3470001,144625,6.4451098,0,0,0,2.00371,5.5086799,103,11.1974001,2.5664101,77132.10156,128943,16747.80078,"DERP023",8.36492919940906,49.6287231444082,"EEA AirBase v8 ArcGIS","station_european_code;station_local_code",2,1,FALSE,TRUE,"DE","GERMANY"
377,"DERP024",8,2010,"day",42.177,"DERP024","GERMANY","Traffic","urban",7.596583,50.355579,0,0,0,100,600,1100,0,0,0.111173,2168890,122.8150024,182008,9.7365599,0,0,0,1.88371,5.3763399,76,10.3648996,1.90731,77669,182795,9903.05957,"DERP024",7.5966796872116,50.3544921875416,"EEA AirBase v8 ArcGIS","station_european_code;station_local_code",2,1,FALSE,TRUE,"DE","GERMANY"
378,"DERP025",8,2010,"day",24.248,"DERP025","GERMANY","Background","urban",8.253548,49.052322,0,1700,100,0,0,2400,0,219.0379944,1.34268,1829190,12.1168003,95806.89844,4.6226902,0,0,0,1.99482,5.5497599,116,11.4766998,1.7053601,31497.09961,25788.59961,9029.259766,"DERP025",8.25347900401566,49.0523071288848,"EEA AirBase v8 ArcGIS","station_european_code;station_local_code",2,1,FALSE,TRUE,"DE","GERMANY"
379,"DERP026",8,2010,"day",37.21,"DERP026","GERMANY","Traffic","urban",8.356562,49.536022,0,0,0,0,0,2900,0,0,1.85356,4228270,315.901001,185167,8.4179096,0,0,0,2.0042601,5.5162101,97,11.2496996,2.5680599,50466.89844,88743,18204.19922,"DERP026",8.35528564469682,49.5333251955944,"EEA AirBase v8 ArcGIS","station_european_code;station_local_code",2,1,FALSE,TRUE,"DE","GERMANY"
380,"DERP027",8,2010,"day",25.116,"DERP027","GERMANY","Traffic","urban",8.135956,49.353863,0,1100,0,0,0,2900,0,0,2.2535501,672423,20.1229,209891,9.7554398,0,6,0,1.7878799,5.5142899,141,10.9556999,3.5311799,38297.60156,45509.19922,15692,"DERP027",8.13787841773653,49.3557128905412,"EEA AirBase v8 ArcGIS","station_european_code;station_local_code",2,1,FALSE,TRUE,"DE","GERMANY"
381,"DERP028",8,2010,"day",13.587,"DERP028","GERMANY","Background","rural",7.732456,50.424568,0,0,2900,0,0,0,0,303.0759888,0.812655,0,0,0,0,0,0,0,1.8809,5.3880601,554,10.2715998,0.947092,0,0,0,"DERP028",7.72991943340792,50.4243164060998,"EEA AirBase v8 ArcGIS","station_european_code;station_local_code",2,1,FALSE,TRUE,"DE","GERMANY"
382,"DERP036",8,2010,"day",40.163,"DERP036","GERMANY","Traffic","urban",6.636978,49.750126,0,0,0,100,400,1900,0,0,0.187149,2290080,139.3699951,294205,12.6454,0,201,0,1.89773,5.3333702,142,10.1647997,3.9499099,75342.5,120599,13653.09961,"DERP036",6.63708496090826,49.7501220702138,"EEA AirBase v8 ArcGIS","station_european_code;station_local_code",2,1,FALSE,TRUE,"DE","GERMANY"
383,"DERP045",8,2010,"day",44.81,"DERP045","GERMANY","Traffic","urban",7.592514,50.359604,0,0,0,0,600,1300,0,0,0.0725041,2542110,161.8269958,318515,17.0389996,0,208,0,1.91013,5.3756499,78,10.3746996,1.90751,78026.89844,212376,8373.910156,"DERP045",7.59252929722412,50.359680176004,"EEA AirBase v8 ArcGIS","station_european_code;station_local_code",2,1,FALSE,TRUE,"DE","GERMANY"
384,"DERP046",8,2010,"day",31.359,"DERP046","GERMANY","Traffic","urban",7.460811,50.431396,0,0,0,0,0,2900,0,0,0.161946,4207860,153.102005,112786,5.61654,0,0,0,1.99621,5.3539901,66,10.4413004,2.8768001,47603.60156,161558,14381.2998,"DERP046",7.46087646450305,50.4315185547926,"EEA AirBase v8 ArcGIS","station_european_code;station_local_code",2,1,FALSE,TRUE,"DE","GERMANY"
385,"DESH022",8,2010,"day",34.868,"DESH022","GERMANY","Traffic","urban",9.438089,54.781429,0,0,0,0,0,2300,0,0,0.0213873,270623,58.5806007,229358,11.4033003,0,23,29,1.9938999,2.90309,7,9.5425701,4.6767402,76058.29688,109222,20607.09961,"DESH022",9.43811035168232,54.7814941408285,"EEA AirBase v8 ArcGIS","station_european_code;station_local_code",2,1,FALSE,TRUE,"DE","GERMANY"
386,"DESH025",8,2010,"day",53.704,"DESH025","GERMANY","Traffic","urban",9.511769,53.928032,0,0,0,0,0,2800,0,0,0.479656,1940740,273.9670105,81594.39844,4.9148002,0,0,13,2.0025699,4.1288199,11,9.9344501,0,45992.89844,87984.5,16092.5,"DESH025",9.5119018552318,53.9281005861125,"EEA AirBase v8 ArcGIS","station_european_code;station_local_code",2,1,FALSE,TRUE,"DE","GERMANY"
387,"DESH030",8,2010,"day",46.527,"DESH030","GERMANY","Traffic","urban",9.997256,53.681992,0,100,100,0,0,2700,0,47.5931015,0.198535,1403940,70.1653976,160691,9.7697401,0,124,7,2.0043199,4.2709198,27,10.0249004,4.0521498,43666.39844,49301.69922,21371.69922,"DESH030",9.99731445292639,53.6821289059846,"EEA AirBase v8 ArcGIS","station_european_code;station_local_code",2,1,FALSE,TRUE,"DE","GERMANY"
388,"DESH033",8,2010,"day",20.454,"DESH033","GERMANY","Background","urban",10.116564,54.309673,0,0,0,800,700,500,0,0,0.0275879,1422620,166.1609955,103723,5.3390298,0,0,0,1.99933,3.04318,37,9.7611599,1.1665,76774.10156,173694,12087.59961,"DESH033",10.1166992183911,54.3096923825723,"EEA AirBase v8 ArcGIS","station_european_code;station_local_code",2,1,FALSE,TRUE,"DE","GERMANY"
389,"DESH034",8,2010,"day",44.873,"DESH034","GERMANY","Traffic","urban",9.805228,53.659576,0,300,0,0,0,2900,0,0,0.617093,2074560,39.0205994,116310,6.42869,0,92,0,2.00366,4.03759,5,10.0805998,4.0394301,44203.30078,39441.30078,17439.59961,"DESH034",9.80529785145186,53.6594848634598,"EEA AirBase v8 ArcGIS","station_european_code;station_local_code",2,1,FALSE,TRUE,"DE","GERMANY"
390,"DESH035",8,2010,"day",23.786,"DESH035","GERMANY","Industrial","suburban",9.156908,53.896118,0,0,0,0,800,0,0,0,0.290655,2962720,230.9360046,0,0,0,0,0,2.0043199,2.8010299,0,10.0325003,1.11821,18611.90039,226788,5024.350098,"DESH035",9.15692138668671,53.8961181641822,"EEA AirBase v8 ArcGIS","station_european_code;station_local_code",2,1,FALSE,TRUE,"DE","GERMANY"
391,"DESL010",8,2010,"day",24.947,"DESL010","GERMANY","Background","urban",6.948775,49.244247,0,0,0,0,400,1700,0,0,0.162531,1767180,247.9779968,188413,9.7735996,0,0,0,1.95531,5.4345698,212,10.6306,0.970936,51719.60156,213135,8155.459961,"DESL010",6.94891357378307,49.2443237303022,"EEA AirBase v8 ArcGIS","station_european_code;station_local_code",2,1,FALSE,TRUE,"DE","GERMANY"
392,"DESL011",8,2010,"day",15.789,"DESL011","GERMANY","Background","urban",7.036322,49.237225,0,0,1400,100,0,1400,0,202.0859985,0.238106,1091490,81.1229019,146543,7.6016898,0,0,0,1.7358201,5.44204,315,10.6209002,1.93247,46887.69922,116807,8774.400391,"DESL011",7.0363159175296,49.2373046875144,"EEA AirBase v8 ArcGIS","station_european_code;station_local_code",2,1,FALSE,TRUE,"DE","GERMANY"
393,"DESL012",8,2010,"day",31.513,"DESL012","GERMANY","Background","urban",6.9876,49.233463,0,0,0,100,300,1300,0,0,0.0145686,1569670,165.0110016,104674,5.42978,0,0,35,1.91906,5.4389501,194,10.6514997,0.971395,87690.79688,163075,13325.40039,"DESL012",6.98767089803292,49.2335205077797,"EEA AirBase v8 ArcGIS","station_european_code;station_local_code",2,1,FALSE,TRUE,"DE","GERMANY"
394,"DESL017",8,2010,"day",19.94,"DESL017","GERMANY","Background","urban",6.867744,49.254345,0,100,0,1000,400,1200,0,0,0.170271,1798360,170.5420074,62804.19922,3.25787,0,23,0,1.93964,5.4270501,191,10.6327,0.968566,49393.19922,229063,10303.5,"DESL017",6.86767578123159,49.2542724607712,"EEA AirBase v8 ArcGIS","station_european_code;station_local_code",2,1,FALSE,TRUE,"DE","GERMANY"
395,"DESL018",8,2010,"day",22.509,"DESL018","GERMANY","Background","urban",7.061678,49.299374,0,0,0,0,200,2700,0,0,0.291223,790032,88.4977036,230282,11.9455004,0,75,0,1.86858,5.4359999,236,10.5051003,2.9093201,49393.19922,114532,7791.379883,"DESL018",7.06170654301536,49.2994995115648,"EEA AirBase v8 ArcGIS","station_european_code;station_local_code",2,1,FALSE,TRUE,"DE","GERMANY"
396,"DESN001",8,2010,"day",26.325,"DESN001","GERMANY","Background","urban",12.997278,50.570869,0,600,200,0,0,2500,0,61.2703018,0.412179,1433070,32.2187004,66662.5,2.9047599,0,0,16,1.83211,5.5828099,555,7.6636801,3.7225299,25233.5,21996.09961,13543.90039,"DESN001",12.9973144531077,50.5709228517279,"EEA AirBase v8 ArcGIS","station_european_code;station_local_code",2,1,FALSE,TRUE,"DE","GERMANY"
397,"DESN011",8,2010,"day",26.751,"DESN011","GERMANY","Background","urban",12.917336,50.832462,0,0,0,0,0,2800,0,0,0,2293820,100.5490036,236144,9.4418697,0,182,0,1.99798,5.55093,300,9.4534502,0.936645,94849.20313,124392,19260,"DESN011",12.9174804686305,50.8325195313322,"EEA AirBase v8 ArcGIS","station_european_code;station_local_code",2,1,FALSE,TRUE,"DE","GERMANY"
398,"DESN017",8,2010,"day",26.793,"DESN017","GERMANY","Background","urban",13.346825,50.916302,0,0,0,0,0,2900,0,0,0.150608,6636970,153.7870026,71948.89844,3.36745,0,0,3,1.98931,5.5313802,395,9.2732496,3.7313001,49214.19922,145630,20971.19922,"DESN017",13.3469238280937,50.916320800991,"EEA AirBase v8 ArcGIS","station_european_code;station_local_code",2,1,FALSE,TRUE,"DE","GERMANY"
399,"DESN019",8,2010,"day",26.099,"DESN019","GERMANY","Background","urban",12.542056,50.826,0,0,0,0,600,1500,0,0,0.320464,2616830,148.0119934,56642.89844,2.3117099,0,0,0,1.97804,5.5441699,236,9.8951302,1.8609101,63710,111498,16238.09961,"DESN019",12.542114258255,50.8261108396585,"EEA AirBase v8 ArcGIS","station_european_code;station_local_code",2,1,FALSE,TRUE,"DE","GERMANY"
400,"DESN025",8,2010,"day",48.405,"DESN025","GERMANY","Traffic","urban",12.377164,51.344162,0,0,0,0,100,1400,0,0,0,3239820,138.0140076,213796,8.77038,0,73,22,2.00407,5.4642501,110,10.6889,0.900513,93059.60156,207067,10849.7002,"DESN025",12.3770751957415,51.3442993163492,"EEA AirBase v8 ArcGIS","station_european_code;station_local_code",2,1,FALSE,TRUE,"DE","GERMANY"
401,"DESN052",8,2010,"day",11.037,"DESN052","GERMANY","Background","rural",13.75145,50.731476,0,3900,500,0,100,200,0,498.6470032,0.51612,513117,12.5110998,12201,0.516846,0,0,0,1.92542,5.5515299,876,8.4421501,0,23208.90039,17083.59961,2329.02002,"DESN052",13.7515258791724,50.7315063476148,"EEA AirBase v8 ArcGIS","station_european_code;station_local_code",2,1,FALSE,TRUE,"DE","GERMANY"
402,"DESN061",8,2010,"day",39.438,"DESN061","GERMANY","Traffic","urban",13.741398,51.06493,0,0,0,100,0,1300,0,0,0.059375,3112130,151.9889984,201634,8.6335001,0,0,21,2.0012801,5.5042,115,10.0803003,0.921819,90017.20313,172935,10558.40039,"DESN061",13.7415161136582,51.0648803711992,"EEA AirBase v8 ArcGIS","station_european_code;station_local_code",2,1,FALSE,TRUE,"DE","GERMANY"
403,"DESN074",8,2010,"day",11.994,"DESN074","GERMANY","Background","rural",13.465077,50.6591,0,6000,500,0,0,0,0,695.0579834,0.828092,0,0,0,0,0,0,0,1.84881,5.56427,778,8.33992,2.6761301,31676,0,1419.920044,"DESN074",13.4650878908851,50.6591186523058,"EEA AirBase v8 ArcGIS","station_european_code;station_local_code",2,1,FALSE,TRUE,"DE","GERMANY"
404,"DESN077",8,2010,"day",44.614,"DESN077","GERMANY","Traffic","urban",12.334685,51.335869,0,0,0,0,0,2700,0,0,0,2402740,95.0523987,397050,16.2879009,0,0,9,2.0034599,5.4646401,115,10.6962004,0.90002,67110.29688,158524,12269.59961,"DESN077",12.3347167968089,51.3358764649142,"EEA AirBase v8 ArcGIS","station_european_code;station_local_code",2,1,FALSE,TRUE,"DE","GERMANY"
405,"DESN084",8,2010,"day",50.086,"DESN084","GERMANY","Traffic","urban",13.731607,51.026295,0,800,0,0,300,1100,0,69.7796021,0.0933079,2857600,134.1080017,172829,7.4001498,0,0,21,1.98386,5.5100398,154,9.9530401,0.922231,77132.10156,136528,15692,"DESN084",13.7316894535451,51.0263061522366,"EEA AirBase v8 ArcGIS","station_european_code;station_local_code",2,1,FALSE,TRUE,"DE","GERMANY"
406,"DEST002",8,2010,"day",16.558,"DEST002","GERMANY","Background","suburban",11.864795,52.268368,0,700,0,300,100,2000,0,0,0.402954,356557,9.3917303,50160.5,2.43136,0,0,0,2.00352,5.2642002,49,10.6384001,0.902718,38834.5,97086.29688,13289,"DEST002",11.8649291996205,52.2684936525128,"EEA AirBase v8 ArcGIS","station_european_code;station_local_code",2,1,FALSE,TRUE,"DE","GERMANY"
407,"DEST015",8,2010,"day",15.699,"DEST015","GERMANY","Industrial","suburban",12.3029,51.651165,0,1700,0,0,0,2300,0,78.3496017,0.453127,7843270,165.3170013,51178.5,2.3102901,0,0,0,2.0042901,5.4094701,75,10.7514,2.69643,21833.19922,273055,3750.060059,"DEST015",12.3029174804917,51.6513061522893,"EEA AirBase v8 ArcGIS","station_european_code;station_local_code",2,1,FALSE,TRUE,"DE","GERMANY"
408,"DEST029",8,2010,"day",23.778,"DEST029","GERMANY","Traffic","suburban",11.738976,51.803566,0,0,0,300,0,2600,0,0,0.246692,1555290,45.8470993,78361.89844,3.21857,0,0,11,1.9858299,5.36514,62,10.6610003,2.7037699,68899.89844,210101,15145.90039,"DEST029",11.7390747072925,51.803710937653,"EEA AirBase v8 ArcGIS","station_european_code;station_local_code",2,1,FALSE,TRUE,"DE","GERMANY"
409,"DEST039",8,2010,"day",5.185,"DEST039","GERMANY","Background","rural",10.618275,51.798626,0,0,2900,0,0,0,0,299.8529968,0.703115,0,0,0,0,0,0,0,1.76509,5.3010802,1132,8.8109598,2.8872001,0,0,0,"DEST039",10.6182861327949,51.798706054565,"EEA AirBase v8 ArcGIS","station_european_code;station_local_code",2,1,FALSE,TRUE,"DE","GERMANY"
410,"DEST044",8,2010,"day",16.882,"DEST044","GERMANY","Background","urban",11.057462,51.897018,0,0,0,0,400,2000,0,0,0.116906,5016090,122.6750031,51091.69922,2.1337299,0,0,0,2.0042601,5.3009701,121,10.0316,0.945894,55119.89844,170660,15327.90039,"DEST044",11.0574951172376,51.8970947266364,"EEA AirBase v8 ArcGIS","station_european_code;station_local_code",2,1,FALSE,TRUE,"DE","GERMANY"
411,"DEST063",8,2010,"day",18.521,"DEST063","GERMANY","Background","urban",11.864362,52.598476,0,0,0,0,0,2900,0,0,0.0949491,2459700,46.6274986,53183.89844,2.3812399,0,0,0,2.0042,5.1685901,34,10.6126003,1.8164999,27560,131977,19078,"DEST063",11.8645019527866,52.5985107423327,"EEA AirBase v8 ArcGIS","station_european_code;station_local_code",2,1,FALSE,TRUE,"DE","GERMANY"
412,"DEST066",8,2010,"day",13.431,"DEST066","GERMANY","Background","urban",12.66369,51.870852,0,100,0,0,700,1400,0,0,0.229283,330506,19.0970001,24697.30078,1.0506901,0,0,0,2.00403,5.3804402,71,10.6215,0.905656,51540.69922,24271.59961,16456.59961,"DEST066",12.6636962894299,51.8709106443843,"EEA AirBase v8 ArcGIS","station_european_code;station_local_code",2,1,FALSE,TRUE,"DE","GERMANY"
413,"DEST068",8,2010,"day",14.978,"DEST068","GERMANY","Industrial","rural",12.389075,51.629383,0,3000,100,0,0,1800,0,156.6990051,0.255761,0,0,46060.60156,2.0792601,0,0,0,1.99369,5.4158001,92,10.7407999,2.6965301,10737.59961,0,4915.120117,"DEST068",12.3890991206666,51.6295166012992,"EEA AirBase v8 ArcGIS","station_european_code;station_local_code",2,1,FALSE,TRUE,"DE","GERMANY"
414,"DEST069",8,2010,"day",12.843,"DEST069","GERMANY","Background","rural",11.173939,52.855244,0,1500,0,0,600,100,0,31.2835999,0.385827,3729360,100.6869965,0,0,0,0,0,2.0043199,5.0694699,19,10.5185003,2.8062501,31497.09961,109981,8483.129883,"DEST069",11.1738891602544,52.8552856444999,"EEA AirBase v8 ArcGIS","station_european_code;station_local_code",2,1,FALSE,TRUE,"DE","GERMANY"
415,"DEST078",8,2010,"day",33.123,"DEST078","GERMANY","Background","urban",11.818216,51.156605,0,0,0,0,0,2900,0,0,0.398622,1505600,62.5537987,72053.10156,3.07007,0,0,0,1.98497,5.4727998,128,10.2988005,2.7165999,37939.69922,65988.39844,15910.40039,"DEST078",11.8182983395348,51.1566772463441,"EEA AirBase v8 ArcGIS","station_european_code;station_local_code",2,1,FALSE,TRUE,"DE","GERMANY"
416,"DEST081",8,2010,"day",28.278,"DEST081","GERMANY","Traffic","urban",11.974422,51.201748,0,0,0,0,0,2900,0,0,0.189327,3130450,74.9101028,72053.10156,3.07007,0,0,0,1.9802999,5.4737,102,10.5286999,2.70751,45098.10156,169901,18204.19922,"DEST081",11.974487304972,51.2017211916067,"EEA AirBase v8 ArcGIS","station_european_code;station_local_code",2,1,FALSE,TRUE,"DE","GERMANY"
417,"DEST089",8,2010,"day",8.805,"DEST089","GERMANY","Background","rural",11.17235,52.59317,0,0,2900,0,0,0,0,302.4079895,0.796362,0,0,0,0,0,0,0,2.0030301,5.1400399,93,10.5622997,2.8115799,0,0,0,"DEST089",11.1724853512818,52.5930786132359,"EEA AirBase v8 ArcGIS","station_european_code;station_local_code",2,1,FALSE,TRUE,"DE","GERMANY"
418,"DEST090",8,2010,"day",16.313,"DEST090","GERMANY","Industrial","suburban",12.032136,51.321381,0,2000,0,0,0,2700,0,29.3950005,0.774153,1864370,51.2335014,67990.79688,2.93979,0,0,0,2.0036199,5.4595399,97,10.6714001,1.80362,27202,140320,6917.580078,"DEST090",12.0322875972133,51.321472167901,"EEA AirBase v8 ArcGIS","station_european_code;station_local_code",2,1,FALSE,TRUE,"DE","GERMANY"
419,"DEST098",8,2010,"day",5.915,"DEST098","GERMANY","Background","rural",11.043384,51.662453,0,4100,1500,0,0,0,0,299.8529968,0.683538,0,0,0,0,0,0,0,1.91197,5.3495798,421,9.4703999,0.943333,5368.819824,0,0,"DEST098",11.0435180662386,51.6624755862045,"EEA AirBase v8 ArcGIS","station_european_code;station_local_code",2,1,FALSE,TRUE,"DE","GERMANY"
420,"DEST099",8,2010,"day",43.246,"DEST099","GERMANY","Traffic","urban",11.631291,52.131187,0,0,0,100,300,1300,0,0,0.0044302,1569940,111.7020035,194752,8.3855104,0,282,0,2.0033901,5.29494,59,10.5944996,0.909186,70689.5,200241,9538.980469,"DEST099",11.6312866208173,52.1312866208697,"EEA AirBase v8 ArcGIS","station_european_code;station_local_code",2,1,FALSE,TRUE,"DE","GERMANY"
421,"DEST102",8,2010,"day",58.641,"DEST102","GERMANY","Traffic","urban",11.981314,51.494759,0,0,0,0,300,1900,0,0,0.0256025,216536,71.7680969,181818,7.1666198,0,28,15,2.00368,5.4309602,118,10.7302999,1.79295,58520.19922,124392,18713.90039,"DEST102",11.981323241739,51.4948730468606,"EEA AirBase v8 ArcGIS","station_european_code;station_local_code",2,1,FALSE,TRUE,"DE","GERMANY"
422,"DEST103",8,2010,"day",39.323,"DEST103","GERMANY","Traffic","urban",11.632755,52.120903,0,0,0,400,400,1100,0,0,0.0053162,1596100,102.1849976,83464.89844,3.5937901,0,123,0,2.0035,5.29739,53,10.5986996,0.909052,64604.80078,211618,6080.189941,"DEST103",11.6328735351909,52.1209106445015,"EEA AirBase v8 ArcGIS","station_european_code;station_local_code",2,1,FALSE,TRUE,"DE","GERMANY"
423,"DETH009",8,2010,"day",22.631,"DETH009","GERMANY","Background","urban",12.074711,50.877316,0,0,0,0,100,2400,0,0,0.316288,1655620,61.3572998,194323,7.2548699,0,120,0,1.93976,5.5223498,193,10.0066004,3.6724,49035.19922,86467.5,16565.80078,"DETH009",12.0747070312796,50.8773193357307,"EEA AirBase v8 ArcGIS","station_european_code;station_local_code",2,1,FALSE,TRUE,"DE","GERMANY"
424,"DETH018",8,2010,"day",23.729,"DETH018","GERMANY","Background","urban",10.791403,51.497196,0,0,0,0,100,2300,0,0,0.0844999,3165520,124.1610031,78286.89844,3.0906601,0,0,13,1.99384,5.3720498,184,9.0798197,0.950139,33823.60156,276089,15582.7998,"DETH018",10.7915039059143,51.4973144529234,"EEA AirBase v8 ArcGIS","station_european_code;station_local_code",2,1,FALSE,TRUE,"DE","GERMANY"
425,"DETH027",8,2010,"day",9.191,"DETH027","GERMANY","Background","rural",11.134591,50.499954,0,200,2800,0,0,0,0,288.894989,0.386018,2065930,111.0830002,0,0,0,0,0,1.85069,5.5426798,849,8.10744,0.933537,20043.59961,56128,4150.549805,"DETH027",11.1347045900689,50.499877929417,"EEA AirBase v8 ArcGIS","station_european_code;station_local_code",2,1,FALSE,TRUE,"DE","GERMANY"
426,"DETH040",8,2010,"day",6.846,"DETH040","GERMANY","Background","rural",10.787137,50.619179,0,0,2900,0,0,0,0,280.928009,0.288764,105706,2.9925301,0,0,0,0,0,1.75099,5.5192099,902,8.30089,1.8537101,19864.59961,4550.919922,218.4499969,"DETH040",10.7871093753921,50.6193237303571,"EEA AirBase v8 ArcGIS","station_european_code;station_local_code",2,1,FALSE,TRUE,"DE","GERMANY"
427,"DETH042",8,2010,"day",8.367,"DETH042","GERMANY","Background","rural",10.867189,51.33308,0,400,2900,0,0,0,0,358.5339966,0.809574,0,0,0,0,0,0,0,1.93641,5.4057598,425,9.6773901,0.941138,3400.25,0,36.4082985,"DETH042",10.8673095706713,51.3331298826414,"EEA AirBase v8 ArcGIS","station_european_code;station_local_code",2,1,FALSE,TRUE,"DE","GERMANY"
428,"DETH043",8,2010,"day",41.286,"DETH043","GERMANY","Traffic","urban",11.019353,50.984875,0,0,0,0,100,2600,0,0,0.135933,1209290,96.2375031,398669,15.0375996,0,316,0,1.99576,5.4693899,200,9.8642397,0.928661,68184,170660,13252.59961,"DETH043",11.0192871091908,50.9849243165203,"EEA AirBase v8 ArcGIS","station_european_code;station_local_code",2,1,FALSE,TRUE,"DE","GERMANY"
429,"DETH072",8,2010,"day",32.844,"DETH072","GERMANY","Traffic","urban",10.693091,50.61153,0,0,600,0,0,2300,0,0,0.0296891,378475,15.5295,132208,5.3183098,0,0,0,1.7080899,5.5186501,431,8.4331303,1.83719,36329,18962.19922,18422.59961,"DETH072",10.693115234515,50.6115112302617,"EEA AirBase v8 ArcGIS","station_european_code;station_local_code",2,1,FALSE,TRUE,"DE","GERMANY"
430,"DETH081",8,2010,"day",40.156,"DETH081","GERMANY","Traffic","urban",11.010448,50.972328,0,0,0,100,100,2300,0,0,0.165932,1138640,70.2910995,365446,13.7845001,0,170,0,1.9695899,5.4711199,213,9.82335,0.929031,55119.89844,166109,14417.7002,"DETH081",11.0104980472482,50.9724731446935,"EEA AirBase v8 ArcGIS","station_european_code;station_local_code",2,1,FALSE,TRUE,"DE","GERMANY"
431,"DETH095",8,2010,"day",21.807,"DETH095","GERMANY","Background","urban",10.450997,51.207947,0,0,0,0,0,2900,0,0,0.16019,1317610,27.7056999,74105.79688,3.1526,0,0,0,2.00124,5.4180598,216,9.4306602,0.950883,32212.90039,51577.10156,21845,"DETH095",10.4511108397048,51.2078857420655,"EEA AirBase v8 ArcGIS","station_european_code;station_local_code",2,1,FALSE,TRUE,"DE","GERMANY"
432,"DETH096",8,2010,"day",15.619,"DETH096","GERMANY","Background","suburban",11.120728,51.168083,0,800,0,100,1100,500,0,18.8265991,0.469957,1168360,42.6973,10881.2002,0.461587,0,84,0,2.0042601,5.4428701,139,10.0833998,1.85817,28096.80078,103913,7318.069824,"DETH096",11.1207275390699,51.1680908205638,"EEA AirBase v8 ArcGIS","station_european_code;station_local_code",2,1,FALSE,TRUE,"DE","GERMANY"
433,"DEUB004",8,2010,"day",2.549,"DEUB004","GERMANY","Background","rural",7.908036,47.913254,0,3700,1300,0,0,0,0,961.71698,1.4317,23905.5,0,0,0,0,0,0,1.51017,5.59376,1209,9.0666399,0,24159.69922,758.4869995,182.0420074,"DEUB004",7.90808105504912,47.9133300782413,"EEA AirBase v8 ArcGIS","station_european_code;station_local_code",2,1,FALSE,TRUE,"DE","GERMANY"
434,"DEUB029",8,2010,"day",5.422,"DEUB029","GERMANY","Background","rural",10.769533,50.654068,0,400,2800,0,0,0,0,166.4759979,0.352171,35235.30078,1.19701,0,0,0,103,0,1.7178,5.5138102,936,8.3523903,1.8668801,17359.19922,758.4869995,0,"DEUB029",10.7694702145767,50.654113769795,"EEA AirBase v8 ArcGIS","station_european_code;station_local_code",2,1,FALSE,TRUE,"DE","GERMANY"
435,"DK0012R",8,2010,"day",11.503,"DK0012R","DENMARK","Background","rural",12.088669,55.694107,0,500,400,0,600,0,0,79.6850967,0.304113,154584,15.9434996,0,0,0,0,0,2.0043001,0,4,0,3.8835399,7657.049805,31815.69922,191.0740051,"DK0012R",12.0886840822785,55.6940917969225,"EEA AirBase v8 ArcGIS","station_european_code",1,1,FALSE,TRUE,"DK","DENMARK"
436,"DK0021A",8,2010,"day",38.583,"DK0021A","DENMARK","Traffic","urban",9.917509,57.052223,0,0,0,0,0,2200,0,0,0.0154801,1943160,113.4649963,67215.60156,4.5416002,0,146,0,1.99405,2,7,0,2.4862299,51859.10156,101810,13152.2002,"DK0021A",9.9174804684492,57.0523071291031,"EEA AirBase v8 ArcGIS","station_european_code",1,1,FALSE,TRUE,"DK","DENMARK"
437,"DK0030A",8,2010,"day",39.092,"DK0030A","DENMARK","Traffic","urban",12.553336,55.698334,0,0,0,0,300,2000,0,0,0,1753440,288.6849976,643541,55.6561012,0,0,0,2.0032499,3.4537101,18,9.3275404,5.2445102,97453.39844,139194,11814.7002,"DK0030A",12.5532836913088,55.6984863280733,"EEA AirBase v8 ArcGIS","station_european_code",1,1,FALSE,TRUE,"DK","DENMARK"
438,"DK0031R",8,2010,"day",4.36,"DK0031R","DENMARK","Background","rural",8.433333,56.283333,0,0,2900,0,0,0,0,487.2470093,1.24612,0,0,0,0,0,0,0,2.0030701,4.2774901,46,9.1524897,4.1110702,0,0,0,"DK0031R",8.4332885742658,56.2833251951755,"EEA AirBase v8 ArcGIS","station_european_code",1,1,FALSE,TRUE,"DK","DENMARK"
439,"DK0034A",8,2010,"day",55.779,"DK0034A","DENMARK","Traffic","urban",12.571114,55.669167,0,0,0,0,800,200,0,0,0.227913,1590750,239.3619995,0,0,0,0,0,2.00421,3.5799301,3,9.3646498,5.2238998,77092.60156,202825,8152.479981,"DK0034A",12.571105956627,55.6693115233969,"EEA AirBase v8 ArcGIS","station_european_code",1,1,FALSE,TRUE,"DK","DENMARK"
440,"DK0041A",8,2010,"day",9.771,"DK0041A","DENMARK","Background","rural",12.118611,55.694447,0,6700,100,0,0,100,0,446.2359924,0.67605,179749,13.8457003,0,0,0,0,0,2.0043199,3.02654,13,9.1949396,3.8838799,15836.2002,34201.80078,1146.439941,"DK0041A",12.1187133788211,55.6945190429169,"EEA AirBase v8 ArcGIS","station_european_code",1,1,FALSE,TRUE,"DK","DENMARK"
441,"DK0045A",8,2010,"day",17.139,"DK0045A","DENMARK","Background","urban",12.5614,55.700279,100,0,0,1100,300,400,0,0,0,1795620,246.6159973,128708,11.1311998,0,0,0,2.0032401,3.3621399,16,9.3370895,5.25248,100586,153511,13120.40039,"DK0045A",12.5615234379467,55.7003173827039,"EEA AirBase v8 ArcGIS","station_european_code",1,1,FALSE,TRUE,"DK","DENMARK"
442,"DK0046A",8,2010,"day",17.818,"DK0046A","DENMARK","Background","urban",10.389173,55.396389,0,0,0,200,400,1600,0,0,0.0045801,876862,68.1465988,55918.60156,3.7330201,0,176,0,2.0041201,3.7075701,17,9.6086397,4.08812,67869.29688,206006,13152.2002,"DK0046A",10.3892822268451,55.3964843748735,"EEA AirBase v8 ArcGIS","station_european_code",1,1,FALSE,TRUE,"DK","DENMARK"
443,"DK0051A",8,2010,"day",39.097,"DK0051A","DENMARK","Traffic","urban",10.200842,56.150558,0,0,0,300,0,1500,0,0,0.001375,1213860,66.6203995,56589.80078,3.8705499,0,0,0,2.0030799,3.17609,18,9.1396999,5.2625699,82313.29688,248958,10031.40039,"DK0051A",10.2009277342887,56.1506958005757,"EEA AirBase v8 ArcGIS","station_european_code",1,1,FALSE,TRUE,"DK","DENMARK"
444,"DK0052A",8,2010,"day",20.469,"DK0052A","DENMARK","Background","urban",10.197236,56.151112,0,0,0,200,400,1000,0,0,0.0034376,1330080,77.1393967,64674,4.42348,0,0,0,2.00317,3.2304499,13,9.12041,5.2494798,82661.29688,247367,10572.7002,"DK0052A",10.1973266605042,56.1511230470143,"EEA AirBase v8 ArcGIS","station_european_code",1,1,FALSE,TRUE,"DK","DENMARK"
445,"DK0053A",8,2010,"day",15.446,"DK0053A","DENMARK","Background","urban",9.930847,57.046665,0,0,0,0,0,1900,0,0,0,2859050,190.3289948,48884.10156,3.3029799,0,0,0,1.99344,2.3494799,5,8.8013802,2.48262,64388.80078,159078,10445.40039,"DK0053A",9.9309082032452,57.0466918945263,"EEA AirBase v8 ArcGIS","station_european_code",1,1,FALSE,TRUE,"DK","DENMARK"
446,"EE0009R",8,2010,"day",2.938,"EE0009R","ESTONIA","Background","rural",25.930569,59.494446,0,0,2900,0,0,0,0,155.9259949,0.0948726,0,0,0,0,0,0,0,2.00367,3.96755,75,5.8488102,0,0,0,0,"EE0009R",25.930480957378,59.4945068358158,"EEA AirBase v8 ArcGIS","station_european_code",1,1,FALSE,TRUE,"EE","ESTONIA"
447,"EE0011R",8,2010,"day",2.728,"EE0011R","ESTONIA","Background","rural",21.845013,58.37611,0,1000,2600,0,0,0,0,137.5410004,0.0509702,0,0,0,0,0,0,0,2.0043199,2.6020601,6,7.47439,1.4352,0,0,324.6279907,"EE0011R",21.8450927736991,58.3760986326979,"EEA AirBase v8 ArcGIS","station_european_code",1,1,FALSE,TRUE,"EE","ESTONIA"
448,"EE0016A",8,2010,"day",2.784,"EE0016A","ESTONIA","Background","rural",26.758898,58.702778,0,6700,100,0,0,0,0,202.0299988,0.152328,32104.59961,0,0,0,0,0,0,1.98601,4.91682,79,6.05053,0,8587.540039,0,288.5580139,"EE0016A",26.758911132928,58.7028808594889,"EEA AirBase v8 ArcGIS","station_european_code",1,1,FALSE,TRUE,"EE","ESTONIA"
449,"EE0018A",8,2010,"day",12.958,"EE0018A","ESTONIA","Background","urban",24.649458,59.414169,0,0,0,500,100,2000,0,0,0.0456394,4003400,63.0737991,89160.60156,3.0185599,0,60,0,2.0037999,3.25527,12,6.3853598,2.65116,17384.5,106664,7718.919922,"EE0018A",24.649475097723,59.4143066408398,"EEA AirBase v8 ArcGIS","station_european_code",1,1,FALSE,TRUE,"EE","ESTONIA"
450,"EE0021A",8,2010,"day",14.592,"EE0021A","ESTONIA","Background","urban",26.734722,58.370556,0,0,0,500,0,2100,0,0,0.0105903,2878710,22.9197998,57432.5,1.10128,0,163,0,2.0037899,5.0774398,42,6.25981,0,18641.19922,92441.89844,12155.5,"EE0021A",26.7346801758801,58.3704833985024,"EEA AirBase v8 ArcGIS","station_european_code",1,1,FALSE,TRUE,"EE","ESTONIA"
451,"ES0001R",8,2010,"day",3.156,"ES0001R","SPAIN","Background","rural",-4.350556,39.546944,0,3000,1900,0,0,0,0,306.5899963,0.429382,87352,1.68311,0,0,0,0,0,1.72382,5.4920802,919,13.9366999,2.3833201,10047.5,2441.350098,1299.069946,"ES0001R",-4.35058593736636,39.5468749998777,"EEA AirBase v8 ArcGIS","station_european_code",1,1,FALSE,TRUE,"ES","SPAIN"
452,"ES0005R",8,2010,"day",2.401,"ES0005R","SPAIN","Background","rural",-8.923611,42.720556,0,0,2900,0,0,0,0,893.34198,1.4004101,0,0,0,0,0,0,0,1.76963,3.6054299,677,13.9848003,3.71173,0,0,0,"ES0005R",-8.92358398445012,42.7207031248382,"EEA AirBase v8 ArcGIS","station_european_code",1,1,FALSE,TRUE,"ES","SPAIN"
453,"ES0011R",8,2010,"day",2.941,"ES0011R","SPAIN","Background","rural",-6.923611,38.472778,0,2900,1600,0,0,0,0,285.8510132,0.341852,0,0,0,0,0,0,0,1.93669,5.1231799,371,15.7542,1.54549,9025.709961,0,0,"ES0011R",-6.92358398432929,38.4729003903023,"EEA AirBase v8 ArcGIS","station_european_code",1,1,FALSE,TRUE,"ES","SPAIN"
454,"ES0013R",8,2010,"day",3.767,"ES0013R","SPAIN","Background","rural",-5.8975,41.238889,0,400,2900,0,0,0,0,269.1610107,0.378829,0,0,0,0,0,0,0,1.97412,5.36236,972,11.7223997,0.880363,12601.90039,0,0,"ES0013R",-5.89752197231278,41.2388916016598,"EEA AirBase v8 ArcGIS","station_european_code",1,1,FALSE,TRUE,"ES","SPAIN"
455,"ES0014R",8,2010,"day",3.693,"ES0014R","SPAIN","Background","rural",0.734722,41.393889,0,8100,0,0,0,0,0,576.7020264,0.793743,0,0,0,0,0,0,0,1.78429,4.6494098,491,14.4271002,0.718042,9366.30957,0,336.79599,"ES0014R",0.7346801761057,41.3939208986702,"EEA AirBase v8 ArcGIS","station_european_code",1,1,FALSE,TRUE,"ES","SPAIN"
456,"ES0074A",8,2010,"day",5.381,"ES0074A","SPAIN","Industrial","rural",-8.180556,43.337498,0,900,2700,0,0,0,0,893.34198,1.33245,0,0,0,0,0,0,0,1.79764,3.2579401,176,13.2580004,5.12672,23500.90039,0,481.1369934,"ES0074A",-8.1804809572038,43.3375244141701,"EEA AirBase v8 ArcGIS","station_european_code",1,1,FALSE,TRUE,"ES","SPAIN"
457,"ES0104A",8,2010,"day",33.697,"ES0104A","SPAIN","Industrial","suburban",-3.022222,43.322778,0,0,0,0,600,2000,0,0,0.11254,1568050,227.8630066,351372,18.6026001,0,0,0,1.8218,2.45155,42,13.9247999,1.75518,62839.39844,164384,13520,"ES0104A",-3.02221679691989,43.3228759768327,"EEA AirBase v8 ArcGIS","station_european_code",1,1,FALSE,TRUE,"ES","SPAIN"
458,"ES0110A",8,2010,"day",30.352,"ES0110A","SPAIN","Traffic","urban",-2.977222,43.302778,0,200,0,0,0,500,0,0,0.199262,2178320,237.9900055,150588,7.9725299,0,0,10,1.87106,0,2,13.8851004,1.74088,94003.60156,239253,7361.399902,"ES0110A",-2.97711181607405,43.3029174806555,"EEA AirBase v8 ArcGIS","station_european_code",1,1,FALSE,TRUE,"ES","SPAIN"
459,"ES0115A",8,2010,"day",49.038,"ES0115A","SPAIN","Traffic","urban",-3.712222,40.424167,0,0,0,100,200,1300,0,0,0,569934,138.1589966,192621,10.0244999,0,0,24,1.967,5.4899802,667,14.4982004,0,93492.79688,104978,19919.09961,"ES0115A",-3.71221923811541,40.4243164063354,"EEA AirBase v8 ArcGIS","station_european_code",1,1,FALSE,TRUE,"ES","SPAIN"
460,"ES0118A",8,2010,"day",54.341,"ES0118A","SPAIN","Traffic","urban",-3.682222,40.421667,0,0,0,900,100,1600,0,0,0,507271,135.552002,337088,17.5428009,0,34,48,1.98518,5.4865298,682,14.4680996,0,102518,95212.79688,19004.90039,"ES0118A",-3.68218994157283,40.4216918944867,"EEA AirBase v8 ArcGIS","station_european_code",1,1,FALSE,TRUE,"ES","SPAIN"
461,"ES0120A",8,2010,"day",54.656,"ES0120A","SPAIN","Traffic","urban",-3.677222,40.451667,0,0,0,600,300,1600,0,0,0,402833,102.9670029,337088,17.5428009,0,210,0,1.99053,5.4874301,722,14.3962002,0,103200,67544.10156,25500.30078,"ES0120A",-3.67718505881571,40.4517211914287,"EEA AirBase v8 ArcGIS","station_european_code",1,1,FALSE,TRUE,"ES","SPAIN"
462,"ES0124A",8,2010,"day",43.887,"ES0124A","SPAIN","Background","urban",-3.639167,40.44,0,0,0,0,0,2400,0,0,0.0019029,722115,207.2380066,481554,25.0611992,0,0,14,2.00121,5.4823899,701,14.4146996,0,62158.19922,137530,20496.5,"ES0124A",-3.63909912103621,40.440124511943,"EEA AirBase v8 ArcGIS","station_european_code",1,1,FALSE,TRUE,"ES","SPAIN"
463,"ES0125A",8,2010,"day",37.248,"ES0125A","SPAIN","Background","urban",-3.705,40.346944,0,0,0,0,200,2100,0,0,0,1509880,392.3190002,529709,27.5673008,0,33,0,2.0034399,5.4855099,598,14.5935001,0,65734.39844,375155,13712.40039,"ES0125A",-3.70501708964808,40.3469238279859,"EEA AirBase v8 ArcGIS","station_european_code",1,1,FALSE,TRUE,"ES","SPAIN"
464,"ES0201A",8,2010,"day",4.666,"ES0201A","SPAIN","Industrial","suburban",-7.847222,43.45,0,300,100,0,0,2800,0,30.8048992,0.87679,24731.69922,3.5590501,172607,7.7509499,0,0,0,1.80356,4.3649201,356,11.9589005,5.4595599,58241.39844,117185,11739.7998,"ES0201A",-7.84722900432799,43.4500732420475,"EEA AirBase v8 ArcGIS","station_european_code",1,1,FALSE,TRUE,"ES","SPAIN"
465,"ES0296A",8,2010,"day",7.452,"ES0296A","SPAIN","Background","rural",3.014722,39.75,0,2800,1900,0,0,0,0,476.6759949,0.627868,45432,2.2504699,0,0,0,97,0,2.0043099,4.0269599,31,17.0811005,0.945632,20605.90039,3255.139893,529.2509766,"ES0296A",3.01470947278424,39.7501220704815,"EEA AirBase v8 ArcGIS","station_european_code",1,1,FALSE,TRUE,"ES","SPAIN"
466,"ES0324A",8,2010,"day",4.498,"ES0324A","SPAIN","Industrial","rural",-0.178056,41.053056,0,6900,0,0,0,200,0,98.0302963,0.105202,119339,0,0,0,2,0,0,2.0011899,4.8997998,353,15.4251003,0.834413,16348.5,4882.709961,240.5690002,"ES0324A",-0.177978515341861,41.0531005860958,"EEA AirBase v8 ArcGIS","station_european_code",1,1,FALSE,TRUE,"ES","SPAIN"
467,"ES0327A",8,2010,"day",3.536,"ES0327A","SPAIN","Industrial","rural",-0.235556,40.949722,0,4800,0,0,0,200,0,111.3980026,0.107551,820453,83.5230026,7329.02002,0.355431,0,0,0,1.94848,4.89396,468,14.5699997,0.826306,21457.40039,37434.10156,4811.370117,"ES0327A",-0.235412597679457,40.9497070309636,"EEA AirBase v8 ArcGIS","station_european_code",1,1,FALSE,TRUE,"ES","SPAIN"
468,"ES0329A",8,2010,"day",3.254,"ES0329A","SPAIN","Industrial","rural",-0.262778,40.92,0,6300,0,0,0,0,0,129.2220001,0.127162,0,0,0,0,0,0,0,1.67936,4.8952098,507,14.2413998,0.832081,10217.7998,4882.709961,288.6820068,"ES0329A",-0.262695312308825,40.9201049806266,"EEA AirBase v8 ArcGIS","station_european_code",1,1,FALSE,TRUE,"ES","SPAIN"
469,"ES0331A",8,2010,"day",2.747,"ES0331A","SPAIN","Industrial","rural",-0.370278,40.894722,0,5300,0,0,0,0,0,115.8539963,0.114088,581776,59.225399,0,0,0,0,0,1.86301,4.93151,644,13.7719002,1.64061,16178.2002,20344.59961,2357.570068,"ES0331A",-0.370300293383029,40.8947143556017,"EEA AirBase v8 ArcGIS","station_european_code",1,1,FALSE,TRUE,"ES","SPAIN"
470,"ES0360A",8,2010,"day",13.529,"ES0360A","SPAIN","Industrial","rural",-6.603889,42.781389,0,2400,1300,0,0,600,0,182.6750031,0.220737,0,0,16997.19922,0.795898,0,0,0,1.65273,4.92977,823,9.8288298,2.9287901,82934.39844,280756,2838.709961,"ES0360A",-6.6038818356185,42.7814941406514,"EEA AirBase v8 ArcGIS","station_european_code",1,1,FALSE,TRUE,"ES","SPAIN"
471,"ES0373A",8,2010,"day",8.271,"ES0373A","SPAIN","Industrial","suburban",-6.520833,42.625556,0,100,2900,0,0,0,0,230.3289948,0.29943,0,0,0,0,0,0,0,1.71451,5.0096898,859,10.1171999,1.42781,8344.530273,0,336.79599,"ES0373A",-6.52081298815878,42.6254882809487,"EEA AirBase v8 ArcGIS","station_european_code",1,1,FALSE,TRUE,"ES","SPAIN"
472,"ES0556A",8,2010,"day",20.77,"ES0556A","SPAIN","Industrial","suburban",-5.376969,36.179431,0,0,300,0,400,1500,0,61.6136017,0.370205,1488590,205.9880066,134080,6.0132399,0,74,0,1.95162,2.6152201,21,17.5471001,3.6222501,35251.39844,158688,4378.350098,"ES0556A",-5.37689208991753,36.1795043945999,"EEA AirBase v8 ArcGIS","station_european_code",1,1,FALSE,TRUE,"ES","SPAIN"
473,"ES0557A",8,2010,"day",14.642,"ES0557A","SPAIN","Industrial","rural",-5.380811,36.186211,0,0,2600,0,0,0,0,533.9840088,0.521292,1809520,205.9880066,0,0,0,0,0,1.89197,2.8817101,13,17.5231991,3.6185,28780.09961,200191,2694.370117,"ES0557A",-5.38079834026867,36.1862792971068,"EEA AirBase v8 ArcGIS","station_european_code",1,1,FALSE,TRUE,"ES","SPAIN"
474,"ES0584A",8,2010,"day",48.424,"ES0584A","SPAIN","Industrial","suburban",2.188889,41.484444,0,0,0,0,0,2900,0,0,0.279045,1074840,217.8200073,392094,19.1534004,0,0,0,1.72707,3.82271,39,15.0386,0.703598,47001.80078,193681,18235.09961,"ES0584A",2.1889038088802,41.4844970703252,"EEA AirBase v8 ArcGIS","station_european_code",1,1,FALSE,TRUE,"ES","SPAIN"
475,"ES0587A",8,2010,"day",10.04,"ES0587A","SPAIN","Industrial","suburban",-3.113056,43.320833,0,1100,600,200,100,1200,0,354.8829956,0.567334,1618910,435.4710083,301176,15.9450998,0,30,0,1.5772901,3.5314801,28,13.7854996,1.77625,31334.5,139971,4426.459961,"ES0587A",-3.11297607391626,43.3209228516587,"EEA AirBase v8 ArcGIS","station_european_code",1,1,FALSE,TRUE,"ES","SPAIN"
476,"ES0620A",8,2010,"day",19.088,"ES0620A","SPAIN","Industrial","urban",-1.892011,36.99945,0,0,0,0,0,2700,0,0,0.940058,0,0,204514,9.3562498,0,0,0,1.7893,2.3010299,8,0,0.963498,17370.19922,8137.839844,5051.939941,"ES0620A",-1.89202880824466,36.9995117190383,"EEA AirBase v8 ArcGIS","station_european_code",1,1,FALSE,TRUE,"ES","SPAIN"
477,"ES0622A",8,2010,"day",10.053,"ES0622A","SPAIN","Industrial","suburban",-1.939911,36.940461,0,0,2700,0,0,200,0,1573.089966,1.61999,0,0,0,0,0,0,0,1.86286,2.5569699,24,0,0.996327,9366.30957,0,625.4790039,"ES0622A",-1.9398803710037,36.9404907227669,"EEA AirBase v8 ArcGIS","station_european_code",1,1,FALSE,TRUE,"ES","SPAIN"
478,"ES0624A",8,2010,"day",13.665,"ES0624A","SPAIN","Industrial","suburban",-2.038189,36.84745,0,5100,600,0,0,700,0,1281.780029,2.1779201,0,0,78659.10156,3.5985601,0,0,0,1.7413501,3.2428601,56,18.2334003,0.989532,13964.2998,19530.80078,673.59198,"ES0624A",-2.03820800816771,36.847473144604,"EEA AirBase v8 ArcGIS","station_european_code",1,1,FALSE,TRUE,"ES","SPAIN"
479,"ES0625A",8,2010,"day",13.871,"ES0625A","SPAIN","Industrial","suburban",-2.128189,36.93385,0,5300,0,0,0,900,0,1165.25,2.01108,30506.69922,0,47195.39844,2.1591401,0,0,0,2.00422,4.1024499,135,17.6847992,0.921895,19243.5,4068.919922,5484.970215,"ES0625A",-2.12811279329276,36.9338989259179,"EEA AirBase v8 ArcGIS","station_european_code",1,1,FALSE,TRUE,"ES","SPAIN"
480,"ES0629A",8,2010,"day",12.614,"ES0629A","SPAIN","Industrial","urban",-5.488931,36.185619,0,200,0,0,0,2800,0,0,0.783125,0,0,193672,8.6857996,0,0,0,1.88718,3.70682,24,17.2217007,3.5569501,27588,4882.709961,10296.2998,"ES0629A",-5.48889160151386,36.1857299806278,"EEA AirBase v8 ArcGIS","station_european_code",1,1,FALSE,TRUE,"ES","SPAIN"
481,"ES0633A",8,2010,"day",25.997,"ES0633A","SPAIN","Industrial","urban",-5.432769,36.1747,0,0,0,0,1100,0,0,0,0.117073,1816350,290.9580078,0,0,0,0,0,2.0028801,2.45155,6,17.3757,3.6595199,40871.19922,240066,1732.089966,"ES0633A",-5.43267822274788,36.174682617092,"EEA AirBase v8 ArcGIS","station_european_code",1,1,FALSE,TRUE,"ES","SPAIN"
482,"ES0651A",8,2010,"day",14.152,"ES0651A","SPAIN","Industrial","suburban",-0.913333,37.603333,0,200,1400,0,0,1300,0,745.7470093,1.2874399,776030,55.7347984,109876,5.0054402,0,51,0,1.79907,3.6233699,59,18.1676006,0.905646,36443.39844,131019,2213.229981,"ES0651A",-0.913208007650565,37.6032714842715,"EEA AirBase v8 ArcGIS","station_european_code",1,1,FALSE,TRUE,"ES","SPAIN"
483,"ES0692A",8,2010,"day",40.945,"ES0692A","SPAIN","Traffic","urban",2.115833,41.371944,0,0,0,0,0,2800,0,0,0,1484560,274.6430054,392094,19.1534004,0,0,0,1.97646,3.6218901,50,15.9221001,0.697734,79869,185543,22661.59961,"ES0692A",2.11590576206834,41.3718872067013,"EEA AirBase v8 ArcGIS","station_european_code",1,1,FALSE,TRUE,"ES","SPAIN"
484,"ES0694A",8,2010,"day",38.516,"ES0694A","SPAIN","Industrial","suburban",2.010556,41.393333,0,1000,0,0,0,2800,0,0,0.414549,1181260,153.4210052,392094,19.1534004,0,60,0,1.88863,4.1122499,31,15.4342003,0.705429,41211.69922,141598,15973.7998,"ES0694A",2.01068115210535,41.3933105465878,"EEA AirBase v8 ArcGIS","station_european_code",1,1,FALSE,TRUE,"ES","SPAIN"
485,"ES0695A",8,2010,"day",38.814,"ES0695A","SPAIN","Traffic","urban",2.0775,41.358056,0,0,0,200,100,2100,0,0,0.153877,2708380,634.5200195,301611,14.7334003,0,0,0,1.98954,3.7908001,50,15.9183998,0.717428,65393.80078,356438,11306.7002,"ES0695A",2.07751464862049,41.3580932615723,"EEA AirBase v8 ArcGIS","station_european_code",1,1,FALSE,TRUE,"ES","SPAIN"
486,"ES0761A",8,2010,"day",11.945,"ES0761A","SPAIN","Industrial","rural",-5.638889,42.715556,0,1300,2000,0,0,300,0,206.5019989,0.347156,0,0,8498.580078,0.397949,0,0,0,1.85611,4.95399,901,9.8339796,2.2618101,12261.2998,0,1539.640015,"ES0761A",-5.63891601575607,42.715698241963,"EEA AirBase v8 ArcGIS","station_european_code",1,1,FALSE,TRUE,"ES","SPAIN"
487,"ES0777A",8,2010,"day",9.865,"ES0777A","SPAIN","Industrial","rural",-8.494722,43.095,0,1400,800,0,0,0,100,246.4389954,1.21213,0,0,0,0,0,0,0,1.95502,4.39009,264,13.1478996,3.5843301,0,0,144.3410034,"ES0777A",-8.49468994118987,43.095092773153,"EEA AirBase v8 ArcGIS","station_european_code",1,1,FALSE,TRUE,"ES","SPAIN"
488,"ES0787A",8,2010,"day",3.553,"ES0787A","SPAIN","Industrial","suburban",-6.904531,37.190331,0,100,300,0,400,600,0,70.1397018,0.193755,2318550,353.553009,60347.60156,2.8248999,0,0,0,2.0037999,3.2428601,20,17.7084007,0.896033,19413.80078,387361,288.6820068,"ES0787A",-6.90447998030586,37.1903076170619,"EEA AirBase v8 ArcGIS","station_european_code",1,1,FALSE,TRUE,"ES","SPAIN"
489,"ES0812A",8,2010,"day",3.065,"ES0812A","SPAIN","Industrial","rural",-0.113611,40.906944,0,7400,0,0,0,0,0,129.2220001,0.127877,0,0,0,0,0,0,0,1.86817,4.8266201,598,14.1239996,0.815218,12772.2002,0,240.5690002,"ES0812A",-0.113586425969919,40.9069213869886,"EEA AirBase v8 ArcGIS","station_european_code",1,1,FALSE,TRUE,"ES","SPAIN"
490,"ES0813A",8,2010,"day",1.618,"ES0813A","SPAIN","Industrial","rural",-0.0575,40.841944,0,3700,1500,0,0,600,0,102.4860001,0.12706,0,0,21987.09961,1.06629,0,0,0,1.794,4.7720199,862,13.5425997,0.800938,11580.2002,0,336.79599,"ES0813A",-0.0574951174712522,40.8419189452572,"EEA AirBase v8 ArcGIS","station_european_code",1,1,FALSE,TRUE,"ES","SPAIN"
491,"ES0817A",8,2010,"day",33.934,"ES0817A","SPAIN","Traffic","urban",-5.959619,37.38425,0,0,0,0,200,2100,0,0,0,2145350,140.3300018,156103,6.7399902,0,0,13,2.0041201,4.6423302,10,17.9662991,0,96898.70313,206701,21218.19922,"ES0817A",-5.95959472660546,37.3842773438786,"EEA AirBase v8 ArcGIS","station_european_code",1,1,FALSE,TRUE,"ES","SPAIN"
492,"ES0822A",8,2010,"day",18.673,"ES0822A","SPAIN","Industrial","urban",-6.938069,37.279639,0,0,0,0,0,2500,0,0,0.170665,213200,18.5506001,144834,6.7797599,0,146,0,1.9913599,3.4191101,49,17.6616993,0.858242,60114.69922,95212.79688,16214.2998,"ES0822A",-6.93798828126393,37.2797241209848,"EEA AirBase v8 ArcGIS","station_european_code",1,1,FALSE,TRUE,"ES","SPAIN"
493,"ES0824A",8,2010,"day",19.705,"ES0824A","SPAIN","Industrial","suburban",-5.703889,43.308889,0,300,300,0,1000,100,0,53.1963997,0.305811,1354610,156.4620056,0,0,21,0,0,1.67396,4.4138799,199,11.8463001,0.656328,43085,100909,8131.220215,"ES0824A",-5.70391845736297,43.3088989258679,"EEA AirBase v8 ArcGIS","station_european_code",1,1,FALSE,TRUE,"ES","SPAIN"
494,"ES0825A",8,2010,"day",21.694,"ES0825A","SPAIN","Industrial","urban",-5.689722,43.306389,0,0,0,0,500,1300,0,0,0.289614,1413500,188.871994,141057,6.6385002,0,0,0,1.63095,4.41749,208,11.8451004,0.657836,56197.80078,104164,10344.5,"ES0825A",-5.6896972658293,43.3065185546006,"EEA AirBase v8 ArcGIS","station_european_code",1,1,FALSE,TRUE,"ES","SPAIN"
495,"ES0827A",8,2010,"day",19.653,"ES0827A","SPAIN","Industrial","urban",-6.844631,37.3154,0,500,0,0,400,2000,0,0,0.297659,346451,46.9221992,108626,5.0848198,0,61,0,2.00384,3.9214301,6,17.5436001,0.852348,30142.5,85447.39844,4907.600098,"ES0827A",-6.84460449262169,37.3154907226562,"EEA AirBase v8 ArcGIS","station_european_code",1,1,FALSE,TRUE,"ES","SPAIN"
496,"ES0874A",8,2010,"day",5.051,"ES0874A","SPAIN","Industrial","rural",1.8925,42.196667,0,400,2800,0,0,0,0,854.5159912,1.43083,0,0,0,0,0,0,0,1.45377,4.9386001,1004,9.4963703,0.483215,3065.340088,0,48.1137009,"ES0874A",1.8925170902123,42.1967163084113,"EEA AirBase v8 ArcGIS","station_european_code",1,1,FALSE,TRUE,"ES","SPAIN"
497,"ES0879A",8,2010,"day",24.104,"ES0879A","SPAIN","Traffic","suburban",-5.880833,43.551667,0,2600,0,0,700,0,0,119.6920013,0.225598,2694490,288.3370056,0,0,13,0,13,1.9122601,3.4685099,14,13.7269001,1.77599,40019.69922,315748,1491.530029,"ES0879A",-5.88079833940056,43.5516967774671,"EEA AirBase v8 ArcGIS","station_european_code",1,1,FALSE,TRUE,"ES","SPAIN"
498,"ES0890A",8,2010,"day",37.449,"ES0890A","SPAIN","Traffic","urban",-6.0031,37.394519,0,0,0,400,200,800,0,0,0.124334,1744420,108.5110016,58538.5,2.5274999,0,0,33,2.0007401,4.6392202,10,17.9559002,0,72716.60156,139971,15877.5,"ES0890A",-6.00311279307774,37.3944702151513,"EEA AirBase v8 ArcGIS","station_european_code",1,1,FALSE,TRUE,"ES","SPAIN"
499,"ES0892A",8,2010,"day",11.753,"ES0892A","SPAIN","Industrial","suburban",-6.920269,37.199769,0,1500,100,0,0,900,0,46.7598,0.189739,1239230,181.1419983,60347.60156,2.8248999,0,10,0,2.0002601,3.01265,19,17.7133007,0.894245,19924.69922,222163,2501.909912,"ES0892A",-6.92028808621311,37.1998901364761,"EEA AirBase v8 ArcGIS","station_european_code",1,1,FALSE,TRUE,"ES","SPAIN"
500,"ES0894A",8,2010,"day",11.642,"ES0894A","SPAIN","Industrial","rural",-5.404711,36.204419,0,0,2000,0,300,100,0,410.7569885,0.671589,1099370,112.0059967,0,0,0,0,0,1.91795,3.2334299,10,17.4001999,3.5956299,38316.69922,131019,4715.149902,"ES0894A",-5.40472412074987,36.2045288087691,"EEA AirBase v8 ArcGIS","station_european_code",1,1,FALSE,TRUE,"ES","SPAIN"
501,"ES0901A",8,2010,"day",10.917,"ES0901A","SPAIN","Industrial","rural",-8.317222,43.235,0,400,2700,0,0,0,0,893.34198,1.39039,0,0,0,0,0,0,0,1.8152699,3.9674499,82,13.2419996,5.0300202,13283.09961,0,336.79599,"ES0901A",-8.31719970691732,43.2351074219377,"EEA AirBase v8 ArcGIS","station_european_code",1,1,FALSE,TRUE,"ES","SPAIN"
502,"ES0905A",8,2010,"day",28.78,"ES0905A","SPAIN","Traffic","suburban",-3.013333,43.354167,0,0,0,0,0,2900,0,0,0.15226,296658,63.2952995,652548,34.5475998,0,0,0,1.90824,2.6152201,56,14.1401997,1.86084,32015.69922,26854.90039,13568.09961,"ES0905A",-3.01330566381165,43.3543090823359,"EEA AirBase v8 ArcGIS","station_european_code",1,1,FALSE,TRUE,"ES","SPAIN"
503,"ES1016A",8,2010,"day",27.342,"ES1016A","SPAIN","Traffic","urban",-4.74,41.631664,0,0,0,300,300,1300,0,0,0.0332291,943067,199.7169952,124841,5.5786099,0,0,1,1.9946899,5.2872601,694,12.0875998,0,85318.5,285638,12557.7002,"ES1016A",-4.73999023477282,41.631713866996,"EEA AirBase v8 ArcGIS","station_european_code",1,1,FALSE,TRUE,"ES","SPAIN"
504,"ES1033A",8,2010,"day",8.294,"ES1033A","SPAIN","Industrial","rural",-0.363333,41.321111,0,600,2600,0,0,0,0,268.4379883,0.333943,0,0,0,0,0,0,0,1.93223,5.0285001,175,16.3339996,0.913395,17199.90039,0,1154.729981,"ES1033A",-0.363281250316697,41.3211059567855,"EEA AirBase v8 ArcGIS","station_european_code",1,1,FALSE,TRUE,"ES","SPAIN"
505,"ES1034A",8,2010,"day",10.15,"ES1034A","SPAIN","Industrial","rural",-0.218889,41.279722,0,700,2900,0,0,0,0,299.4110107,0.385943,0,0,0,0,0,0,0,1.9548399,4.9738598,148,16.4321003,0.89416,0,0,0,"ES1034A",-0.218811035034578,41.2797241209006,"EEA AirBase v8 ArcGIS","station_european_code",1,1,FALSE,TRUE,"ES","SPAIN"
506,"ES1044A",8,2010,"day",32.005,"ES1044A","SPAIN","Traffic","suburban",-0.871111,41.670278,0,0,0,100,900,900,0,0,0.0354541,1797060,251.2940063,90053.20313,4.3491201,0,139,0,2.00085,5.2149501,200,15.2976999,0.966119,81231.39844,291335,10440.7002,"ES1044A",-0.871093750150872,41.6702880857042,"EEA AirBase v8 ArcGIS","station_european_code",1,1,FALSE,TRUE,"ES","SPAIN"
507,"ES1074A",8,2010,"day",12.947,"ES1074A","SPAIN","Traffic","suburban",-5.383711,36.203881,0,0,2100,0,0,200,0,431.2950134,0.794991,273135,0,29795.59961,1.33628,21,0,0,1.808,3.4087801,65,17.4668999,3.6099501,23500.90039,32551.40039,6543.470215,"ES1074A",-5.38372802758286,36.2039184573777,"EEA AirBase v8 ArcGIS","station_european_code",1,1,FALSE,TRUE,"ES","SPAIN"
508,"ES1076A",8,2010,"day",15.216,"ES1076A","SPAIN","Industrial","suburban",-5.435761,36.190481,0,100,0,0,0,900,0,0,0.497561,1830010,195.6880035,74489,3.3406899,1,0,0,1.9935,2.9933901,7,17.3456993,3.6509399,47512.69922,250646,4426.459961,"ES1076A",-5.43579101546307,36.19049072257,"EEA AirBase v8 ArcGIS","station_european_code",1,1,FALSE,TRUE,"ES","SPAIN"
509,"ES1117A",8,2010,"day",22.182,"ES1117A","SPAIN","Industrial","suburban",1.069167,41.113333,0,7700,200,0,0,0,0,849.0960083,0.900338,0,0,0,0,0,0,0,2.0042601,3.72435,74,15.4231005,0.854523,17540.5,0,529.2509766,"ES1117A",1.06927490192215,41.1132812497646,"EEA AirBase v8 ArcGIS","station_european_code",1,1,FALSE,TRUE,"ES","SPAIN"
510,"ES1122A",8,2010,"day",15.402,"ES1122A","SPAIN","Industrial","rural",1.238056,41.194722,0,5700,600,0,0,400,0,731.9790039,0.607801,1944990,187.7510071,43265.69922,2.2360401,0,0,0,1.98453,3.94574,104,14.9003,0,32015.69922,237625,1202.839966,"ES1122A",1.23809814451942,41.1947021483398,"EEA AirBase v8 ArcGIS","station_european_code",1,1,FALSE,TRUE,"ES","SPAIN"
511,"ES1124A",8,2010,"day",24.668,"ES1124A","SPAIN","Industrial","suburban",1.241111,41.160556,0,1000,500,0,0,2300,0,146.3959961,0.682585,384644,2.30369,129797,6.7081099,0,0,0,1.92337,3.7383399,88,15.3618002,0,24693,54523.5,6639.700195,"ES1124A",1.24108886696729,41.1607055666631,"EEA AirBase v8 ArcGIS","station_european_code",1,1,FALSE,TRUE,"ES","SPAIN"
512,"ES1125A",8,2010,"day",31.664,"ES1125A","SPAIN","Traffic","urban",1.826111,41.731944,0,0,0,0,0,2900,0,0,0.592541,702370,128.7980042,392094,19.1534004,0,0,0,1.93188,4.6782699,250,13.3406,0,60284.89844,93585.20313,20929.5,"ES1125A",1.82611083963278,41.7318725589247,"EEA AirBase v8 ArcGIS","station_european_code",1,1,FALSE,TRUE,"ES","SPAIN"
513,"ES1126A",8,2010,"day",43.217,"ES1126A","SPAIN","Industrial","suburban",1.922778,41.476944,0,200,0,400,100,2000,0,0,0.738379,989704,253.8079987,301611,14.7334003,0,110,0,1.78513,4.3747501,76,14.4449997,0.676616,51599.80078,157874,7986.879883,"ES1126A",1.92291259755686,41.4769287106272,"EEA AirBase v8 ArcGIS","station_european_code",1,1,FALSE,TRUE,"ES","SPAIN"
514,"ES1129A",8,2010,"day",10.684,"ES1129A","SPAIN","Industrial","rural",-0.151667,41.258889,0,7300,0,0,0,0,0,299.4110107,0.316385,0,0,0,0,0,0,0,1.99273,4.9451799,138,16.3640995,0.883866,8855.419922,0,0,"ES1129A",-0.151611327717466,41.258911132816,"EEA AirBase v8 ArcGIS","station_european_code",1,1,FALSE,TRUE,"ES","SPAIN"
515,"ES1130A",8,2010,"day",12.861,"ES1130A","SPAIN","Industrial","urban",-0.326667,41.288333,0,2900,0,0,0,1700,0,92.9207001,0.318074,264395,45.1968002,157593,7.61096,0,0,0,1.94705,5.0099201,173,16.4011002,0.912599,14304.90039,51268.39844,4715.149902,"ES1130A",-0.326599121509782,41.288330078427,"EEA AirBase v8 ArcGIS","station_european_code",1,1,FALSE,TRUE,"ES","SPAIN"
516,"ES1138A",8,2010,"day",29.087,"ES1138A","SPAIN","Traffic","urban",-8.418889,43.367778,0,100,0,0,0,2900,0,0,0.151517,1248950,65.8423996,172607,7.7509499,0,0,0,1.95775,2.6152201,27,0,5.5569701,43766.19922,62661.39844,20400.19922,"ES1138A",-8.41888427733113,43.367919922014,"EEA AirBase v8 ArcGIS","station_european_code",1,1,FALSE,TRUE,"ES","SPAIN"
517,"ES1181A",8,2010,"day",33.078,"ES1181A","SPAIN","Traffic","urban",-0.447222,39.481111,0,0,0,0,300,1700,0,0,0.112341,1383370,263.5350037,149315,6.97405,0,0,0,2.0021999,4.0147901,44,16.9808006,0.706607,66926.5,240066,17128.5,"ES1181A",-0.447204589647736,39.4810791017954,"EEA AirBase v8 ArcGIS","station_european_code",1,1,FALSE,TRUE,"ES","SPAIN"
518,"ES1185A",8,2010,"day",16.83,"ES1185A","SPAIN","Traffic","urban",-0.234722,39.667222,0,500,0,0,0,2800,0,27.9741001,0.505009,1525140,234.6909943,242637,11.3327999,0,0,0,2.00422,3.3410699,22,16.9986992,0.698158,59263.19922,270990,12557.7002,"ES1185A",-0.234680176075485,39.6672973636191,"EEA AirBase v8 ArcGIS","station_european_code",1,1,FALSE,TRUE,"ES","SPAIN"
519,"ES1193A",8,2010,"day",29.456,"ES1193A","SPAIN","Background","suburban",-3.749167,40.42,0,0,0,2800,100,0,0,0,0,202908,54.7421989,0,0,0,0,0,1.99279,5.49401,652,14.4863997,0,22138.5,47199.5,1828.319946,"ES1193A",-3.74908447232333,40.4201049804512,"EEA AirBase v8 ArcGIS","station_european_code",1,1,FALSE,TRUE,"ES","SPAIN"
520,"ES1215A",8,2010,"day",18.076,"ES1215A","SPAIN","Background","suburban",0.582778,40.708056,0,1000,0,0,0,2500,0,117.1169968,0.519087,587852,23.0368996,129797,6.7081099,0,0,0,2.00021,3.9846101,2,15.8670998,0,47683,69985.5,11643.5,"ES1215A",0.582885742088936,40.7081298828116,"EEA AirBase v8 ArcGIS","station_european_code",1,1,FALSE,TRUE,"ES","SPAIN"
521,"ES1231A",8,2010,"day",32.395,"ES1231A","SPAIN","Background","urban",2.09,41.477778,0,300,0,100,700,1300,0,0,0.364022,995025,238.6549988,180967,8.8400202,0,0,0,1.94807,4.1258101,114,14.8452997,0.679721,72716.60156,122068,14482.2002,"ES1231A",2.09008789064688,41.4779052733353,"EEA AirBase v8 ArcGIS","station_european_code",1,1,FALSE,TRUE,"ES","SPAIN"
522,"ES1234A",8,2010,"day",31.43,"ES1234A","SPAIN","Industrial","rural",-8.471944,43.335278,0,200,2300,0,0,600,0,708.5130005,1.03945,729584,7.1181002,26555,1.19245,0,0,0,1.77651,3.3010299,208,13.9896002,3.9558499,27588,44758.10156,5773.649902,"ES1234A",-8.47192382824827,43.3353271484716,"EEA AirBase v8 ArcGIS","station_european_code",1,1,FALSE,TRUE,"ES","SPAIN"
523,"ES1244A",8,2010,"day",41.029,"ES1244A","SPAIN","Traffic","urban",-2.918333,43.2675,100,100,300,200,0,2000,0,76.046402,0.369396,491605,81.0178986,552156,29.2325993,0,0,16,1.70553,3.4830699,79,13.6113005,1.72964,69140.39844,50454.60156,12365.2002,"ES1244A",-2.91821289052851,43.2675170901041,"EEA AirBase v8 ArcGIS","station_european_code",1,1,FALSE,TRUE,"ES","SPAIN"
524,"ES1247A",8,2010,"day",11.24,"ES1247A","SPAIN","Industrial","urban",1.436667,38.908333,0,0,0,0,0,1800,0,0,0.033789,1965150,96.2375031,133690,6.44103,0,0,0,1.93169,2.1505201,18,0,1.18475,25033.59961,64289,10536.90039,"ES1247A",1.43670654312465,38.9083251949846,"EEA AirBase v8 ArcGIS","station_european_code",1,1,FALSE,TRUE,"ES","SPAIN"
525,"ES1256A",8,2010,"day",20.957,"ES1256A","SPAIN","Industrial","urban",-6.925461,37.260161,0,0,0,0,0,1600,0,0,0.0200782,479701,85.1147003,72417.10156,3.3898799,0,0,0,2.0029099,3.3621399,10,17.6760998,0.859227,118697,432933,10488.7998,"ES1256A",-6.92547607437119,37.2600708009356,"EEA AirBase v8 ArcGIS","station_european_code",1,1,FALSE,TRUE,"ES","SPAIN"
526,"ES1259A",8,2010,"day",13.429,"ES1259A","SPAIN","Industrial","urban",-6.678461,37.358439,0,2600,800,0,0,1100,0,397.4580078,0.55215,142134,34.9188004,60347.60156,2.8248999,0,0,0,1.98452,4.3520999,34,17.4351006,0.835153,30994,40689.19922,3849.100098,"ES1259A",-6.67840576167029,37.3585205075445,"EEA AirBase v8 ArcGIS","station_european_code",1,1,FALSE,TRUE,"ES","SPAIN"
527,"ES1277A",8,2010,"day",18.854,"ES1277A","SPAIN","Industrial","suburban",-4.106944,38.681667,0,1000,0,0,0,2900,0,0,0.19705,0,0,123889,5.2543201,0,0,0,1.93059,5.3292198,685,14.9464998,1.5592901,58411.69922,85447.39844,19341.69922,"ES1277A",-4.10681152367994,38.6817016602769,"EEA AirBase v8 ArcGIS","station_european_code",1,1,FALSE,TRUE,"ES","SPAIN"
528,"ES1278A",8,2010,"day",19.019,"ES1278A","SPAIN","Industrial","urban",-4.109722,38.691111,0,0,0,0,0,2900,0,0,0.192705,111681,6.6894302,123889,5.2543201,0,0,0,1.82607,5.33143,712,14.9955997,1.57698,41382,26854.90039,21699.30078,"ES1278A",-4.1096801758605,38.6911010743342,"EEA AirBase v8 ArcGIS","station_european_code",1,1,FALSE,TRUE,"ES","SPAIN"
529,"ES1279A",8,2010,"day",15.156,"ES1279A","SPAIN","Industrial","suburban",-4.088611,38.684444,0,900,0,0,0,2900,0,0,0.269664,800380,30.1023998,123889,5.2543201,0,0,0,1.87228,5.3297501,695,14.9566002,1.5549999,36102.89844,22786,11066.2002,"ES1279A",-4.0886230466615,38.6845092775735,"EEA AirBase v8 ArcGIS","station_european_code",1,1,FALSE,TRUE,"ES","SPAIN"
530,"ES1328A",8,2010,"day",13.689,"ES1328A","SPAIN","Industrial","urban",-6.942189,37.252581,0,100,100,0,0,2800,0,23.3799,0.0250977,648484,61.1080017,156904,7.3447399,0,97,0,2.0020599,3.1461301,7,17.7038994,0.859808,93322.5,314121,16454.90039,"ES1328A",-6.94219970728339,37.2526855471168,"EEA AirBase v8 ArcGIS","station_european_code",1,1,FALSE,TRUE,"ES","SPAIN"
531,"ES1339A",8,2010,"day",22.21,"ES1339A","SPAIN","Traffic","urban",1.722778,41.220556,0,100,0,0,0,2800,0,0,0.244595,1000350,198.8800049,392094,19.1534004,0,0,0,2.00386,3,17,15.7463999,0.781098,42233.5,148109,15588.90039,"ES1339A",1.72290039087737,41.2207031249351,"EEA AirBase v8 ArcGIS","station_european_code",1,1,FALSE,TRUE,"ES","SPAIN"
532,"ES1367A",8,2010,"day",7.414,"ES1367A","SPAIN","Industrial","suburban",-0.844444,40.806111,0,2100,1700,0,0,100,0,102.4860001,0.104793,0,0,0,0,13,0,0,1.56406,5.0541601,979,11.0386,1.61585,39338.5,107420,3127.389893,"ES1367A",-0.844421386858164,40.8060913085663,"EEA AirBase v8 ArcGIS","station_european_code",1,1,FALSE,TRUE,"ES","SPAIN"
533,"ES1368A",8,2010,"day",6.881,"ES1368A","SPAIN","Industrial","rural",-0.709722,40.769444,0,5700,700,0,0,0,0,129.2220001,0.12757,0,0,0,0,0,0,0,1.69162,5.00739,1249,11.0958996,0.79869,4938.600098,4882.709961,96.2275009,"ES1368A",-0.70971679655556,40.7694702150685,"EEA AirBase v8 ArcGIS","station_european_code",1,1,FALSE,TRUE,"ES","SPAIN"
534,"ES1369A",8,2010,"day",9.358,"ES1369A","SPAIN","Industrial","rural",-0.771111,40.784722,0,2800,1400,0,0,0,0,129.2220001,0.126855,0,0,0,0,0,0,0,1.62897,5.0286102,1167,11.0664997,0.804135,13453.40039,4882.709961,0,"ES1369A",-0.771118164377991,40.7847290038414,"EEA AirBase v8 ArcGIS","station_european_code",1,1,FALSE,TRUE,"ES","SPAIN"
535,"ES1397A",8,2010,"day",20.835,"ES1397A","SPAIN","Background","suburban",2.288333,42.004722,0,0,0,0,0,2800,0,0,1.0002,372469,132.5859985,392094,19.1534004,0,0,0,1.995,4.7182999,456,12.125,0,25714.80078,51268.39844,10873.7002,"ES1397A",2.28833007845014,42.0046997072328,"EEA AirBase v8 ArcGIS","station_european_code",1,1,FALSE,TRUE,"ES","SPAIN"
536,"ES1405A",8,2010,"day",4.352,"ES1405A","SPAIN","Industrial","rural",0.009444,40.584722,0,300,2600,0,0,0,0,451.5249939,0.723777,0,0,0,0,0,0,0,1.72034,4.6066399,1216,12.9400997,0.75997,14815.7998,0,0,"ES1405A",0.00952148444489164,40.5847167967357,"EEA AirBase v8 ArcGIS","station_european_code",1,1,FALSE,TRUE,"ES","SPAIN"
537,"ES1418A",8,2010,"day",24.637,"ES1418A","SPAIN","Traffic","suburban",-1.143333,41.762778,0,6500,0,0,0,0,0,237.4640045,0.359943,165247,23.5023003,0,0,20,0,0,2.0038099,5.2646999,238,15.1987,3.8155301,24352.40039,21158.40039,1491.530029,"ES1418A",-1.14331054690462,41.7628784182513,"EEA AirBase v8 ArcGIS","station_european_code",1,1,FALSE,TRUE,"ES","SPAIN"
538,"ES1422A",8,2010,"day",51.554,"ES1422A","SPAIN","Background","urban",-3.703333,40.419167,0,0,0,0,200,2100,0,0,0,516223,143.371994,385243,20.0489998,0,0,1,1.98786,5.4888401,677,14.4815998,0,97069,97654.10156,20785.09961,"ES1422A",-3.70330810590548,40.4193115237577,"EEA AirBase v8 ArcGIS","station_european_code",1,1,FALSE,TRUE,"ES","SPAIN"
539,"ES1428A",8,2010,"day",27.091,"ES1428A","SPAIN","Industrial","suburban",-0.036111,39.959167,0,6900,0,0,0,100,0,404.8160095,0.548735,227003,0,0,0,0,0,0,2.0043199,3.5294001,16,17.1488991,0.725785,42914.69922,50454.60156,2405.689941,"ES1428A",-0.0360107423366319,39.959289550571,"EEA AirBase v8 ArcGIS","station_european_code",1,1,FALSE,TRUE,"ES","SPAIN"
540,"ES1435A",8,2010,"day",5.603,"ES1435A","SPAIN","Background","suburban",-0.249167,40.416667,0,2500,1700,0,0,0,0,451.5249939,0.687502,0,0,0,0,0,0,0,1.79487,4.66784,1076,11.8358002,1.4983799,5108.890137,0,1395.300049,"ES1435A",-0.249084473010151,40.4166870115653,"EEA AirBase v8 ArcGIS","station_european_code",1,1,FALSE,TRUE,"ES","SPAIN"
541,"ES1437A",8,2010,"day",4.43,"ES1437A","SPAIN","Industrial","rural",0.084722,40.691667,0,300,2600,0,0,0,0,451.5249939,0.723777,0,0,0,0,0,0,0,1.67015,4.6104798,1210,12.9392004,0.783767,9196.009766,0,0,"ES1437A",0.0847167969669645,40.6917114255691,"EEA AirBase v8 ArcGIS","station_european_code",1,1,FALSE,TRUE,"ES","SPAIN"
542,"ES1439A",8,2010,"day",29.102,"ES1439A","SPAIN","Industrial","suburban",-8.746944,42.202778,0,800,0,0,1000,800,0,121.2160034,0.711622,1830830,300.1069946,31287.09961,1.36988,0,0,0,1.84241,3.4010401,21,14.1764002,3.04177,69310.70313,149736,12894.5,"ES1439A",-8.7468872069152,42.2028808593495,"EEA AirBase v8 ArcGIS","station_european_code",1,1,FALSE,TRUE,"ES","SPAIN"
560,"ES1440A",8,2010,"day",17.374,"ES1440A","SPAIN","Background","urban",-8.736944,42.210278,0,0,0,0,900,500,0,0,0.430017,1795280,262.5939941,10429,0.456627,0,21,0,1.89403,3.25527,11,14.1512003,3.0323501,66245.29688,150550,18042.69922,"ES1440A",-8.73687744140103,42.2103271484036,"EEA AirBase v8 ArcGIS","station_european_code",1,1,FALSE,TRUE,"ES","SPAIN"
543,"ES1450A",8,2010,"day",29.553,"ES1450A","SPAIN","Background","suburban",-5.95165,37.398311,0,0,0,200,100,2300,0,0,0.0565156,3193410,253.7350006,234154,10.1099997,0,0,0,2.0042,4.65903,18,17.9769001,0,70673,319003,11932.2002,"ES1450A",-5.95159912140053,37.3983154295304,"EEA AirBase v8 ArcGIS","station_european_code",1,1,FALSE,TRUE,"ES","SPAIN"
544,"ES1453A",8,2010,"day",42.983,"ES1453A","SPAIN","Traffic","urban",2.21,41.453333,0,0,0,0,0,2900,0,0,0.0734934,1170620,204.5619965,392094,19.1534004,0,0,0,1.92645,3.52227,51,15.4180002,0.709423,52281,147295,24153.09961,"ES1453A",2.21008300744821,41.4533081057254,"EEA AirBase v8 ArcGIS","station_european_code",1,1,FALSE,TRUE,"ES","SPAIN"
545,"ES1491A",8,2010,"day",11.246,"ES1491A","SPAIN","Background","rural",-2.703889,43.406111,0,1800,2000,0,0,0,0,735.1149902,0.487232,0,0,0,0,0,0,0,1.70014,2.5569699,80,14.4118004,0,17029.59961,2441.350098,866.0469971,"ES1491A",-2.70391845718171,43.4061279297802,"EEA AirBase v8 ArcGIS","station_european_code",1,1,FALSE,TRUE,"ES","SPAIN"
546,"ES1496A",8,2010,"day",28.885,"ES1496A","SPAIN","Industrial","urban",-1.899444,43.314444,0,300,0,0,0,2800,0,0,0.435473,1729100,113.2959976,497730,25.6058006,0,130,0,1.78791,2.858,5,13.9667997,0.830879,56197.80078,109047,14289.7998,"ES1496A",-1.89941406211299,43.3145141601746,"EEA AirBase v8 ArcGIS","station_european_code",1,1,FALSE,TRUE,"ES","SPAIN"
547,"ES1501A",8,2010,"day",23.078,"ES1501A","SPAIN","Traffic","urban",-2.268056,43.18,0,1100,0,0,0,2700,0,0,0.688827,1221470,254.0570068,459443,23.6362,0,0,10,1.3086801,4.1078601,90,13.0170002,2.42979,28950.40039,53709.80078,4667.029785,"ES1501A",-2.26800537085512,43.1801147461166,"EEA AirBase v8 ArcGIS","station_european_code",1,1,FALSE,TRUE,"ES","SPAIN"
548,"ES1517A",8,2010,"day",8.504,"ES1517A","SPAIN","Background","rural",3.146667,39.8375,0,500,900,0,0,1700,0,164.3710022,0.219464,0,0,126941,6.26689,0,0,0,1.8361599,2.3494799,24,17.7269001,1.03036,15326.7002,11393,3993.439941,"ES1517A",3.14672851540895,39.8375244141638,"EEA AirBase v8 ArcGIS","station_european_code",1,1,FALSE,TRUE,"ES","SPAIN"
549,"ES1521A",8,2010,"day",43.126,"ES1521A","SPAIN","Traffic","urban",-3.711389,40.478333,0,0,0,500,0,2300,0,0,0,381945,76.8998032,433398,22.5550995,0,152,0,1.97127,5.4926901,684,14.3336,2.1044199,69991.79688,97654.10156,21603.09961,"ES1521A",-3.71130371111044,40.4782714842522,"EEA AirBase v8 ArcGIS","station_european_code",1,1,FALSE,TRUE,"ES","SPAIN"
550,"ES1536A",8,2010,"day",15.239,"ES1536A","SPAIN","Background","suburban",-3.263333,40.573611,0,700,0,0,0,2900,0,0,0.0752306,4365740,142.5740051,80059,3.31494,0,0,0,2.0032799,5.4460602,637,13.4060001,2.1628799,43425.60156,149736,14097.2998,"ES1536A",-3.26330566382675,40.5737304688588,"EEA AirBase v8 ArcGIS","station_european_code",1,1,FALSE,TRUE,"ES","SPAIN"
551,"ES1543A",8,2010,"day",5.024,"ES1543A","SPAIN","Background","rural",-0.169444,40.735,0,5500,300,0,0,0,0,373.6759949,0.68923,0,0,0,0,0,0,0,1.72106,4.7933502,613,12.8901997,0.790529,13794,0,240.5690002,"ES1543A",-0.169311523666617,40.7351074219705,"EEA AirBase v8 ArcGIS","station_european_code",1,1,FALSE,TRUE,"ES","SPAIN"
552,"ES1551A",8,2010,"day",40.121,"ES1551A","SPAIN","Background","urban",2.126667,41.513889,0,0,0,0,200,2300,0,0,0.0689001,2245460,450.7940063,331772,16.2066994,0,0,0,1.96939,4.1082802,139,14.5791998,0.679011,57560.19922,320631,15011.5,"ES1551A",2.12670898432017,41.5139160157226,"EEA AirBase v8 ArcGIS","station_european_code",1,1,FALSE,TRUE,"ES","SPAIN"
553,"ES1565A",8,2010,"day",35.363,"ES1565A","SPAIN","Industrial","urban",-3.801667,40.281111,0,0,0,0,900,1300,0,0,0.0964123,904136,225.4859924,192621,10.0244999,0,27,0,2.0035601,5.4938402,679,14.7224998,0,83785.89844,171708,15011.5,"ES1565A",-3.80169677730481,40.2811279297014,"EEA AirBase v8 ArcGIS","station_european_code",1,1,FALSE,TRUE,"ES","SPAIN"
554,"ES1579A",8,2010,"day",17.677,"ES1579A","SPAIN","Background","urban",-4.062778,43.264444,0,0,0,0,100,2400,0,0,0.409421,1689120,193.0110016,169589,8.0487299,0,0,0,1.51794,4.1504402,87,12.5804996,2.38187,25203.90039,83819.79688,9093.5,"ES1579A",-4.06280517613838,43.2645263669397,"EEA AirBase v8 ArcGIS","station_european_code",1,1,FALSE,TRUE,"ES","SPAIN"
555,"ES1593A",8,2010,"day",13.483,"ES1593A","SPAIN","Background","suburban",-6.203069,36.460589,0,0,0,0,100,2600,0,0,0.0403428,198023,19.3113003,178774,8.0176601,0,0,0,2.0029099,3.07918,26,18.0251999,0,44788,18717,18620,"ES1593A",-6.20300292948991,36.4606933596991,"EEA AirBase v8 ArcGIS","station_european_code",1,1,FALSE,TRUE,"ES","SPAIN"
556,"ES1594A",8,2010,"day",15.83,"ES1594A","SPAIN","Industrial","suburban",-2.980869,42.7151,100,5700,0,0,0,600,0,305.2009888,0.616665,335687,31.8341999,84353.89844,4.5546699,0,90,0,1.99261,4.7877798,468,11.5342999,0.773754,45639.5,65916.5,1154.729981,"ES1594A",-2.98089599615785,42.7150878905459,"EEA AirBase v8 ArcGIS","station_european_code",1,1,FALSE,TRUE,"ES","SPAIN"
557,"ES1596A",8,2010,"day",18.264,"ES1596A","SPAIN","Industrial","urban",-4.715,41.666389,0,0,0,300,100,2000,0,0,0.184342,839650,213.5500031,214014,9.5633402,0,0,0,2.0022199,5.2781501,694,12.0326996,3.5280399,50748.30078,292962,10777.5,"ES1596A",-4.71502685522268,41.666503906248,"EEA AirBase v8 ArcGIS","station_european_code",1,1,FALSE,TRUE,"ES","SPAIN"
558,"ES1599A",8,2010,"day",6.312,"ES1599A","SPAIN","Background","rural",-2.155,43.250556,0,0,2900,0,0,0,0,532.7999878,0.839361,0,0,0,0,0,0,0,1.57726,3.6020601,190,13.6782999,1.6793,22819.69922,0,48.1137009,"ES1599A",-2.15502929712012,43.2504882812738,"EEA AirBase v8 ArcGIS","station_european_code",1,1,FALSE,TRUE,"ES","SPAIN"
559,"ES1612A",8,2010,"day",27.129,"ES1612A","SPAIN","Background","suburban",-3.867222,40.447778,0,0,200,100,200,1900,0,24.5344009,0.0564519,343154,134.2489929,481554,25.0611992,0,0,0,2.0023401,5.5060902,719,14.2027998,0,53302.80078,120440,11306.7002,"ES1612A",-3.86718749998102,40.4478759765765,"EEA AirBase v8 ArcGIS","station_european_code",1,1,FALSE,TRUE,"ES","SPAIN"
561,"ES1618A",8,2010,"day",24.648,"ES1618A","SPAIN","Traffic","urban",-5.665278,40.979167,0,100,0,0,300,2100,0,0,0.109847,409585,12.2812996,64873.60156,2.9809799,0,18,0,1.99896,5.3996301,831,11.9091997,0.86361,77655.20313,19530.80078,19822.90039,"ES1618A",-5.66528320338046,40.9793090818111,"EEA AirBase v8 ArcGIS","station_european_code",1,1,FALSE,TRUE,"ES","SPAIN"
562,"ES1623A",8,2010,"day",16.007,"ES1623A","SPAIN","Background","urban",-0.466944,38.706389,0,0,0,0,0,2900,0,0,0.622446,271798,20.4087009,156566,7.4932899,0,0,0,1.48987,4.4597402,551,14.6555996,2.0803199,38487,46385.69922,17850.19922,"ES1623A",-0.466918945007802,38.7064819337356,"EEA AirBase v8 ArcGIS","station_european_code",1,1,FALSE,TRUE,"ES","SPAIN"
563,"ES1627A",8,2010,"day",27.265,"ES1627A","SPAIN","Industrial","suburban",-1.230833,37.975556,0,1600,400,0,1000,0,0,479.4089966,0.825829,1449730,107.4309998,0,0,0,0,0,1.99791,4.6377702,95,16.8257008,0,44958.30078,155433,7168.950195,"ES1627A",-1.23071289065111,37.975708007662,"EEA AirBase v8 ArcGIS","station_european_code",1,1,FALSE,TRUE,"ES","SPAIN"
564,"ES1636A",8,2010,"day",20.594,"ES1636A","SPAIN","Industrial","urban",-4.733889,41.656111,0,0,0,600,0,800,0,0,0.103643,546634,112.3949966,53503.39844,2.39083,0,0,0,1.98403,5.2809901,679,12.0593996,3.5138199,59944.39844,182288,19437.90039,"ES1636A",-4.73388671871147,41.6561279296494,"EEA AirBase v8 ArcGIS","station_european_code",1,1,FALSE,TRUE,"ES","SPAIN"
565,"ES1637A",8,2010,"day",24.334,"ES1637A","SPAIN","Industrial","urban",-5.44255,36.161739,0,0,0,0,0,1700,0,0,0.088596,580412,0,119182,5.3451099,0,0,0,1.9958301,2,6,0,3.6742499,35251.39844,74868.20313,8612.360352,"ES1637A",-5.44250488286109,36.1616821289031,"EEA AirBase v8 ArcGIS","station_european_code",1,1,FALSE,TRUE,"ES","SPAIN"
566,"ES1643A",8,2010,"day",24.415,"ES1643A","SPAIN","Traffic","urban",-2.466667,41.766667,0,100,0,0,0,2900,0,0,0.141389,4589970,46.0499992,99712.39844,4.4247298,0,0,11,1.84682,5.23036,1081,10.3416004,0.872508,32867.19922,87074.89844,15781.2998,"ES1643A",-2.46667480459397,41.7667236328702,"EEA AirBase v8 ArcGIS","station_european_code",1,1,FALSE,TRUE,"ES","SPAIN"
567,"ES1644A",8,2010,"day",27.198,"ES1644A","SPAIN","Background","urban",-5.991489,37.388081,0,0,0,0,200,2500,0,0,0,1322380,81.5868988,214641,9.2674799,0,0,0,2.0034499,4.6360102,25,17.9620991,0,85829.39844,116371,22709.69922,"ES1644A",-5.99151611318995,37.3881225586555,"EEA AirBase v8 ArcGIS","station_european_code",1,1,FALSE,TRUE,"ES","SPAIN"
568,"ES1645A",8,2010,"day",47.157,"ES1645A","SPAIN","Background","urban",-3.575,40.474722,0,0,0,0,0,900,0,0,0.0088801,220812,84.7201004,192621,10.0244999,23,0,0,2.0028901,5.4768801,614,14.2762003,0,168934,709620,5533.080078,"ES1645A",-3.57501220733258,40.4746704100573,"EEA AirBase v8 ArcGIS","station_european_code",1,1,FALSE,TRUE,"ES","SPAIN"
569,"ES1650A",8,2010,"day",21.254,"ES1650A","SPAIN","Industrial","suburban",-2.778611,43.211111,0,2500,500,0,0,1300,0,405.5809937,0.725552,67807.60156,2.53181,301176,15.9450998,0,0,0,1.63231,4.1974001,75,13.0658998,1.63957,20095,33365.19922,3127.389893,"ES1650A",-2.77862548863447,43.2111206057871,"EEA AirBase v8 ArcGIS","station_european_code",1,1,FALSE,TRUE,"ES","SPAIN"
570,"ES1653A",8,2010,"day",18.582,"ES1653A","SPAIN","Background","urban",-5.913839,37.284489,0,0,0,100,0,2300,0,0,0.296707,1477130,72.6123962,214641,9.2674799,0,0,0,2.0043199,4.56109,47,17.9237995,1.42178,72205.70313,125323,19582.30078,"ES1653A",-5.91381835928931,37.2844848632376,"EEA AirBase v8 ArcGIS","station_european_code",1,1,FALSE,TRUE,"ES","SPAIN"
571,"ES1654A",8,2010,"day",7.028,"ES1654A","SPAIN","Background","rural",-5.666869,37.99435,0,2600,1500,0,0,0,0,733.4920044,1.1689301,0,0,0,0,0,0,0,1.75711,5.0626798,566,16.0144997,2.32792,18562.30078,0,384.9100037,"ES1654A",-5.66680908172206,37.9943237305478,"EEA AirBase v8 ArcGIS","station_european_code",1,1,FALSE,TRUE,"ES","SPAIN"
572,"ES1662A",8,2010,"day",3.89,"ES1662A","SPAIN","Background","rural",-1.808333,42.308333,0,700,2900,0,0,0,0,411.2420044,0.550023,0,0,0,0,0,0,0,1.88854,5.04743,413,13.8766003,1.7335,20265.30078,1627.569946,2309.459961,"ES1662A",-1.80828857431465,42.3082885743239,"EEA AirBase v8 ArcGIS","station_european_code",1,1,FALSE,TRUE,"ES","SPAIN"
573,"ES1664A",8,2010,"day",33.88,"ES1664A","SPAIN","Industrial","urban",-5.453431,36.136231,0,0,0,0,0,2800,0,0,0.150297,484815,90.1195984,193672,8.6857996,0,116,0,1.94374,2.7841001,20,17.4204998,3.6388099,70673,81378.39844,19293.59961,"ES1664A",-5.45330810511292,36.1362915038303,"EEA AirBase v8 ArcGIS","station_european_code",1,1,FALSE,TRUE,"ES","SPAIN"
574,"ES1666A",8,2010,"day",28.968,"ES1666A","SPAIN","Background","urban",1.242778,41.118611,0,0,0,0,0,2900,0,0,0.0975122,1146680,124.3990021,140614,7.2671199,11,0,0,1.96588,3,31,15.9588003,0,48704.80078,174964,17898.30078,"ES1666A",1.24291992187553,41.1187133786251,"EEA AirBase v8 ArcGIS","station_european_code",1,1,FALSE,TRUE,"ES","SPAIN"
575,"ES1672A",8,2010,"day",9.691,"ES1672A","SPAIN","Traffic","suburban",-2.619444,42.518333,0,4300,0,0,0,1800,0,152.6000061,0.799329,0,0,281180,15.1822004,0,0,0,1.93067,4.9440198,468,11.8161001,0,28439.5,0,2694.370117,"ES1672A",-2.61938476561571,42.5183105469002,"EEA AirBase v8 ArcGIS","station_european_code",1,1,FALSE,TRUE,"ES","SPAIN"
576,"ES1673A",8,2010,"day",28.46,"ES1673A","SPAIN","Traffic","urban",-2.661389,42.843611,0,0,0,400,100,1900,0,0,0.207852,2293860,175.0879974,224944,12.1457996,0,72,0,1.99526,4.7243099,532,11.4729004,1.4918801,88894.79688,177405,13616.2002,"ES1673A",-2.66137695284806,42.8436889649724,"EEA AirBase v8 ArcGIS","station_european_code",1,1,FALSE,TRUE,"ES","SPAIN"
577,"ES1677A",8,2010,"day",9.817,"ES1677A","SPAIN","Background","suburban",-0.852778,38.084722,0,7500,0,0,0,0,0,989.1610107,1.03708,371109,76.8328018,0,0,0,0,0,1.99992,4.2573299,15,17.3118992,0.780608,30312.80078,48827.10156,1587.75,"ES1677A",-0.852783202865094,38.0847167969241,"EEA AirBase v8 ArcGIS","station_european_code",1,1,FALSE,TRUE,"ES","SPAIN"
578,"ES1679A",8,2010,"day",46.361,"ES1679A","SPAIN","Background","urban",2.176389,41.3875,0,0,0,0,0,2700,0,0,0.0091867,532099,115.5400009,392094,19.1534004,0,138,0,1.98507,3,26,15.9413004,0.723104,81231.39844,75681.89844,24201.19922,"ES1679A",2.17651367225478,41.387512207133,"EEA AirBase v8 ArcGIS","station_european_code",1,1,FALSE,TRUE,"ES","SPAIN"
579,"ES1684A",8,2010,"day",28.77,"ES1684A","SPAIN","Background","urban",2.043611,41.493333,0,3100,0,0,0,800,0,589.3209839,0.290529,1968770,411.0180054,30161.09961,1.47334,0,0,0,1.9722,4.2370601,173,14.5658998,0.670948,54324.60156,247390,11980.2998,"ES1684A",2.04370117199411,41.4932861328878,"EEA AirBase v8 ArcGIS","station_european_code",1,1,FALSE,TRUE,"ES","SPAIN"
580,"ES1690A",8,2010,"day",5.716,"ES1690A","SPAIN","Background","rural",-0.078889,40.269444,0,2100,2100,0,0,0,0,451.5249939,0.708807,0,0,0,0,0,0,0,1.67714,4.4060302,420,14.0888004,0.707311,7152.450195,0,0,"ES1690A",-0.07891845747225,40.2694702147381,"EEA AirBase v8 ArcGIS","station_european_code",1,1,FALSE,TRUE,"ES","SPAIN"
581,"ES1709A",8,2010,"day",10.363,"ES1709A","SPAIN","Background","suburban",-0.441389,38.934722,0,5000,0,0,300,200,0,559.4819946,1.1339099,300732,91.7785034,18664.40039,0.871756,0,0,0,2.0004201,4.3952699,181,16.2777996,1.37333,22649.40039,63475.19922,3367.959961,"ES1709A",-0.441406250152989,38.9346923827522,"EEA AirBase v8 ArcGIS","station_european_code",1,1,FALSE,TRUE,"ES","SPAIN"
582,"ES1710A",8,2010,"day",18.568,"ES1710A","SPAIN","Background","suburban",-0.518889,39.571944,0,300,0,200,700,1000,0,0,0.290827,421025,94.4007034,93321.89844,4.3587799,0,52,0,2.0030899,4.26333,104,16.2889004,1.38469,55857.19922,150550,19630.40039,"ES1710A",-0.518798828385308,39.5720825196733,"EEA AirBase v8 ArcGIS","station_european_code",1,1,FALSE,TRUE,"ES","SPAIN"
583,"ES1711A",8,2010,"day",5.645,"ES1711A","SPAIN","Background","suburban",-0.697222,38.788056,0,8000,0,0,0,0,0,811.2490234,1.3197401,0,0,0,0,0,0,0,1.80006,4.67869,528,14.6674004,1.37898,8174.229981,0,0,"ES1711A",-0.697204589662828,38.7880859372916,"EEA AirBase v8 ArcGIS","station_european_code",1,1,FALSE,TRUE,"ES","SPAIN"
584,"ES1714A",8,2010,"day",30.841,"ES1714A","SPAIN","Industrial","suburban",-3.010833,43.321111,0,0,0,0,100,700,0,0,0.093342,1601960,222.798996,200784,10.6300001,0,0,17,1.87937,0,3,13.9441004,1.75407,71013.60156,195308,13712.40039,"ES1714A",-3.01080322243309,43.3211059568702,"EEA AirBase v8 ArcGIS","station_european_code",1,1,FALSE,TRUE,"ES","SPAIN"
585,"ES1751A",8,2010,"day",17.938,"ES1751A","SPAIN","Background","suburban",-4.465531,36.729561,0,200,0,0,800,1400,0,18.7387009,0.206325,1805640,132.3639984,90161,4.01858,0,185,0,1.87563,3.6233699,85,16.9445992,2.17822,80550.20313,139157,15588.90039,"ES1751A",-4.46551513627691,36.7296752931646,"EEA AirBase v8 ArcGIS","station_european_code",1,1,FALSE,TRUE,"ES","SPAIN"
586,"ES1773A",8,2010,"day",16.773,"ES1773A","SPAIN","Industrial","suburban",1.672222,41.202222,0,200,300,400,100,1400,100,88.398201,0.428647,356506,81.4459,211128,10.3134003,0,0,0,1.99953,2.6989701,3,15.7707005,0.790422,21287.09961,60220,7120.830078,"ES1773A",1.6723022462051,41.2022705076569,"EEA AirBase v8 ArcGIS","station_european_code",1,1,FALSE,TRUE,"ES","SPAIN"
587,"ES1778A",8,2010,"day",3.894,"ES1778A","SPAIN","Background","rural",2.583333,41.76,0,0,2900,0,0,0,0,581.3380127,0.799089,0,0,0,0,0,0,0,1.70074,4.2469201,218,14.1194,0,9196.009766,0,0,"ES1778A",2.58331298814542,41.7600708009293,"EEA AirBase v8 ArcGIS","station_european_code",1,1,FALSE,TRUE,"ES","SPAIN"
588,"ES1779A",8,2010,"day",11.354,"ES1779A","SPAIN","Industrial","rural",-2.250278,42.438889,0,6400,200,0,0,100,0,644.1339722,0.629232,1474380,39.7587013,0,0,0,0,0,1.9958301,4.97329,337,12.4287004,1.52492,27247.40039,172522,721.7059937,"ES1779A",-2.25030517580427,42.4389038084521,"EEA AirBase v8 ArcGIS","station_european_code",1,1,FALSE,TRUE,"ES","SPAIN"
589,"ES1781A",8,2010,"day",15.122,"ES1781A","SPAIN","Background","urban",-6.117239,36.68855,0,0,0,0,0,2900,0,0,0.0609097,689666,82.3951035,193672,8.6857996,0,19,0,2.00017,3.9870501,36,17.5331001,1.9248,57389.89844,88702.5,29205,"ES1781A",-6.11718750011697,36.6884765625114,"EEA AirBase v8 ArcGIS","station_european_code",1,1,FALSE,TRUE,"ES","SPAIN"
590,"ES1783A",8,2010,"day",11.747,"ES1783A","SPAIN","Background","suburban",2.919444,39.715556,0,1200,600,100,200,500,0,147.9340057,0.39472,1079010,96.7702026,15867.59961,0.783362,0,0,16,1.99461,4.2404299,103,16.9188004,0,44277.10156,50454.60156,9622.75,"ES1783A",2.91949462923375,39.7156982422655,"EEA AirBase v8 ArcGIS","station_european_code",1,1,FALSE,TRUE,"ES","SPAIN"
591,"ES1785A",8,2010,"day",11.52,"ES1785A","SPAIN","Industrial","urban",-2.463219,36.9231,0,0,800,0,0,600,0,466.1000061,1.84244,175413,10.8304005,31463.59961,1.43942,0,0,0,1.78997,3.9769499,144,16.9843998,0.809153,43766.19922,71613,3319.850098,"ES1785A",-2.46319580107682,36.9230957028098,"EEA AirBase v8 ArcGIS","station_european_code",1,1,FALSE,TRUE,"ES","SPAIN"
592,"ES1786A",8,2010,"day",13.244,"ES1786A","SPAIN","Background","suburban",-2.3905,36.86495,0,0,1700,0,0,1200,0,990.4630127,2.07566,0,0,125854,5.75769,0,0,0,2.0006001,3.4967201,63,17.6931,0.859046,37294.89844,0,1106.619995,"ES1786A",-2.39050292993327,36.8649291994374,"EEA AirBase v8 ArcGIS","station_european_code",1,1,FALSE,TRUE,"ES","SPAIN"
593,"ES1789A",8,2010,"day",32.202,"ES1789A","SPAIN","Traffic","suburban",2.811667,41.986111,0,700,1300,800,0,800,0,260.6000061,0.293491,1376590,123.0179977,40827.39844,2.07129,0,0,0,1.90828,4.4558702,69,14.9483004,0.69199,52110.69922,53709.80078,19197.40039,"ES1789A",2.81170654275858,41.9860839845066,"EEA AirBase v8 ArcGIS","station_european_code",1,1,FALSE,TRUE,"ES","SPAIN"
594,"ES1793A",8,2010,"day",12.565,"ES1793A","SPAIN","Background","rural",-6.734081,37.104089,0,600,2900,0,0,0,0,678.0170288,0.499445,0,0,0,0,0,53,0,2.0028601,2.99561,51,17.6823997,0,9536.599609,0,96.2275009,"ES1793A",-6.73400878909964,37.1041259763608,"EEA AirBase v8 ArcGIS","station_european_code",1,1,FALSE,TRUE,"ES","SPAIN"
595,"ES1795A",8,2010,"day",13.891,"ES1795A","SPAIN","Industrial","rural",1.859167,42.151111,0,200,1100,0,0,1200,0,383.0589905,1.23102,0,0,120644,5.8933501,0,0,0,1.2509201,4.9229598,719,10.1022997,0.493951,21968.19922,0,962.2750244,"ES1795A",1.85931396492254,42.1511230466433,"EEA AirBase v8 ArcGIS","station_european_code",1,1,FALSE,TRUE,"ES","SPAIN"
596,"ES1799A",8,2010,"day",22.357,"ES1799A","SPAIN","Background","urban",-4.762339,37.892611,0,0,0,200,600,2000,0,0,0.121461,3138530,167.1450043,63068.80078,2.7889099,0,0,0,2.00246,5.1269302,109,17.2600994,2.10466,62839.39844,200191,17272.80078,"ES1799A",-4.76232910177876,37.8927001950476,"EEA AirBase v8 ArcGIS","station_european_code",1,1,FALSE,TRUE,"ES","SPAIN"
597,"ES1803A",8,2010,"day",34.248,"ES1803A","SPAIN","Traffic","urban",-4.013333,40.633889,0,100,0,0,200,1900,0,0,0.118295,426705,165.5299988,385243,20.0489998,0,0,0,1.9853899,5.4825201,873,11.8986998,0.710903,53643.39844,89516.29688,17994.5,"ES1803A",-4.01330566387209,40.6339111325275,"EEA AirBase v8 ArcGIS","station_european_code",1,1,FALSE,TRUE,"ES","SPAIN"
598,"ES1808A",8,2010,"day",8.666,"ES1808A","SPAIN","Background","rural",-4.396944,40.368889,0,4300,0,0,0,1200,0,208.5429993,0.327612,101454,40.4049988,240777,12.5305996,0,0,0,1.9248199,5.52249,724,13.6300001,0.725841,24352.40039,20344.59961,6110.439941,"ES1808A",-4.39691162088547,40.3688964841562,"EEA AirBase v8 ArcGIS","station_european_code",1,1,FALSE,TRUE,"ES","SPAIN"
599,"ES1812A",8,2010,"day",10.811,"ES1812A","SPAIN","Industrial","rural",1.181111,41.280278,0,2100,100,0,1300,0,0,87.8375015,0.824088,341100,54.1367989,0,0,0,0,0,1.75971,4.2905402,234,13.9219999,0.783203,23841.5,30923.80078,192.4550018,"ES1812A",1.18109130901581,41.2802734373942,"EEA AirBase v8 ArcGIS","station_european_code",1,1,FALSE,TRUE,"ES","SPAIN"
600,"ES1814A",8,2010,"day",54.862,"ES1814A","SPAIN","Traffic","suburban",2.213056,41.551111,0,1900,700,0,0,800,0,383.0589905,0.562684,1463270,284.1140137,60322.19922,2.9466701,12,0,0,1.9856499,4.0384302,100,14.5186005,0.686327,42233.5,170081,13279.40039,"ES1814A",2.21307373079438,41.5510864255723,"EEA AirBase v8 ArcGIS","station_european_code",1,1,FALSE,TRUE,"ES","SPAIN"
601,"ES1815A",8,2010,"day",21.841,"ES1815A","SPAIN","Background","suburban",1.687778,41.348611,0,3000,0,0,0,2300,0,176.7960052,0.884218,579988,77.6576996,361933,17.6800003,0,0,0,1.99606,4.1808,194,14.6703997,0.748909,41552.30078,57778.69922,11354.7998,"ES1815A",1.68792724581302,41.3486938473422,"EEA AirBase v8 ArcGIS","station_european_code",1,1,FALSE,TRUE,"ES","SPAIN"
602,"ES1816A",8,2010,"day",27.629,"ES1816A","SPAIN","Background","urban",2.444444,41.548889,0,0,0,0,0,2900,0,0,0.350242,856679,181.8329926,392094,19.1534004,0,0,0,1.9100699,3.1526799,79,15.4934998,0.743904,51429.5,111488,17272.80078,"ES1816A",2.44451904298904,41.5488891603137,"EEA AirBase v8 ArcGIS","station_european_code",1,1,FALSE,TRUE,"ES","SPAIN"
603,"ES1818A",8,2010,"day",23.231,"ES1818A","SPAIN","Background","suburban",-4.020833,39.868056,0,0,0,900,0,1600,0,0,0.13921,2158840,100.1449966,38887.5,1.64544,0,217,0,1.8807,5.5072999,489,15.0445995,2.32884,64031.5,137530,12317.09961,"ES1818A",-4.02081298800773,39.8681030275934,"EEA AirBase v8 ArcGIS","station_european_code",1,1,FALSE,TRUE,"ES","SPAIN"
604,"ES1824A",8,2010,"day",10.548,"ES1824A","SPAIN","Background","suburban",-3.810319,37.784439,0,5100,0,0,0,800,0,414.8309937,0.588727,320559,41.1282997,59507.30078,2.64118,0,0,0,1.816,5.0555501,513,15.2477999,2.34587,49896.89844,47199.5,7457.629883,"ES1824A",-3.81030273474473,37.7844848634597,"EEA AirBase v8 ArcGIS","station_european_code",1,1,FALSE,TRUE,"ES","SPAIN"
605,"ES1829A",8,2010,"day",7.016,"ES1829A","SPAIN","Background","rural",2.630556,39.634722,0,5300,200,0,700,400,0,213.6820068,0.453138,806419,48.3851013,15867.59961,0.783362,0,0,0,1.90891,3.8634901,115,17.2847004,2.0422299,22649.40039,45571.89844,6928.379883,"ES1829A",2.63067626983519,39.6347045900153,"EEA AirBase v8 ArcGIS","station_european_code",1,1,FALSE,TRUE,"ES","SPAIN"
606,"ES1835A",8,2010,"day",12.609,"ES1835A","SPAIN","Industrial","rural",-1.961481,36.95,0,4300,900,0,0,100,0,1631.349976,2.2532699,0,0,15731.7998,0.719712,0,0,0,1.8974,3.3666,67,18.0925999,0.999444,10047.5,0,48.1137009,"ES1835A",-1.96148681640567,36.950073242122,"EEA AirBase v8 ArcGIS","station_european_code",1,1,FALSE,TRUE,"ES","SPAIN"
607,"ES1844A",8,2010,"day",4.516,"ES1844A","SPAIN","Industrial","rural",1.82,42.205833,0,3800,1100,0,0,100,0,825.0499878,1.40786,0,0,0,0,0,0,0,1.3741699,4.9573598,1099,9.28508,0.479817,18562.30078,22786,144.3410034,"ES1844A",1.82012939473707,42.2058715819182,"EEA AirBase v8 ArcGIS","station_european_code",1,1,FALSE,TRUE,"ES","SPAIN"
608,"ES1845A",8,2010,"day",8.481,"ES1845A","SPAIN","Industrial","urban",-1.89535,36.996781,0,0,0,0,0,2600,0,0,0.974144,76266.60156,0,204514,9.3562498,0,0,0,1.8334399,2.3010299,8,0,0.964217,20435.59961,21972.19922,5340.620117,"ES1845A",-1.89532470725917,36.996887206782,"EEA AirBase v8 ArcGIS","station_european_code",1,1,FALSE,TRUE,"ES","SPAIN"
609,"ES1848A",8,2010,"day",9.397,"ES1848A","SPAIN","Industrial","suburban",-0.031389,41.228889,0,4100,0,0,0,1900,0,103.2450027,0.358255,0,0,225133,10.8727999,0,0,0,1.9509,4.8920798,202,16.2780991,0.862837,19073.19922,0,5966.100098,"ES1848A",-0.0313110352478253,41.2288818356037,"EEA AirBase v8 ArcGIS","station_european_code",1,1,FALSE,TRUE,"ES","SPAIN"
610,"ES1853A",8,2010,"day",15.711,"ES1853A","SPAIN","Background","rural",1.617778,41.245,0,4400,700,0,0,500,0,707.1849976,1.13041,0,0,120644,5.8933501,0,0,0,1.80954,3.7758501,213,15.3077002,0.782014,29120.69922,66730.29688,962.2750244,"ES1853A",1.61791992144904,41.245117187826,"EEA AirBase v8 ArcGIS","station_european_code",1,1,FALSE,TRUE,"ES","SPAIN"
611,"ES1854A",8,2010,"day",1.748,"ES1854A","SPAIN","Background","rural",0.831389,41.008335,0,4800,1100,0,0,0,0,849.0960083,0.896672,0,0,0,0,0,0,0,1.6235,3.82723,602,15.7242002,0.861542,6811.859863,0,433.0239868,"ES1854A",0.831481934029773,41.008483886383,"EEA AirBase v8 ArcGIS","station_european_code",1,1,FALSE,TRUE,"ES","SPAIN"
612,"ES1858A",8,2010,"day",23.179,"ES1858A","SPAIN","Background","suburban",-2.129444,40.061944,0,0,0,0,0,2800,0,0,0.16568,737005,45.8422012,74168.5,3.12466,0,0,0,1.88384,5.2244701,949,11.4503002,0.854134,52621.60156,57778.69922,17176.59961,"ES1858A",-2.1293945310997,40.0620727542241,"EEA AirBase v8 ArcGIS","station_european_code",1,1,FALSE,TRUE,"ES","SPAIN"
613,"ES1869A",8,2010,"day",46.488,"ES1869A","SPAIN","Traffic","urban",-3.545833,40.43,0,0,0,400,600,1100,0,0,0.0206145,1426330,431.42099,144466,7.5183601,0,137,0,1.97753,5.4709902,603,14.3675003,0,72546.29688,404451,11691.59961,"ES1869A",-3.54577636752762,40.430114746142,"EEA AirBase v8 ArcGIS","station_european_code",1,1,FALSE,TRUE,"ES","SPAIN"
614,"ES1873A",8,2010,"day",11.216,"ES1873A","SPAIN","Industrial","rural",1.857222,42.193056,0,0,2900,0,0,0,0,854.5159912,1.36193,0,0,0,0,0,0,0,1.12521,4.9443798,1036,9.5113897,0.482553,24693,19530.80078,144.3410034,"ES1873A",1.8572998046133,42.1931152340486,"EEA AirBase v8 ArcGIS","station_european_code",1,1,FALSE,TRUE,"ES","SPAIN"
615,"ES1877A",8,2010,"day",25.592,"ES1877A","SPAIN","Industrial","urban",-0.056389,39.945278,0,2300,0,0,0,1000,0,77.8491974,0.481367,454005,2.83568,58598.19922,2.8415101,0,40,0,2.00418,3.68874,29,17.0256004,0.722094,53813.69922,70799.20313,10007.7002,"ES1877A",-0.0563964841669804,39.9453124997627,"EEA AirBase v8 ArcGIS","station_european_code",1,1,FALSE,TRUE,"ES","SPAIN"
616,"ES1879A",8,2010,"day",7.923,"ES1879A","SPAIN","Industrial","rural",0.356389,41.225278,0,1700,1200,0,0,0,100,382.3240051,0.675768,0,0,0,0,0,0,0,1.67235,4.7225299,74,15.4098997,0.814705,13794,0,0,"ES1879A",0.356506347785023,41.22528076154,"EEA AirBase v8 ArcGIS","station_european_code",1,1,FALSE,TRUE,"ES","SPAIN"
617,"ES1880A",8,2010,"day",9.785,"ES1880A","SPAIN","Industrial","rural",0.454444,41.180833,0,0,2900,0,0,0,0,849.0960083,0.9216,0,0,0,0,0,0,0,1.8044699,4.6356001,477,15.1055002,0.801628,0,0,0,"ES1880A",0.454528808382382,41.1809082028416,"EEA AirBase v8 ArcGIS","station_european_code",1,1,FALSE,TRUE,"ES","SPAIN"
618,"ES1881A",8,2010,"day",8.866,"ES1881A","SPAIN","Industrial","rural",-0.253889,41.105833,0,6600,300,0,0,200,0,120.3099976,0.127162,0,0,7329.02002,0.355431,0,0,0,1.99954,4.9419198,316,15.7967997,0.862082,12601.90039,0,529.2509766,"ES1881A",-0.253906250366236,41.1058959963054,"EEA AirBase v8 ArcGIS","station_european_code",1,1,FALSE,TRUE,"ES","SPAIN"
619,"ES1882A",8,2010,"day",7.554,"ES1882A","SPAIN","Background","rural",-1.868611,38.114722,0,4000,400,0,0,300,0,1065.349976,1.37549,179084,0,0,0,0,0,0,1.80425,4.8901901,676,14.0826998,1.89086,17370.19922,9765.410156,5725.529785,"ES1882A",-1.86859130883278,38.1146850585696,"EEA AirBase v8 ArcGIS","station_european_code",1,1,FALSE,TRUE,"ES","SPAIN"
620,"ES1884A",8,2010,"day",16.035,"ES1884A","SPAIN","Industrial","suburban",-0.265833,39.634167,0,4400,0,0,0,0,0,419.6109924,0.828383,0,0,0,0,0,0,0,2.00425,3.2116201,4,17.0935993,0.705343,44447.39844,166012,0,"ES1884A",-0.265808105024045,39.6342773440484,"EEA AirBase v8 ArcGIS","station_european_code",1,1,FALSE,TRUE,"ES","SPAIN"
621,"ES1892A",8,2010,"day",41.003,"ES1892A","SPAIN","Traffic","urban",2.237778,41.449444,0,0,0,100,0,2300,0,0,0.024115,1106770,187.5149994,301611,14.7334003,14,0,0,1.95806,3.02654,24,15.5074997,0.707561,46150.30078,166012,20688.90039,"ES1892A",2.23791503917888,41.4495239254775,"EEA AirBase v8 ArcGIS","station_european_code",1,1,FALSE,TRUE,"ES","SPAIN"
622,"ES1899A",8,2010,"day",27.035,"ES1899A","SPAIN","Industrial","rural",1.648333,41.309444,0,3700,0,0,0,2100,0,235.7290039,1.01135,564025,125.0100021,361933,17.6800003,0,0,0,1.95407,4.0799799,161,14.7954998,0.748338,32186,82192.20313,6351.009766,"ES1899A",1.64831542969192,41.3095092772189,"EEA AirBase v8 ArcGIS","station_european_code",1,1,FALSE,TRUE,"ES","SPAIN"
623,"ES1911A",8,2010,"day",10.797,"ES1911A","SPAIN","Industrial","suburban",-0.336667,39.705278,0,6600,0,0,0,300,0,727.3259888,1.11711,0,0,18664.40039,0.871756,0,0,0,1.83759,4.0579901,103,16.3610992,0.699957,21116.80078,0,3127.389893,"ES1911A",-0.336608887023989,39.7053222653289,"EEA AirBase v8 ArcGIS","station_european_code",1,1,FALSE,TRUE,"ES","SPAIN"
624,"ES1912A",8,2010,"day",32.73,"ES1912A","SPAIN","Traffic","urban",-0.342778,39.4575,0,0,0,100,800,600,0,0,0.0934425,983824,201.9129944,74657.5,3.48702,0,241,0,2.0028801,3.0413899,7,17.4423008,0.715232,109160,222163,12942.59961,"ES1912A",-0.342712402187017,39.4575195315762,"EEA AirBase v8 ArcGIS","station_european_code",1,1,FALSE,TRUE,"ES","SPAIN"
625,"ES1913A",8,2010,"day",5.051,"ES1913A","SPAIN","Background","rural",-1.064722,38.451667,0,7800,0,0,0,0,0,1175.479981,1.42004,0,0,0,0,0,0,0,1.98184,4.70257,635,15.4245005,0,14986.09961,0,0,"ES1913A",-1.06469726599902,38.451721191649,"EEA AirBase v8 ArcGIS","station_european_code",1,1,FALSE,TRUE,"ES","SPAIN"
626,"ES1915A",8,2010,"day",25.052,"ES1915A","SPAIN","Background","urban",-0.506667,38.340278,0,0,0,200,400,1500,0,0,0.108806,1343310,175.2749939,96348.20313,4.6112499,0,109,0,1.99304,3,23,0,0.814956,70843.29688,217280,12798.2998,"ES1915A",-0.506591797160888,38.3402709959545,"EEA AirBase v8 ArcGIS","station_european_code",1,1,FALSE,TRUE,"ES","SPAIN"
627,"ES1917A",8,2010,"day",6.105,"ES1917A","SPAIN","Background","rural",-1.253889,40.099444,0,4400,200,0,0,0,0,671.3779907,1.23155,0,0,0,0,0,0,0,1.72878,5.0037098,730,10.9139004,3.18489,22649.40039,0,433.0239868,"ES1917A",-1.25390625042667,40.099487304871,"EEA AirBase v8 ArcGIS","station_european_code",1,1,FALSE,TRUE,"ES","SPAIN"
628,"ES1923A",8,2010,"day",11.087,"ES1923A","SPAIN","Background","rural",2.224722,41.846667,0,2600,0,0,0,2300,0,176.7960052,1.10929,218160,18.9409008,361933,17.6800003,0,0,0,1.8874,4.5920401,607,12.5481005,0.54471,26055.40039,30923.80078,9718.969727,"ES1923A",2.22467040978384,41.8466796876453,"EEA AirBase v8 ArcGIS","station_european_code",1,1,FALSE,TRUE,"ES","SPAIN"
629,"ES1924A",8,2010,"day",34.622,"ES1924A","SPAIN","Background","urban",-3.6001,37.165681,0,0,0,0,0,2400,0,0,0.117437,611867,12.8804998,141869,6.4088502,0,6,1,1.84824,4.6659098,665,13.0304003,1.6795501,85318.5,40689.19922,27521.09961,"ES1924A",-3.60009765625174,37.1657104490517,"EEA AirBase v8 ArcGIS","station_european_code",1,1,FALSE,TRUE,"ES","SPAIN"
630,"ES1927A",8,2010,"day",15.81,"ES1927A","SPAIN","Traffic","urban",-5.746389,41.509722,0,0,0,0,0,2900,0,0,0.12013,658289,12.3634996,81766.89844,3.8915501,0,66,0,1.97698,5.3461199,656,12.3832998,3.49107,61647.30078,27668.69922,25500.30078,"ES1927A",-5.74639892566463,41.5097045898364,"EEA AirBase v8 ArcGIS","station_european_code",1,1,FALSE,TRUE,"ES","SPAIN"
631,"ES1930A",8,2010,"day",5.562,"ES1930A","SPAIN","Traffic","rural",0.811111,40.903889,0,2700,0,0,0,1800,0,292.7919922,0.39738,0,0,97347.79688,5.0310798,0,0,0,1.98871,3.01265,26,16.1704006,0.886425,20776.19922,0,13038.7998,"ES1930A",0.811096191301094,40.9039306639985,"EEA AirBase v8 ArcGIS","station_european_code",1,1,FALSE,TRUE,"ES","SPAIN"
632,"ES1937A",8,2010,"day",47.159,"ES1937A","SPAIN","Background","urban",-3.686667,40.398056,0,0,0,300,300,600,0,0,0,489367,151.1929932,144466,7.5183601,0,77,0,1.99085,5.4858799,609,14.4972,0,116823,186357,14289.7998,"ES1937A",-3.68658447299329,40.3980712890801,"EEA AirBase v8 ArcGIS","station_european_code",1,1,FALSE,TRUE,"ES","SPAIN"
633,"ES1939A",8,2010,"day",35.483,"ES1939A","SPAIN","Background","urban",-3.685556,40.409722,0,0,0,1300,800,300,0,0,0,569934,145.9790039,0,0,0,0,0,1.98803,5.4863,661,14.5129004,0,101326,155433,16070,"ES1939A",-3.68548583968902,40.4097290036606,"EEA AirBase v8 ArcGIS","station_european_code",1,1,FALSE,TRUE,"ES","SPAIN"
634,"ES1940A",8,2010,"day",53.292,"ES1940A","SPAIN","Traffic","urban",-3.688333,40.465833,0,0,0,1000,300,600,0,0,0,465496,122.5179977,0,0,0,84,14,1.9882801,5.48945,732,14.3474998,0,102859,104164,22661.59961,"ES1940A",-3.68829345673586,40.4658813475955,"EEA AirBase v8 ArcGIS","station_european_code",1,1,FALSE,TRUE,"ES","SPAIN"
635,"ES1941A",8,2010,"day",41.394,"ES1941A","SPAIN","Background","urban",-3.611944,40.372778,0,0,0,0,0,0,0,0,0.0685035,283475,31.2812996,0,0,0,0,0,1.9964,5.4759202,627,14.4911003,0,130277,417471,8804.80957,"ES1941A",-3.6118774415405,40.3729248045575,"EEA AirBase v8 ArcGIS","station_european_code",1,1,FALSE,TRUE,"ES","SPAIN"
636,"ES1942A",8,2010,"day",44.138,"ES1942A","SPAIN","Background","urban",-3.580556,40.4625,0,0,0,0,800,1000,0,0,0.0038058,596790,126.4280014,192621,10.0244999,0,0,0,2.00143,5.47683,619,14.3118,0,119718,501291,10873.7002,"ES1942A",-3.58050537115898,40.4625244138144,"EEA AirBase v8 ArcGIS","station_european_code",1,1,FALSE,TRUE,"ES","SPAIN"
637,"ES1943A",8,2010,"day",67.875,"ES1943A","SPAIN","Traffic","urban",-3.718611,40.384722,0,0,0,200,200,1300,0,0,0,683324,123.8219986,240777,12.5305996,26,119,0,1.9998,5.4888802,609,14.5285997,0,90086.79688,128578,20737,"ES1943A",-3.71862792984508,40.3847045895956,"EEA AirBase v8 ArcGIS","station_european_code",1,1,FALSE,TRUE,"ES","SPAIN"
638,"ES1945A",8,2010,"day",21.79,"ES1945A","SPAIN","Background","suburban",-3.774444,40.518056,0,1700,400,600,400,700,0,110.4049988,0.361229,232748,93.8438034,192621,10.0244999,0,170,0,1.96983,5.4934402,614,13.9555998,2.1068699,10388.09961,56964.89844,529.2509766,"ES1945A",-3.77441406267544,40.5181274415731,"EEA AirBase v8 ArcGIS","station_european_code",1,1,FALSE,TRUE,"ES","SPAIN"
639,"ES1946A",8,2010,"day",27.079,"ES1946A","SPAIN","Background","suburban",-3.608889,40.465,0,0,0,2500,100,200,0,0,0.0288603,364042,131.6419983,0,0,17,0,0,1.99992,5.4802198,662,14.3318005,0,75441.29688,192867,7938.77002,"ES1946A",-3.60888671909262,40.4650878904512,"EEA AirBase v8 ArcGIS","station_european_code",1,1,FALSE,TRUE,"ES","SPAIN"
640,"ES1962A",8,2010,"day",8.693,"ES1962A","SPAIN","Background","suburban",-2.160278,42.904722,0,1100,2800,0,0,0,0,411.2420044,0.501767,551036,26.6277008,0,0,0,0,0,1.709,4.6231499,530,11.3364,2.3083501,32015.69922,34992.69922,2838.709961,"ES1962A",-2.1602783204119,42.9047241211653,"EEA AirBase v8 ArcGIS","station_european_code",1,1,FALSE,TRUE,"ES","SPAIN"
641,"ES1967A",8,2010,"day",16.033,"ES1967A","SPAIN","Traffic","urban",-4.110556,40.955556,0,300,0,0,0,2500,0,0,0.256573,1315270,102.6279984,84630,3.8847101,0,0,0,1.89213,5.4307899,953,10.7509003,0,42233.5,62661.39844,11306.7002,"ES1967A",-4.11041259746447,40.9556884762458,"EEA AirBase v8 ArcGIS","station_european_code",1,1,FALSE,TRUE,"ES","SPAIN"
642,"ES1968A",8,2010,"day",15.821,"ES1968A","SPAIN","Industrial","suburban",-0.513889,38.351111,0,700,0,300,0,800,0,0,0.347982,1777140,246.1049957,48174.10156,2.30563,0,0,0,1.9982899,3.3717501,35,17.1737003,0.806384,66245.29688,276687,8901.040039,"ES1968A",-0.513916015895533,38.3510742187735,"EEA AirBase v8 ArcGIS","station_european_code",1,1,FALSE,TRUE,"ES","SPAIN"
643,"ES1969A",8,2010,"day",7.409,"ES1969A","SPAIN","Background","suburban",-0.244444,39.823611,0,2300,0,0,0,1700,0,186.8379974,0.492883,376176,17.9592991,87897.29688,4.26226,0,0,0,1.71874,3.98961,125,16.2290993,0.705504,27588,31737.59961,11884.09961,"ES1969A",-0.244384765921378,39.8237304687049,"EEA AirBase v8 ArcGIS","station_european_code",1,1,FALSE,TRUE,"ES","SPAIN"
644,"ES1970A",8,2010,"day",42.864,"ES1970A","SPAIN","Traffic","urban",-0.396389,39.450278,0,0,0,200,600,300,0,0,0.192135,1190040,225.5130005,18664.40039,0.871756,0,53,32,2.0025699,3.7558701,18,17.2567005,0.70904,102178,215653,14337.90039,"ES1970A",-0.396301269307157,39.4503173828584,"EEA AirBase v8 ArcGIS","station_european_code",1,1,FALSE,TRUE,"ES","SPAIN"
645,"ES1974A",8,2010,"day",22.849,"ES1974A","SPAIN","Background","suburban",-5.670556,43.516667,0,600,0,700,100,1700,0,26.5981998,0.141529,1236810,131.875,141057,6.6385002,0,20,0,1.9525501,3.4624,47,13.5058002,1.7202801,71354.20313,171708,12365.2002,"ES1974A",-5.6704101564049,43.5167236330403,"EEA AirBase v8 ArcGIS","station_european_code",1,1,FALSE,TRUE,"ES","SPAIN"
646,"ES1986A",8,2010,"day",19.788,"ES1986A","SPAIN","Traffic","urban",-3.688889,41.665556,0,1400,300,100,0,2200,0,58.6875992,0.222991,2236450,125.2570038,154616,7.0106201,0,0,0,2.0023899,5.2715302,799,11.3615999,2.5248201,41211.69922,179033,12798.2998,"ES1986A",-3.68890380897081,41.6655273438515,"EEA AirBase v8 ArcGIS","station_european_code",1,1,FALSE,TRUE,"ES","SPAIN"
647,"ES1987A",8,2010,"day",18.195,"ES1987A","SPAIN","Background","rural",-3.475278,42.951667,0,5300,1200,0,0,0,0,283.6570129,0.440975,0,0,0,0,0,0,0,1.94821,4.6533599,613,10.5805998,0,22138.5,16275.7002,866.0469971,"ES1987A",-3.47528076209432,42.9520874026074,"EEA AirBase v8 ArcGIS","station_european_code",1,1,FALSE,TRUE,"ES","SPAIN"
648,"ES1989A",8,2010,"day",6.592,"ES1989A","SPAIN","Background","rural",-5.089722,43.041389,0,4700,700,0,0,0,0,190.6170044,0.345168,0,0,0,0,0,0,0,1.28684,4.6687899,1149,8.1518202,2.7237301,13964.2998,0,144.3410034,"ES1989A",-5.08972168002617,43.0415039065572,"EEA AirBase v8 ArcGIS","station_european_code",1,1,FALSE,TRUE,"ES","SPAIN"
649,"ES1990A",8,2010,"day",8.203,"ES1990A","SPAIN","Background","rural",-6.223889,40.569722,0,3900,1400,0,0,0,0,201.9850006,0.332716,0,0,0,0,0,0,0,1.83971,5.3235202,1026,12.1283998,0.791187,15667.2998,0,0,"ES1990A",-6.22387695328791,40.569702148448,"EEA AirBase v8 ArcGIS","station_european_code",1,1,FALSE,TRUE,"ES","SPAIN"
650,"ES1991A",8,2010,"day",2.666,"ES1991A","SPAIN","Background","rural",-2.856944,41.723611,0,4600,500,0,0,500,0,101.3799973,0.245851,0,0,15340.40039,0.680727,0,0,0,1.84969,5.2344599,1004,10.3389997,0.841796,16859.30078,0,577.3649902,"ES1991A",-2.85681152360441,41.723693847402,"EEA AirBase v8 ArcGIS","station_european_code",1,1,FALSE,TRUE,"ES","SPAIN"
651,"FI00066",8,2010,"day",12.989,"FI00066","FINLAND","Background","urban",25.652781,60.987499,0,0,0,1200,300,800,0,0,0.0225629,1932030,87.1703033,8905.200195,0.528411,0,0,0,2.0043199,4.76472,98,4.9485102,1.71759,19730.19922,242469,11981.5,"FI00066",25.6528930661669,60.9874877931601,"EEA AirBase v8 ArcGIS","station_european_code",1,1,FALSE,TRUE,"FI","FINLAND"
652,"FI00067",8,2010,"day",31.97,"FI00067","FINLAND","Traffic","urban",25.662233,60.983891,0,0,0,0,1100,300,0,0,0.0088772,1932030,107.2490005,0,0,0,86,22,2.00404,4.7606001,110,4.9523201,1.71728,23619,225150,14517.5,"FI00067",25.6622924803445,60.983886718933,"EEA AirBase v8 ArcGIS","station_european_code",1,1,FALSE,TRUE,"FI","FINLAND"
653,"FI00080",8,2010,"day",8.899,"FI00080","FINLAND","Industrial","suburban",28.873062,61.238056,0,600,0,0,0,2500,0,18.5732994,0.0948985,1048590,56.7360992,51722.89844,3.1282201,0,0,0,2.00383,4.9734602,90,4.35075,0,14068.5,132368,4888.180176,"FI00080",28.8731079103554,61.2380981443275,"EEA AirBase v8 ArcGIS","station_european_code",1,1,FALSE,TRUE,"FI","FINLAND"
654,"FI00186",8,2010,"day",33.399,"FI00186","FINLAND","Traffic","urban",22.267508,60.451111,0,0,0,0,600,2100,0,0,0.0105797,2485830,92.2232971,28804.80078,1.81565,0,64,0,2.0043199,3.44381,25,5.6691198,4.3710699,31797.09961,223912,14554.2998,"FI00186",22.267517090096,60.4511108396473,"EEA AirBase v8 ArcGIS","station_european_code",1,1,FALSE,TRUE,"FI","FINLAND"
655,"FI00206",8,2010,"day",25.835,"FI00206","FINLAND","Traffic","urban",24.963903,60.193611,0,0,0,0,300,1500,0,0,0,2427800,159.7920074,100033,7.66083,0,3,13,1.9988,3.09235,27,5.7365899,0,29566.69922,309271,7754.930176,"FI00206",24.9639282222437,60.1937255861529,"EEA AirBase v8 ArcGIS","station_european_code",1,1,FALSE,TRUE,"FI","FINLAND"
656,"FI00208",8,2010,"day",7.548,"FI00208","FINLAND","Background","rural",24.689449,60.31361,0,300,2300,0,0,100,0,216.5200043,0.330971,51111.69922,3.4241099,0,0,0,0,0,1.95158,4.1591201,79,5.4841299,4.0232902,5890.459961,1237.089966,735.0640259,"FI00208",24.6895141597798,60.3137207031194,"EEA AirBase v8 ArcGIS","station_european_code",1,1,FALSE,TRUE,"FI","FINLAND"
657,"FI00273",8,2010,"day",11.964,"FI00273","FINLAND","Industrial","rural",28.837782,61.12833,0,300,1900,0,0,0,0,117.6309967,0.172779,99033.10156,0,0,0,0,0,0,2.0043199,4.9226699,67,0,0,3202.580078,21030.5,624.8049927,"FI00273",28.8378906247564,61.1284790040763,"EEA AirBase v8 ArcGIS","station_european_code",1,1,FALSE,TRUE,"FI","FINLAND"
658,"FI00301",8,2010,"day",13.183,"FI00301","FINLAND","Background","suburban",25.497791,65.043335,0,0,0,500,0,2400,0,0,0.0313392,2031990,68.2666016,47594,2.9324901,0,0,0,2.0043199,3.3982899,17,3.3543301,0.968394,16070.09961,246180,7607.910156,"FI00301",25.4979248043013,65.0432739259422,"EEA AirBase v8 ArcGIS","station_european_code",1,1,FALSE,TRUE,"FI","FINLAND"
659,"FI00363",8,2010,"day",15.201,"FI00363","FINLAND","Background","urban",27.670002,62.893612,0,0,0,200,1000,500,0,0,0.021416,4020230,131.3130035,20771.90039,1.25735,0,177,0,1.99913,5.3822899,106,3.86148,2.61499,19272.69922,332776,13010.59961,"FI00363",27.6701049802693,62.8936767578178,"EEA AirBase v8 ArcGIS","station_european_code",1,1,FALSE,TRUE,"FI","FINLAND"
660,"FI00370",8,2010,"day",30.456,"FI00370","FINLAND","Traffic","suburban",25.03945,60.290001,0,0,0,600,200,900,0,0,0.0406456,2964480,165.4980011,62520.39844,4.7880201,0,121,0,2.00051,3.9604001,27,5.5508299,3.15854,21617.40039,202882,14076.5,"FI00370",25.0394897464661,60.2901000976254,"EEA AirBase v8 ArcGIS","station_european_code",1,1,FALSE,TRUE,"FI","FINLAND"
661,"FI00378",8,2010,"day",13.118,"FI00378","FINLAND","Industrial","suburban",28.262789,61.071667,0,0,0,0,0,2700,0,0,0.0484588,1386460,103.7109985,51722.89844,3.1282201,0,0,0,2.0043199,4.7830501,101,4.5485802,3.93574,12695.90039,75462.20313,7571.160156,"FI00378",28.2628784176051,61.0717163086343,"EEA AirBase v8 ArcGIS","station_european_code",1,1,FALSE,TRUE,"FI","FINLAND"
662,"FI00424",8,2010,"day",12.953,"FI00424","FINLAND","Background","suburban",28.770557,61.189167,0,0,0,0,100,2100,0,0,0.0755727,588373,53.6857986,51722.89844,3.1282201,0,0,0,2.0043199,4.9365802,77,4.3993101,2.88397,17385.40039,77936.39844,13451.7002,"FI00424",28.7706909183376,61.189086914171,"EEA AirBase v8 ArcGIS","station_european_code",1,1,FALSE,TRUE,"FI","FINLAND"
663,"FI00425",8,2010,"day",22.725,"FI00425","FINLAND","Background","urban",24.950562,60.1875,0,0,0,0,0,2500,0,0,0.0003056,3002810,140.3880005,162553,12.4488001,0,245,0,1.99596,2.95155,30,5.75493,0,33512.69922,359992,8857.519531,"FI00425",24.950683593747,60.1874999998857,"EEA AirBase v8 ArcGIS","station_european_code",1,1,FALSE,TRUE,"FI","FINLAND"
664,"FI00446",8,2010,"day",28.871,"FI00446","FINLAND","Traffic","urban",25.471392,65.010002,0,0,0,200,200,2400,0,0,0.0040398,2744400,114.2149963,47594,2.9324901,0,205,0,2.0043199,2.7657399,14,3.3991101,0.967123,23390.30078,356281,9335.30957,"FI00446",25.4714965824415,65.0100708007443,"EEA AirBase v8 ArcGIS","station_european_code",1,1,FALSE,TRUE,"FI","FINLAND"
665,"FI00460",8,2010,"day",9.983,"FI00460","FINLAND","Industrial","rural",22.099459,60.425278,0,0,1800,100,0,500,0,191.9909973,0.105444,0,0,8229.94043,0.518758,0,59,0,2.0043199,2.1505201,0,0,4.6610398,3374.149902,0,882.0770264,"FI00460",22.0994873051346,60.4252929688552,"EEA AirBase v8 ArcGIS","station_european_code",1,1,FALSE,TRUE,"FI","FINLAND"
666,"FI00464",8,2010,"day",16.571,"FI00464","FINLAND","Traffic","urban",25.743341,62.243057,0,0,0,0,900,800,0,0,0.0062665,4144820,152.7550049,16992.69922,0.990757,0,144,0,2.0042601,5.2929802,107,4.2290502,1.7250201,22189.30078,320405,9960.120117,"FI00464",25.7432861332596,62.2431030275308,"EEA AirBase v8 ArcGIS","station_european_code",1,1,FALSE,TRUE,"FI","FINLAND"
667,"FI00549",8,2010,"day",22.907,"FI00549","FINLAND","Traffic","urban",23.735579,61.498611,0,0,0,300,500,1600,0,0,0.0017461,1217650,57.7192001,38628.5,2.4121101,0,163,0,1.99465,5.0336599,114,4.9545698,1.74203,11437.7998,97729.70313,7093.370117,"FI00549",23.7357177738694,61.4987182617985,"EEA AirBase v8 ArcGIS","station_european_code",1,1,FALSE,TRUE,"FI","FINLAND"
668,"FI00588",8,2010,"day",21.219,"FI00588","FINLAND","Traffic","urban",21.799736,61.482502,0,0,0,0,900,800,0,0,0.0175798,4239250,168.8809967,11397.90039,0.669628,0,0,0,2.0043199,3.9467399,18,5.2288299,2.8450899,28594.5,374837,10621.7002,"FI00588",21.7996826171849,61.4824829103504,"EEA AirBase v8 ArcGIS","station_european_code",1,1,FALSE,TRUE,"FI","FINLAND"
669,"FI00781",8,2010,"day",18.238,"FI00781","FINLAND","Background","suburban",25.102501,60.223888,0,0,0,300,0,2600,0,0,0.0250597,1137230,46.7961006,150049,11.4912004,0,0,0,1.99326,3.0683601,24,5.6721301,3.34126,24648.40039,74225.10156,17898.80078,"FI00781",25.1024780277638,60.2238769529924,"EEA AirBase v8 ArcGIS","station_european_code",1,1,FALSE,TRUE,"FI","FINLAND"
670,"FI00801",8,2010,"day",13.908,"FI00801","FINLAND","Background","urban",23.802221,61.499168,0,0,0,600,300,1600,0,0,0.0331752,2858390,135.3910065,28971.40039,1.80908,0,68,0,2.0043199,5.0473599,113,4.9449701,1.7410901,19501.40039,279581,11136.2002,"FI00801",23.8023071289516,61.4990844726081,"EEA AirBase v8 ArcGIS","station_european_code",1,1,FALSE,TRUE,"FI","FINLAND"
671,"FI00839",8,2010,"day",36.727,"FI00839","FINLAND","Traffic","urban",27.661968,62.88205,0,0,0,0,400,1900,0,0,0.0002278,4085980,132.9609985,62315.89844,3.7720599,0,136,0,2.0027699,5.38307,100,3.86025,2.61481,14297.2002,347621,10143.90039,"FI00839",27.6621093750643,62.8820800783156,"EEA AirBase v8 ArcGIS","station_european_code",1,1,FALSE,TRUE,"FI","FINLAND"
672,"FR01004",8,2010,"day",16.416,"FR01004","FRANCE","Background","rural",6.271664,49.332497,0,3700,0,0,0,1800,0,96.1392975,0.735803,94246.29688,6.18678,59998.60156,3.46574,0,0,0,1.9782,5.3698101,220,10.6954002,1.97975,18973.30078,8456,2793.469971,"FR01004",6.27172851604695,49.3325195313398,"EEA AirBase v8 ArcGIS","station_european_code;station_local_code",2,1,FALSE,TRUE,"FR","FRANCE"
673,"FR01006",8,2010,"day",22.534,"FR01006","FRANCE","Industrial","suburban",6.14,49.320831,0,900,0,0,300,1400,0,61.1795998,0.163291,2176640,188.9779968,39999.10156,2.3104999,0,0,0,2.0023,5.3622398,156,10.6697998,1.99608,37220.89844,267110,8964.129883,"FR01006",6.14007568332588,49.320922851307,"EEA AirBase v8 ArcGIS","station_european_code;station_local_code",2,1,FALSE,TRUE,"FR","FRANCE"
674,"FR01012",8,2010,"day",24.516,"FR01012","FRANCE","Background","suburban",6.223336,49.110275,0,0,0,400,400,1900,0,0,0.109742,2015070,172.1049957,59998.60156,3.46574,0,41,0,2.0025499,5.4040298,202,10.8495998,1.978,53394.80078,145742,8297.030273,"FR01012",6.22332763708494,49.1102905271559,"EEA AirBase v8 ArcGIS","station_european_code;station_local_code",2,1,FALSE,TRUE,"FR","FRANCE"
675,"FR01015",8,2010,"day",14.861,"FR01015","FRANCE","Industrial","suburban",6.051392,48.884725,0,500,0,0,100,2400,0,0,0.392285,586930,46.0723991,102795,6.41501,0,0,0,1.94296,5.4313698,182,10.9439001,2.00243,12441.5,48746.39844,10673.59961,"FR01015",6.05151367203976,48.8847045900296,"EEA AirBase v8 ArcGIS","station_european_code;station_local_code",2,1,FALSE,TRUE,"FR","FRANCE"
676,"FR01017",8,2010,"day",23.123,"FR01017","FRANCE","Background","urban",6.172778,49.096111,0,0,0,300,0,1800,0,0,0.164614,861680,66.9297028,46665.60156,2.69558,0,0,0,1.99921,5.4032698,181,10.8613005,1.98246,54016.89844,89036.70313,14342.59961,"FR01017",6.17291259781367,49.0961303710981,"EEA AirBase v8 ArcGIS","station_european_code;station_local_code",2,1,FALSE,TRUE,"FR","FRANCE"
677,"FR01018",8,2010,"day",17.313,"FR01018","FRANCE","Background","suburban",6.122772,49.107498,0,1900,0,300,0,1800,0,43.6996994,0.305428,350058,21.3724995,66665.10156,3.8508301,0,0,0,1.95814,5.3982401,166,10.8611002,1.9896801,31414.80078,29844.69922,11757.59961,"FR01018",6.12292480447803,49.1074829101474,"EEA AirBase v8 ArcGIS","station_european_code;station_local_code",2,1,FALSE,TRUE,"FR","FRANCE"
678,"FR01020",8,2010,"day",27.354,"FR01020","FRANCE","Background","urban",6.156942,49.358336,0,0,0,0,0,2900,0,0,0.0356993,736018,34.8708992,86664.60156,5.0060802,0,0,0,1.99804,5.3568101,155,10.6353998,2.0041699,42508.5,86549.60156,21055.30078,"FR01020",6.15692138650542,49.3582763671829,"EEA AirBase v8 ArcGIS","station_european_code;station_local_code",2,1,FALSE,TRUE,"FR","FRANCE"
679,"FR01021",8,2010,"day",16.813,"FR01021","FRANCE","Background","suburban",6.201392,49.394444,0,5600,0,0,0,1200,0,148.5789948,0.711342,40391.30078,0,39999.10156,2.3104999,0,0,0,2.0023201,5.3537598,152,10.6143999,1.99256,8605.379883,4476.709961,2251.459961,"FR01021",6.20147705114828,49.3944702149994,"EEA AirBase v8 ArcGIS","station_european_code;station_local_code",2,1,FALSE,TRUE,"FR","FRANCE"
680,"FR02009",8,2010,"day",16.907,"FR02009","FRANCE","Industrial","rural",4.796389,43.400278,0,100,1700,0,0,1100,0,453.5669861,1.02262,929400,44.8027992,68032.79688,4.5534401,0,0,0,2.0042901,3.5085199,2,15.6239004,2.5599201,15966.59961,59689.39844,4002.590088,"FR02009",4.79650878920715,43.4003295896622,"EEA AirBase v8 ArcGIS","station_european_code;station_local_code",2,1,FALSE,TRUE,"FR","FRANCE"
681,"FR02012",8,2010,"day",16.396,"FR02012","FRANCE","Background","urban",4.982778,43.509444,0,0,0,0,0,2900,0,0,0.273528,1171430,50.3264999,176885,11.8388996,0,0,0,1.98172,3.9637101,20,15.0288,2.28738,31622.19922,44269.60156,21180.40039,"FR02012",4.98291015658793,43.5095214842978,"EEA AirBase v8 ArcGIS","station_european_code;station_local_code",2,1,FALSE,TRUE,"FR","FRANCE"
682,"FR02020",8,2010,"day",15.636,"FR02020","FRANCE","Industrial","suburban",5.219722,43.510556,0,600,0,0,0,2900,0,0,1.07857,2536490,71.1936035,176885,11.8388996,0,0,0,1.96368,4.2518101,51,14.3060999,1.0109299,25401.40039,110923,7046.220215,"FR02020",5.21972656234167,43.5106811523438,"EEA AirBase v8 ArcGIS","station_european_code;station_local_code",2,1,FALSE,TRUE,"FR","FRANCE"
683,"FR02031",8,2010,"day",32.34,"FR02031","FRANCE","Background","urban",5.212778,43.419722,0,0,0,0,0,2900,0,0,0.169401,1277930,33.7556,176885,11.8388996,0,0,0,1.9969,3.96808,12,14.7648001,1.07085,43026.89844,163151,17761.5,"FR02031",5.21289062467634,43.419677734391,"EEA AirBase v8 ArcGIS","station_european_code;station_local_code",2,1,FALSE,TRUE,"FR","FRANCE"
684,"FR02037",8,2010,"day",29.548,"FR02037","FRANCE","Background","urban",4.985417,43.430694,0,1900,2300,0,0,0,0,730.7470093,0.979104,1403780,73.6484985,0,0,0,0,0,1.9689699,3.13359,23,15.2907,2.40259,14100.40039,66653.20313,3835.810059,"FR02037",4.9859008790358,43.4138793947585,"EEA AirBase v8 ArcGIS","station_european_code;station_local_code",2,1,FALSE,TRUE,"FR","FRANCE"
685,"FR03002",8,2010,"day",47.789,"FR03002","FRANCE","Traffic","urban",5.400786,43.290001,0,0,0,0,400,1300,0,0,0,3359390,123.3610001,54426.30078,3.64275,0,55,22,1.9868799,3.3450999,31,14.5534,1.10659,49455,145244,17427.90039,"FR03002",5.40087890643071,43.2901000973349,"EEA AirBase v8 ArcGIS","station_european_code;station_local_code",2,1,FALSE,TRUE,"FR","FRANCE"
686,"FR03004",8,2010,"day",82.681,"FR03004","FRANCE","Traffic","urban",5.387528,43.315272,0,0,0,0,300,2000,0,0,0,2875330,110.4729996,108853,7.2855,26,47,26,1.9792,3.2787499,26,14.5102997,1.0526201,60134,122363,16885.90039,"FR03004",5.38751220676836,43.3153076173632,"EEA AirBase v8 ArcGIS","station_european_code;station_local_code",2,1,FALSE,TRUE,"FR","FRANCE"
687,"FR03029",8,2010,"day",30.421,"FR03029","FRANCE","Background","urban",5.441383,43.530277,0,0,0,100,200,2400,0,0,0.0372992,1916890,68.1249008,136066,9.1068697,0,212,0,1.9648499,4.3295798,195,13.4932003,0.944399,57645.69922,56704.89844,21889.19922,"FR03029",5.44152832072246,43.5302734373687,"EEA AirBase v8 ArcGIS","station_european_code;station_local_code",2,1,FALSE,TRUE,"FR","FRANCE"
688,"FR03032",8,2010,"day",22.63,"FR03032","FRANCE","Background","urban",5.571736,43.294783,0,0,0,0,0,2900,0,0,0.425833,1510280,36.8242989,176885,11.8388996,0,180,0,1.88069,3.97469,117,13.6912003,1.05667,47588.80078,54217.89844,19679.40039,"FR03032",5.57171630843892,43.2949218749348,"EEA AirBase v8 ArcGIS","station_european_code;station_local_code",2,1,FALSE,TRUE,"FR","FRANCE"
689,"FR03043",8,2010,"day",29.494,"FR03043","FRANCE","Background","urban",5.395794,43.306075,0,0,0,500,500,1400,0,0,0,1868480,67.5111008,81639.39844,5.4641199,0,20,0,1.98625,3.33512,76,14.5502005,1.05532,52358,93016,20721.69922,"FR03043",5.39587402367362,43.3060913083135,"EEA AirBase v8 ArcGIS","station_european_code;station_local_code",2,1,FALSE,TRUE,"FR","FRANCE"
690,"FR03047",8,2010,"day",33.438,"FR03047","FRANCE","Background","urban",5.383547,43.296953,0,0,0,100,300,2400,0,0,0,2052430,68.7386017,122459,8.1961899,0,108,0,1.97157,2.91625,37,14.6668997,1.12187,60445,96000.5,20930.19922,"FR03047",5.3834838870482,43.2968750002122,"EEA AirBase v8 ArcGIS","station_european_code;station_local_code",2,1,FALSE,TRUE,"FR","FRANCE"
691,"FR03060",8,2010,"day",20.783,"FR03060","FRANCE","Background","urban",5.875383,43.101592,0,0,0,0,200,2200,0,0,0.0102874,2506820,35.6153984,78229.29688,4.60151,0,0,0,1.94554,2.7312,9,15.3282003,2.2379301,49558.69922,68642.79688,20096.30078,"FR03060",5.87548828097516,43.1016845705012,"EEA AirBase v8 ArcGIS","station_european_code;station_local_code",2,1,FALSE,TRUE,"FR","FRANCE"
692,"FR03063",8,2010,"day",31.82,"FR03063","FRANCE","Background","urban",5.929328,43.122814,0,0,0,0,500,1400,0,0,0.0269056,3641980,99.7230988,35558.80078,2.0915999,0,34,19,1.84755,2.3010299,6,15.0256004,2.1050799,44271.10156,84560,12591.5,"FR03063",5.92932128862992,43.1229248046899,"EEA AirBase v8 ArcGIS","station_european_code;station_local_code",2,1,FALSE,TRUE,"FR","FRANCE"
693,"FR03068",8,2010,"day",48.431,"FR03068","FRANCE","Traffic","urban",5.921936,43.126786,0,0,0,100,600,1100,0,0,0.0451064,3783870,109.2210007,35558.80078,2.0915999,0,189,16,1.84755,2.3010299,8,15.0178003,2.10425,41575.39844,92518.60156,13133.5,"FR03068",5.92187499962793,43.12689208978,"EEA AirBase v8 ArcGIS","station_european_code;station_local_code",2,1,FALSE,TRUE,"FR","FRANCE"
694,"FR03080",8,2010,"day",19.849,"FR03080","FRANCE","Background","urban",4.805081,43.949725,0,0,0,0,0,2600,0,0,0.315661,826187,6.45998,112837,6.7815499,0,53,0,1.99354,4.7645702,28,14.7298002,0.919647,39916.5,33326.60156,16343.90039,"FR03080",4.80511474574874,43.9497070314507,"EEA AirBase v8 ArcGIS","station_european_code;station_local_code",2,1,FALSE,TRUE,"FR","FRANCE"
695,"FR04008",8,2010,"day",36.926,"FR04008","FRANCE","Background","urban",2.330556,48.799444,0,0,0,100,800,1400,0,0,0,6237000,351.3120117,198515,16.9972992,0,77,0,1.9817899,5.1479301,53,11.9919004,2.0903001,57231,108933,18678.80078,"FR04008",2.33068847648446,48.7994995115839,"EEA AirBase v8 ArcGIS","station_european_code;station_local_code",2,1,FALSE,TRUE,"FR","FRANCE"
696,"FR04014",8,2010,"day",39.971,"FR04014","FRANCE","Background","urban",2.395,48.837222,0,0,0,0,100,2700,0,0,0,6554830,995.1069946,3638150,342.269989,0,113,0,2.0013599,5.1525998,49,11.9898996,2.08916,74752.79688,103462,13133.5,"FR04014",2.3950805667547,48.8372802735864,"EEA AirBase v8 ArcGIS","station_european_code;station_local_code",2,1,FALSE,TRUE,"FR","FRANCE"
697,"FR04017",8,2010,"day",39.384,"FR04017","FRANCE","Background","urban",2.278056,48.881389,0,0,0,0,0,2100,0,0,0,1945010,346.6480103,1367490,157.9320068,0,55,0,1.9991,5.1215501,48,11.9570999,2.0939801,65214.30078,23875.80078,19179.09961,"FR04017",2.27807617150295,48.8815307619855,"EEA AirBase v8 ArcGIS","station_european_code;station_local_code",2,1,FALSE,TRUE,"FR","FRANCE"
698,"FR04018",8,2010,"day",37.84,"FR04018","FRANCE","Background","urban",2.385278,48.903611,0,0,0,0,300,2100,0,0,0,12709000,1030.27002,406062,32.6343994,0,78,0,2.00402,5.1388202,44,11.9665003,2.0899,50180.80078,240747,10256.59961,"FR04018",2.38531494177518,48.9036865233368,"EEA AirBase v8 ArcGIS","station_european_code;station_local_code",2,1,FALSE,TRUE,"FR","FRANCE"
699,"FR04023",8,2010,"day",20.989,"FR04023","FRANCE","Background","urban",2.043056,49.046389,0,0,0,600,300,1800,0,0,0.167032,2482720,120.6399994,131862,9.8678799,0,114,0,1.96954,5.0334101,91,11.7939997,1.05628,46241,61181.60156,9464.459961,"FR04023",2.04309082065745,49.0465087889093,"EEA AirBase v8 ArcGIS","station_european_code;station_local_code",2,1,FALSE,TRUE,"FR","FRANCE"
700,"FR04029",8,2010,"day",28.225,"FR04029","FRANCE","Background","suburban",2.130555,48.799168,0,0,0,0,600,1000,0,0,0.13288,2687320,167.6829987,26197.80078,2.06775,0,5,0,1.96628,5.11027,129,11.8806,2.1010101,47485.10156,101472,10715.2998,"FR04029",2.13067626980498,48.7993164062879,"EEA AirBase v8 ArcGIS","station_european_code;station_local_code",2,1,FALSE,TRUE,"FR","FRANCE"
701,"FR04031",8,2010,"day",67.786,"FR04031","FRANCE","Traffic","urban",2.311944,48.868889,0,0,0,300,300,1300,0,0,0,3753970,533.7849731,1212720,114.0899963,0,12,20,1.99604,5.13063,38,11.9689999,2.0940199,77033.70313,32829.19922,19762.80078,"FR04031",2.31207275353034,48.8688964844277,"EEA AirBase v8 ArcGIS","station_european_code;station_local_code",2,1,FALSE,TRUE,"FR","FRANCE"
702,"FR04034",8,2010,"day",36.716,"FR04034","FRANCE","Background","urban",2.377222,48.776111,0,300,0,0,600,1600,0,0,0.143333,5268870,223.0330048,277920,23.7961998,0,0,0,1.99338,5.1610398,94,12.0114002,2.0862701,29133.90039,119379,18220.09961,"FR04034",2.37731933567189,48.7761230470607,"EEA AirBase v8 ArcGIS","station_european_code;station_local_code",2,1,FALSE,TRUE,"FR","FRANCE"
703,"FR04037",8,2010,"day",37.674,"FR04037","FRANCE","Background","urban",2.360278,48.828609,0,0,0,500,100,2100,0,0,0,8828380,1171.310059,2122250,199.6580048,0,96,0,1.99652,5.1477799,59,11.9877005,2.09166,72679.20313,104456,17970,"FR04037",2.36029052709139,48.828674316173,"EEA AirBase v8 ArcGIS","station_european_code;station_local_code",2,1,FALSE,TRUE,"FR","FRANCE"
704,"FR04038",8,2010,"day",10.988,"FR04038","FRANCE","Background","rural",1.883333,48.581944,0,2900,1500,100,100,0,0,291.67099,0.91928,62984,6.7523398,0,0,0,0,0,1.98286,5.1202102,161,11.7343998,2.1648901,16381.2998,1989.650024,2126.379883,"FR04038",1.88348388683672,48.5820922852562,"EEA AirBase v8 ArcGIS","station_european_code;station_local_code",2,1,FALSE,TRUE,"FR","FRANCE"
705,"FR04051",8,2010,"day",31.07,"FR04051","FRANCE","Background","urban",2.223611,48.951389,0,0,0,0,700,800,0,0,0.0706356,3998220,188.4329987,32965.60156,2.46697,0,0,0,1.98886,5.0959401,57,11.9336004,2.09689,37946.60156,148726,15635.09961,"FR04051",2.22369384764521,48.9514770505441,"EEA AirBase v8 ArcGIS","station_european_code;station_local_code",2,1,FALSE,TRUE,"FR","FRANCE"
706,"FR04058",8,2010,"day",95.533,"FR04058","FRANCE","Traffic","urban",2.356667,48.925278,0,0,0,100,600,500,0,0,0,10179200,443.2780151,40606.19922,3.2634399,16,55,11,2.0030401,5.1290302,38,11.9638004,2.09691,66043.70313,198965,8130.259766,"FR04058",2.35668945330689,48.925292968688,"EEA AirBase v8 ArcGIS","station_european_code;station_local_code",2,1,FALSE,TRUE,"FR","FRANCE"
707,"FR04059",8,2010,"day",33.491,"FR04059","FRANCE","Background","urban",2.361667,48.937222,0,0,0,200,300,1600,0,0,0.0023465,7523590,336.5910034,406062,32.6343994,0,0,0,2.0032001,5.1278901,35,11.9616003,2.09656,57645.69922,140768,13884,"FR04059",2.36169433606397,48.9373168947718,"EEA AirBase v8 ArcGIS","station_european_code;station_local_code",2,1,FALSE,TRUE,"FR","FRANCE"
708,"FR04060",8,2010,"day",44.458,"FR04060","FRANCE","Background","urban",2.293889,48.857222,0,0,0,1100,200,800,0,0,0,4611180,605.9180298,1212720,114.0899963,0,60,0,1.98971,5.1296,46,11.9576998,2.0882299,75271.20313,46756.69922,19012.30078,"FR04060",2.2938842774102,48.8572998049231,"EEA AirBase v8 ArcGIS","station_european_code;station_local_code",2,1,FALSE,TRUE,"FR","FRANCE"
709,"FR04063",8,2010,"day",22.917,"FR04063","FRANCE","Background","suburban",1.703611,48.995556,0,0,0,0,0,2800,0,0,0.121224,2823780,185.6889954,170286,13.4404001,0,0,0,1.9535,4.9582601,35,11.7128,1.06836,36080.39844,116892,13550.40039,"FR04063",1.70330810578462,48.9965209958059,"EEA AirBase v8 ArcGIS","station_european_code;station_local_code",2,1,FALSE,TRUE,"FR","FRANCE"
710,"FR04071",8,2010,"day",63.843,"FR04071","FRANCE","Traffic","urban",2.335278,48.856389,0,0,0,0,200,1800,0,0,0,7419270,1060.359985,3031790,285.2250061,0,42,0,1.99831,5.1378102,46,11.9773998,2.0890801,74856.39844,63171.30078,17386.19922,"FR04071",2.33532714843958,48.8565063477401,"EEA AirBase v8 ArcGIS","station_european_code;station_local_code",2,1,FALSE,TRUE,"FR","FRANCE"
711,"FR04099",8,2010,"day",36.425,"FR04099","FRANCE","Background","urban",2.484444,48.840556,0,0,0,0,0,2800,0,0,0,2914000,146.2059937,516138,44.1930008,0,0,0,1.99277,5.1687498,89,11.9898996,2.0912001,43960,52725.60156,20930.19922,"FR04099",2.48449706991214,48.8406982419944,"EEA AirBase v8 ArcGIS","station_european_code;station_local_code",2,1,FALSE,TRUE,"FR","FRANCE"
712,"FR04100",8,2010,"day",30.995,"FR04100","FRANCE","Background","urban",2.507222,48.881947,0,0,0,700,200,1800,0,0,0,3131730,105.1849976,284243,22.844101,0,1,0,1.9780101,5.1660299,82,11.9651003,2.0897501,43026.89844,73119.5,23056.59961,"FR04100",2.50732421888572,48.882080078193,"EEA AirBase v8 ArcGIS","station_european_code;station_local_code",2,1,FALSE,TRUE,"FR","FRANCE"
713,"FR04101",8,2010,"day",33.749,"FR04101","FRANCE","Background","urban",2.5175,48.816389,0,0,0,200,100,2400,0,0,0,3664510,207.8880005,397029,33.9945984,0,103,0,1.98388,5.1789098,71,11.9986,2.0863099,40746,73119.5,19012.30078,"FR04101",2.5175170898009,48.81652832002,"EEA AirBase v8 ArcGIS","station_european_code;station_local_code",2,1,FALSE,TRUE,"FR","FRANCE"
714,"FR04105",8,2010,"day",39.486,"FR04105","FRANCE","Background","urban",2.422222,48.871914,0,0,0,200,200,2100,0,0,0,4523240,339.0130005,406062,32.6343994,0,70,0,1.99457,5.1516199,96,11.9792995,2.0897901,52669.10156,63171.30078,20513.30078,"FR04105",2.42187500031479,48.872924804639,"EEA AirBase v8 ArcGIS","station_european_code;station_local_code",2,1,FALSE,TRUE,"FR","FRANCE"
715,"FR04123",8,2010,"day",68.849,"FR04123","FRANCE","Traffic","urban",2.390833,48.902222,0,0,0,0,0,1900,0,0,0,12227000,1031.469971,487275,39.1613007,0,92,12,2.0018699,5.1402102,46,11.9684,2.0898299,50388.10156,231794,10298.2998,"FR04123",2.39093017586893,48.9022827148505,"EEA AirBase v8 ArcGIS","station_european_code;station_local_code",2,1,FALSE,TRUE,"FR","FRANCE"
716,"FR04131",8,2010,"day",65.451,"FR04131","FRANCE","Traffic","urban",2.330278,48.873333,0,0,0,0,500,2300,0,0,0,3960890,461.6520081,2425430,228.1799927,0,220,10,1.99884,5.1333299,47,11.9701996,2.08936,70709.29688,38300.69922,22639.59961,"FR04131",2.33032226568246,48.8734741208256,"EEA AirBase v8 ArcGIS","station_european_code;station_local_code",2,1,FALSE,TRUE,"FR","FRANCE"
717,"FR04141",8,2010,"day",71.859,"FR04141","FRANCE","Traffic","urban",2.360556,48.852778,0,0,0,0,100,1900,0,0,0,7094120,829.5310059,2122250,199.6580048,0,97,24,2.00139,5.1433902,41,11.9804001,2.08971,70501.89844,76601.39844,19387.5,"FR04141",2.36047363249239,48.8529052736311,"EEA AirBase v8 ArcGIS","station_european_code;station_local_code",2,1,FALSE,TRUE,"FR","FRANCE"
718,"FR04145",8,2010,"day",23.59,"FR04145","FRANCE","Background","urban",2.189444,48.846389,0,0,0,0,300,2500,0,0,0.010736,2405480,281.2820129,967555,117.6449966,0,0,0,1.98164,5.1108398,134,11.9134998,2.0945899,30378,44269.60156,17719.80078,"FR04145",2.18951416021683,48.8464965820716,"EEA AirBase v8 ArcGIS","station_european_code;station_local_code",2,1,FALSE,TRUE,"FR","FRANCE"
719,"FR04146",8,2010,"day",37.55,"FR04146","FRANCE","Background","urban",2.396389,48.818611,0,0,0,0,900,800,0,0,0,7549320,519.2249756,119109,10.1983995,0,156,1,1.99835,5.1564002,42,11.9940996,2.08764,69776.20313,139773,10340,"FR04146",2.3950805667547,48.8175048829884,"EEA AirBase v8 ArcGIS","station_european_code;station_local_code",2,1,FALSE,TRUE,"FR","FRANCE"
720,"FR04149",8,2010,"day",29.062,"FR04149","FRANCE","Background","urban",2.455556,48.707778,0,200,0,700,600,1300,0,0,0.0629535,1682250,63.5742989,53896.89844,4.3275399,0,83,0,1.99233,5.1875801,70,12.0475998,2.0887599,30689.09961,72124.70313,21472.19922,"FR04149",2.45727539041643,48.7067260740586,"EEA AirBase v8 ArcGIS","station_european_code;station_local_code",2,1,FALSE,TRUE,"FR","FRANCE"
721,"FR04160",8,2010,"day",35.829,"FR04160","FRANCE","Background","urban",2.335833,48.848889,0,0,0,800,600,1300,0,0,0,8749420,1377.73999,1515900,142.6130066,0,0,0,1.9999599,5.1391602,48,11.9805002,2.0922501,73508.60156,82072.89844,16885.90039,"FR04160",2.33587646464255,48.8488769532118,"EEA AirBase v8 ArcGIS","station_european_code;station_local_code",2,1,FALSE,TRUE,"FR","FRANCE"
722,"FR04323",8,2010,"day",29.356,"FR04323","FRANCE","Background","urban",2.429167,48.627219,0,0,0,0,1000,400,0,0,0.0193153,3521800,160.9940033,40422.69922,3.2456601,0,29,0,2.0030701,5.1987801,86,12.0507002,2.0952499,47899.80078,137286,10173.2002,"FR04323",2.42907714878209,48.6273193359115,"EEA AirBase v8 ArcGIS","station_european_code;station_local_code",2,1,FALSE,TRUE,"FR","FRANCE"
723,"FR05070",8,2010,"day",24.376,"FR05070","FRANCE","Background","urban",0.201694,49.505,0,0,0,100,200,1600,0,0,0.18521,2578420,129.3029938,63434.69922,3.8301799,0,0,0,1.94813,2.90309,8,11.7480001,0,55675.80078,170612,8672.280273,"FR05070",0.201721191320417,49.5051269533773,"EEA AirBase v8 ArcGIS","station_european_code;station_local_code",2,1,FALSE,TRUE,"FR","FRANCE"
724,"FR05078",8,2010,"day",24.233,"FR05078","FRANCE","Background","urban",0.142706,49.498276,0,0,0,200,400,1400,0,0,0,2975100,212.4259949,45310.5,2.7358401,0,39,0,1.96112,3.1945801,7,11.8584995,1.31486,57645.69922,175089,15009.7002,"FR05078",0.142700195507531,49.498291015404,"EEA AirBase v8 ArcGIS","station_european_code;station_local_code",2,1,FALSE,TRUE,"FR","FRANCE"
725,"FR06001",8,2010,"day",26.654,"FR06001","FRANCE","Background","urban",3.50793,50.35856,0,0,0,0,0,2900,0,0,0.0187932,1159760,56.8483009,143285,8.6494799,0,192,0,2.00372,4.86941,43,11.3934002,3.4054999,35769.39844,64166.10156,25266.30078,"FR06001",3.50787353514912,50.3587036132382,"EEA AirBase v8 ArcGIS","station_european_code;station_local_code",2,1,FALSE,TRUE,"FR","FRANCE"
726,"FR06003",8,2010,"day",25.196,"FR06003","FRANCE","Background","urban",3.082778,50.366664,0,0,0,0,0,2900,0,0,0.118542,1768030,106.1169968,143285,8.6494799,0,32,0,2.0043199,4.9310398,31,11.5071001,2.2936299,43337.89844,98487.5,22347.80078,"FR06003",3.08288574224001,50.366699218903,"EEA AirBase v8 ArcGIS","station_european_code;station_local_code",2,1,FALSE,TRUE,"FR","FRANCE"
727,"FR06004",8,2010,"day",33.88,"FR06004","FRANCE","Background","urban",3.443056,50.437778,0,3500,0,0,0,1300,0,370.8299866,1.04519,97322.5,2.2739301,55109.60156,3.32672,0,0,0,2.00388,4.8251801,20,11.4882002,2.23647,23120.5,3481.879883,11924.40039,"FR06004",3.44311523407688,50.4379272461475,"EEA AirBase v8 ArcGIS","station_european_code;station_local_code",2,1,FALSE,TRUE,"FR","FRANCE"
728,"FR06006",8,2010,"day",36.712,"FR06006","FRANCE","Traffic","urban",3.523611,50.364719,0,0,0,0,500,1800,0,0,0.0708361,2011330,122.0339966,88175.29688,5.3227601,0,307,0,2.0040801,4.8638101,25,11.3975,3.3936601,37531.89844,117389,21847.5,"FR06006",3.52368164105634,50.3646850583708,"EEA AirBase v8 ArcGIS","station_european_code;station_local_code",2,1,FALSE,TRUE,"FR","FRANCE"
729,"FR06009",8,2010,"day",23.15,"FR06009","FRANCE","Background","urban",3.234167,50.175278,0,0,0,0,0,2900,0,0,0.232747,900233,65.185997,143285,8.6494799,0,0,0,2.00371,4.9976501,63,11.3788996,4.5700698,41471.69922,35813.60156,24474.19922,"FR06009",3.23431396455648,50.1752929685025,"EEA AirBase v8 ArcGIS","station_european_code;station_local_code",2,1,FALSE,TRUE,"FR","FRANCE"
730,"FR06011",8,2010,"day",23.836,"FR06011","FRANCE","Background","urban",3.4,50.3275,0,100,0,0,0,2800,0,0,0.654872,1330070,75.0397034,132263,7.9841299,0,0,26,2.0041001,4.9003301,33,11.4329996,3.4108801,33695.80078,62176.5,19012.30078,"FR06011",3.40008544957225,50.3275146487193,"EEA AirBase v8 ArcGIS","station_european_code;station_local_code",2,1,FALSE,TRUE,"FR","FRANCE"
731,"FR06023",8,2010,"day",18.359,"FR06023","FRANCE","Background","unknown",3.55181,50.42029,0,1900,400,0,0,1800,0,271.9419861,1.13771,8110.209961,0,132263,7.9841299,0,0,0,2.00384,4.8235102,26,11.4238997,3.3601401,13893,31336.90039,10214.90039,"FR06023",3.55187988269068,50.4202880857756,"EEA AirBase v8 ArcGIS","station_european_code;station_local_code",2,1,FALSE,TRUE,"FR","FRANCE"
732,"FR07001",8,2010,"day",13.691,"FR07001","FRANCE","Background","suburban",3.047194,45.764667,0,0,100,0,0,2800,0,10.4487,0.184578,219977,5.7005501,97968.79688,6.1132102,0,178,0,1.6925,5.4106302,518,10.5681,3.27125,26852.90039,8456,10715.2998,"FR07001",3.04730224583904,45.7647094729378,"EEA AirBase v8 ArcGIS","station_european_code;station_local_code",2,1,FALSE,TRUE,"FR","FRANCE"
733,"FR07006",8,2010,"day",22.541,"FR07006","FRANCE","Background","suburban",3.142917,45.82375,0,700,0,100,100,2300,0,0,0.149825,1970990,89.0710983,82896.70313,5.1727099,0,118,0,2.0043199,5.4174399,329,11.1232996,3.2080801,32555.30078,98487.5,9798,"FR07006",3.14288330108979,45.8237304685225,"EEA AirBase v8 ArcGIS","station_european_code;station_local_code",2,1,FALSE,TRUE,"FR","FRANCE"
734,"FR07008",8,2010,"day",26.003,"FR07008","FRANCE","Background","urban",3.094583,45.780892,0,0,0,100,100,1800,0,0,0.0028317,2490140,143.2259979,67824.60156,4.2322202,0,52,0,1.96417,5.4117098,369,10.8389997,3.2061501,59615.60156,99979.79688,17094.40039,"FR07008",3.09472656266243,45.78088378919,"EEA AirBase v8 ArcGIS","station_european_code;station_local_code",2,1,FALSE,TRUE,"FR","FRANCE"
735,"FR07012",8,2010,"day",19.31,"FR07012","FRANCE","Background","urban",3.882667,45.044722,0,0,0,100,0,2700,0,0,0.0971097,436326,0,48967.80078,2.72351,0,0,0,1.77601,5.2190599,652,8.8280602,2.69349,25712.5,12435.2998,24640.90039,"FR07012",3.88269042932163,45.0446777342211,"EEA AirBase v8 ArcGIS","station_european_code;station_local_code",2,1,FALSE,TRUE,"FR","FRANCE"
736,"FR07013",8,2010,"day",15.252,"FR07013","FRANCE","Background","urban",2.604583,46.340081,0,0,0,0,0,2600,0,0,0.0202201,2464160,123.6930008,57668.5,3.2298999,0,0,0,1.93066,5.4471898,220,11.7215004,3.6181901,37635.60156,119379,19345.80078,"FR07013",2.60467529301277,46.3400878905927,"EEA AirBase v8 ArcGIS","station_european_code;station_local_code",2,1,FALSE,TRUE,"FR","FRANCE"
737,"FR07017",8,2010,"day",11.966,"FR07017","FRANCE","Background","urban",2.445167,44.931335,0,300,0,0,0,2900,0,0,0.248247,579358,5.34516,71689.20313,3.6856699,0,0,0,1.80092,5.2924199,634,9.9779997,0,35665.69922,8456,14717.90039,"FR07017",2.44531249972667,44.9312744142831,"EEA AirBase v8 ArcGIS","station_european_code;station_local_code",2,1,FALSE,TRUE,"FR","FRANCE"
738,"FR07021",8,2010,"day",33.411,"FR07021","FRANCE","Traffic","urban",3.885417,45.041972,0,0,0,0,0,2600,0,0,0.0920431,715090,0,44887.19922,2.4965501,0,0,24,1.80489,5.2182698,627,8.8245001,2.6962099,25401.40039,21886.09961,22848.09961,"FR07021",3.8854980472668,45.0421142578504,"EEA AirBase v8 ArcGIS","station_european_code;station_local_code",2,1,FALSE,TRUE,"FR","FRANCE"
739,"FR07030",8,2010,"day",26.813,"FR07030","FRANCE","Background","urban",3.081886,45.77625,0,0,0,0,300,2300,0,0,0,1715820,98.3345032,75360.60156,4.7024698,0,214,0,1.91684,5.4112701,392,10.7812996,3.2702799,53394.80078,64663.5,20263.09961,"FR07030",3.08190918010138,45.7763061526122,"EEA AirBase v8 ArcGIS","station_european_code;station_local_code",2,1,FALSE,TRUE,"FR","FRANCE"
740,"FR07032",8,2010,"day",18.573,"FR07032","FRANCE","Background","suburban",3.115056,45.894194,0,300,0,0,100,2500,0,10.4487,0.0769719,1812610,81.9453964,90432.79688,5.6429601,0,187,0,1.9984601,5.4307199,357,11.1534996,3.2230899,41575.39844,74114.39844,18053.30078,"FR07032",3.11511230449281,45.8942871092399,"EEA AirBase v8 ArcGIS","station_european_code;station_local_code",2,1,FALSE,TRUE,"FR","FRANCE"
741,"FR07035",8,2010,"day",23.562,"FR07035","FRANCE","Background","suburban",3.134889,45.763556,0,800,0,100,1300,0,0,0,0.103487,3678020,213.7709961,0,0,0,72,0,1.96652,5.40693,347,10.9617004,3.18628,37946.60156,149721,5878.799805,"FR07035",3.13488769498653,45.7634887697646,"EEA AirBase v8 ArcGIS","station_european_code;station_local_code",2,1,FALSE,TRUE,"FR","FRANCE"
742,"FR07038",8,2010,"day",16.754,"FR07038","FRANCE","Background","urban",3.248278,45.544531,0,200,0,0,0,2900,0,0,0.120478,1839010,68.406601,97968.79688,6.1132102,0,0,0,1.99431,5.36061,393,10.3285999,3.16623,23224.19922,93016,17136.09961,"FR07038",3.24829101555545,45.5446777344609,"EEA AirBase v8 ArcGIS","station_european_code;station_local_code",2,1,FALSE,TRUE,"FR","FRANCE"
743,"FR07039",8,2010,"day",34.502,"FR07039","FRANCE","Traffic","urban",3.062972,45.774778,0,0,0,0,300,2100,0,0,0.0473673,809516,42.7541008,67824.60156,4.2322202,0,162,0,1.75868,5.4117599,414,10.6532001,3.27372,41679.10156,28352.5,21513.90039,"FR07039",3.06311035174626,45.7749023437529,"EEA AirBase v8 ArcGIS","station_european_code;station_local_code",2,1,FALSE,TRUE,"FR","FRANCE"
744,"FR08003",8,2010,"day",30.971,"FR08003","FRANCE","Background","urban",3.864722,43.611667,0,0,0,0,200,2200,0,0,0,3674420,85.8851013,98427.70313,6.2655802,0,155,0,2.0027399,4.0362501,43,15.0312996,2.0072501,53602.19922,85554.79688,20096.30078,"FR08003",3.86468505860246,43.6116943357352,"EEA AirBase v8 ArcGIS","station_european_code;station_local_code",2,1,FALSE,TRUE,"FR","FRANCE"
745,"FR08004",8,2010,"day",51.442,"FR08004","FRANCE","Traffic","urban",3.875264,43.604942,0,0,0,200,200,1500,0,0,0,3414030,73.0580978,98427.70313,6.2655802,0,161,0,2.00331,3.9909799,37,15.0820999,2.01196,60859.69922,76104,20721.69922,"FR08004",3.87530517545329,43.6049194338017,"EEA AirBase v8 ArcGIS","station_european_code;station_local_code",2,1,FALSE,TRUE,"FR","FRANCE"
746,"FR08016",8,2010,"day",24.209,"FR08016","FRANCE","Background","urban",3.886894,43.591525,0,0,0,100,100,2300,0,0,0.117503,4918520,120.461998,118113,7.5187001,0,174,0,2.0043099,3.9059601,16,15.1485996,2.01897,57231,128830,13884,"FR08016",3.88690185534109,43.5916748045558,"EEA AirBase v8 ArcGIS","station_european_code;station_local_code",2,1,FALSE,TRUE,"FR","FRANCE"
747,"FR08204",8,2010,"day",9.751,"FR08204","FRANCE","Industrial","rural",4.643089,43.830703,0,4600,1400,0,0,0,0,629.4439697,1.06037,32488.90039,0,0,0,0,0,0,1.97339,4.6308198,11,14.7789001,1.03759,20010.09961,5471.529785,375.2430115,"FR08204",4.6431274417151,43.8306884763262,"EEA AirBase v8 ArcGIS","station_european_code;station_local_code",2,1,FALSE,TRUE,"FR","FRANCE"
748,"FR08614",8,2010,"day",17.84,"FR08614","FRANCE","Background","suburban",4.374219,43.834403,0,0,0,0,0,2900,0,0,0.0647933,1732690,42.7514,71816.39844,4.1447401,0,86,0,2.00406,4.5758801,42,14.6751003,0.990658,58164.10156,34818.80078,24849.40039,"FR08614",4.37432861334488,43.8344726559712,"EEA AirBase v8 ArcGIS","station_european_code;station_local_code",2,1,FALSE,TRUE,"FR","FRANCE"
749,"FR08616",8,2010,"day",40.052,"FR08616","FRANCE","Traffic","urban",4.361989,43.829889,0,0,0,0,0,2900,0,0,0.0275372,3163470,53.2747993,71816.39844,4.1447401,0,214,0,1.9981,4.5651398,43,14.6618004,0.989441,62311.30078,59689.39844,24265.69922,"FR08616",4.36212158212046,43.829895019436,"EEA AirBase v8 ArcGIS","station_european_code;station_local_code",2,1,FALSE,TRUE,"FR","FRANCE"
750,"FR08714",8,2010,"day",20.938,"FR08714","FRANCE","Background","urban",2.901389,42.721667,0,4200,0,0,0,1100,0,265.0639954,0.322171,2648950,60.6417007,30401,1.80382,0,93,0,2.0043199,4.0492201,22,15.5116997,1.04792,30378,60186.80078,13216.90039,"FR08714",2.89971923784173,42.6959228514447,"EEA AirBase v8 ArcGIS","station_european_code;station_local_code",2,1,FALSE,TRUE,"FR","FRANCE"
751,"FR09002",8,2010,"day",12.887,"FR09002","FRANCE","Background","suburban",-1.186286,46.163003,0,0,0,200,100,2400,0,0,0.100296,2977910,73.2139969,58736.89844,3.47276,0,122,0,2.0043199,3,11,13.6808996,2.5180199,51321.30078,121866,18845.5,"FR09002",-1.1862792971739,46.1630859374636,"EEA AirBase v8 ArcGIS","station_european_code;station_local_code",2,1,FALSE,TRUE,"FR","FRANCE"
752,"FR09004",8,2010,"day",32.342,"FR09004","FRANCE","Traffic","rural",-1.151136,46.159778,0,0,0,0,0,2800,0,0,0.003582,2072130,57.6487999,69416.29688,4.1041799,0,124,0,2.00423,2.3010299,13,13.6264,2.50016,51217.60156,69637.60156,18970.59961,"FR09004",-1.15112304670858,46.1599121093594,"EEA AirBase v8 ArcGIS","station_european_code;station_local_code",2,1,FALSE,TRUE,"FR","FRANCE"
753,"FR09008",8,2010,"day",13.947,"FR09008","FRANCE","Background","suburban",-1.117042,46.135153,0,0,0,0,400,1700,0,0,0.622075,1613040,39.7776985,48057.39844,2.8413501,0,0,0,2.0043199,3.10742,11,13.599,2.47436,29963.30078,51233.39844,12883.2998,"FR09008",-1.11700439441385,46.1350708010103,"EEA AirBase v8 ArcGIS","station_european_code;station_local_code",2,1,FALSE,TRUE,"FR","FRANCE"
754,"FR09009",8,2010,"day",31.587,"FR09009","FRANCE","Background","urban",0.344889,46.58305,0,0,0,0,300,2200,0,0,0.0102196,1152290,51.4533997,52911.5,3.00611,0,63,0,1.95917,5.0653601,111,12.7119999,0.996985,47899.80078,81078.10156,20304.80078,"FR09009",0.344909667897263,46.5831298825531,"EEA AirBase v8 ArcGIS","station_european_code;station_local_code",2,1,FALSE,TRUE,"FR","FRANCE"
755,"FR09014",8,2010,"day",13.564,"FR09014","FRANCE","Background","suburban",0.1975,45.662886,0,500,0,0,0,2900,0,0,0.325238,1938440,117.6640015,54260.39844,3.08986,0,133,0,1.97517,4.8994598,59,13.0537004,1.83446,28615.5,103462,12174.5,"FR09014",0.197509765300959,45.662902832252,"EEA AirBase v8 ArcGIS","station_european_code;station_local_code",2,1,FALSE,TRUE,"FR","FRANCE"
756,"FR09015",8,2010,"day",15.129,"FR09015","FRANCE","Background","suburban",0.358583,46.586917,0,0,0,100,300,2300,0,0,0.0347465,1147470,52.6318016,52911.5,3.00611,0,81,0,1.98116,5.06955,121,12.7124004,0.995452,41057,76601.39844,20304.80078,"FR09015",0.358703613495269,46.5869140622071,"EEA AirBase v8 ArcGIS","station_european_code;station_local_code",2,1,FALSE,TRUE,"FR","FRANCE"
757,"FR09399",8,2010,"day",41.986,"FR09399","FRANCE","Traffic","urban",-0.465972,46.321747,0,0,0,0,0,2900,0,0,0.034013,1103520,6.6146498,61880.39844,3.62377,0,214,0,1.99815,4.7028298,29,12.9350004,3.0134599,56505.19922,48248.89844,27392.69922,"FR09399",-0.465881347735517,46.321899413972,"EEA AirBase v8 ArcGIS","station_european_code;station_local_code",2,1,FALSE,TRUE,"FR","FRANCE"
758,"FR10007",8,2010,"day",25.798,"FR10007","FRANCE","Background","suburban",2.335556,51.033058,0,0,0,0,0,2900,0,0,0.0057825,2643930,125.8239975,143285,8.6494799,0,0,0,2.0042801,3.3748701,6,11.6427002,5.2976499,52565.39844,234778,16260.5,"FR10007",2.33569335924155,51.0330810545798,"EEA AirBase v8 ArcGIS","station_european_code;station_local_code",2,1,FALSE,TRUE,"FR","FRANCE"
759,"FR10024",8,2010,"day",34.281,"FR10024","FRANCE","Traffic","urban",1.848333,50.959169,0,0,0,0,0,2900,0,0,0.0352861,57124.80078,0,82569.39844,4.6491899,0,0,0,2.0043199,2.4771199,8,11.6040001,5.8438601,38568.69922,56704.89844,18970.59961,"FR10024",1.84832763637141,50.9592895509899,"EEA AirBase v8 ArcGIS","station_european_code;station_local_code",2,1,FALSE,TRUE,"FR","FRANCE"
760,"FR10025",8,2010,"day",18.85,"FR10025","FRANCE","Background","suburban",1.76894,50.9499,0,3000,0,0,0,700,0,224.3410034,0.673965,0,0,19054.5,1.07289,0,0,0,1.99199,2,2,11.6169996,5.9372501,8916.419922,0,1834.52002,"FR10025",1.76892089872818,50.9498901367184,"EEA AirBase v8 ArcGIS","station_european_code;station_local_code",2,1,FALSE,TRUE,"FR","FRANCE"
761,"FR10027",8,2010,"day",29.289,"FR10027","FRANCE","Industrial","unknown",1.8625,50.942503,0,0,0,0,0,2900,0,0,0.150554,1273070,37.4001007,82569.39844,4.6491899,0,16,0,2.0043199,3.358,5,11.5693998,5.8156099,43545.30078,64663.5,24265.69922,"FR10027",1.86248779277139,50.9425048826498,"EEA AirBase v8 ArcGIS","station_european_code;station_local_code",2,1,FALSE,TRUE,"FR","FRANCE"
762,"FR10029",8,2010,"day",18.721,"FR10029","FRANCE","Background","suburban",2.365994,50.995908,0,2500,0,0,0,2800,0,24.7220001,1.0379699,1524720,37.8988991,143285,8.6494799,0,0,0,2.0043199,3.7111299,2,11.618,5.2690701,24883,76601.39844,9255.990234,"FR10029",2.36608886748443,50.9959106446428,"EEA AirBase v8 ArcGIS","station_european_code;station_local_code",2,1,FALSE,TRUE,"FR","FRANCE"
763,"FR10031",8,2010,"day",27.718,"FR10031","FRANCE","Traffic","urban",1.6081,50.712472,0,0,0,0,0,1900,0,0,0.212893,652855,36.7075005,57163.39844,3.2186699,0,229,0,1.91624,2,8,11.4477997,5.8050499,45100.5,62176.5,19095.69922,"FR10031",1.60809326133583,50.7125244141377,"EEA AirBase v8 ArcGIS","station_european_code;station_local_code",2,1,FALSE,TRUE,"FR","FRANCE"
764,"FR10034",8,2010,"day",23.154,"FR10034","FRANCE","Industrial","unknown",2.293056,51.011206,0,0,0,0,0,2900,0,0,0.335387,2262750,79.5876007,143285,8.6494799,0,0,0,2.00425,3.61484,3,11.6286001,5.3224201,45722.60156,144249,15134.7998,"FR10034",2.29309082067257,51.0112915036779,"EEA AirBase v8 ArcGIS","station_european_code;station_local_code",2,1,FALSE,TRUE,"FR","FRANCE"
765,"FR11016",8,2010,"day",26.825,"FR11016","FRANCE","Background","suburban",3.077681,50.671172,0,200,0,0,500,1800,0,0,0.117096,2725030,153.1109924,88175.29688,5.3227601,0,136,0,2.0041599,4.7501898,20,11.4813995,2.25475,42819.5,141762,15968.7002,"FR11016",3.07769775408193,50.6710815427665,"EEA AirBase v8 ArcGIS","station_european_code;station_local_code",2,1,FALSE,TRUE,"FR","FRANCE"
766,"FR11025",8,2010,"day",30.878,"FR11025","FRANCE","Background","urban",3.090833,50.629444,0,0,0,0,400,1700,0,0,0.043369,2635820,133.404007,99197.29688,5.9881001,0,0,0,2.0028701,4.7845502,28,11.5106001,2.2521601,64488.5,162156,14509.40039,"FR11025",3.09088134744494,50.6295166018358,"EEA AirBase v8 ArcGIS","station_european_code;station_local_code",2,1,FALSE,TRUE,"FR","FRANCE"
767,"FR11026",8,2010,"day",26.371,"FR11026","FRANCE","Background","suburban",3.127047,50.775481,0,500,0,600,200,1500,0,0,0.716711,1885900,88.6832962,66131.5,3.99207,0,116,0,2.00283,4.6775198,19,11.4411001,2.2496901,37748.39844,94192.70313,14708.5,"FR11026",3.12707519518257,50.7755126954755,"EEA AirBase v8 ArcGIS","station_european_code;station_local_code",2,1,FALSE,TRUE,"FR","FRANCE"
768,"FR11027",8,2010,"day",31.632,"FR11027","FRANCE","Background","urban",3.159958,50.72545,0,0,0,0,700,2000,0,0,0,3008890,162.2070007,66131.5,3.99207,0,265,0,2.0042901,4.7150602,42,11.4602003,1.12342,69465.10156,110923,18011.69922,"FR11027",3.16009521507133,50.7255249024889,"EEA AirBase v8 ArcGIS","station_european_code;station_local_code",2,1,FALSE,TRUE,"FR","FRANCE"
769,"FR11030",8,2010,"day",22.86,"FR11030","FRANCE","Background","rural",2.839,50.532031,0,1500,0,100,100,2100,0,74.1660004,0.994685,2413340,121.1259995,121241,7.31879,0,0,0,2.00402,4.81322,22,11.5017004,3.4407899,25608.80078,129327,4544.609863,"FR11030",2.83911132855359,50.5321044924548,"EEA AirBase v8 ArcGIS","station_european_code;station_local_code",2,1,FALSE,TRUE,"FR","FRANCE"
770,"FR11033",8,2010,"day",30.139,"FR11033","FRANCE","Background","suburban",3.117222,50.589447,0,200,0,0,600,1500,0,0,0.59271,2814240,175.0930023,55109.60156,3.32672,0,117,0,2.0042701,4.8085799,49,11.5319004,2.25932,43130.60156,158674,7379.77002,"FR11033",3.11730957020303,50.589477539001,"EEA AirBase v8 ArcGIS","station_european_code;station_local_code",2,1,FALSE,TRUE,"FR","FRANCE"
771,"FR11034",8,2010,"day",46.42,"FR11034","FRANCE","Traffic","urban",3.18065,50.706537,0,0,0,100,400,1300,0,0,0.0130107,3795580,222.0870056,66131.5,3.99207,0,135,14,2.0041299,4.7168002,30,11.4666996,1.11736,58682.89844,157182,14426,"FR11034",3.18072509743634,50.7064819333484,"EEA AirBase v8 ArcGIS","station_european_code;station_local_code",2,1,FALSE,TRUE,"FR","FRANCE"
772,"FR12001",8,2010,"day",21.014,"FR12001","FRANCE","Background","suburban",1.3475,43.61972,0,0,0,0,200,0,0,0,0.0632805,2327530,58.259201,0,0,0,0,0,1.99797,5.18927,155,13.8315001,0.834206,76722.70313,347193,8338.730469,"FR12001",1.34747314446991,43.6198730469997,"EEA AirBase v8 ArcGIS","station_european_code;station_local_code",2,1,FALSE,TRUE,"FR","FRANCE"
773,"FR12005",8,2010,"day",41.291,"FR12005","FRANCE","Traffic","urban",1.431667,43.598336,0,0,0,0,300,1700,0,0,0,3338900,91.2928009,78762.10156,5.0851102,0,49,0,2.0020001,5.1684699,142,13.8792,0.837683,51010.19922,92021.20313,17094.40039,"FR12005",1.43170166036756,43.5983276367312,"EEA AirBase v8 ArcGIS","station_european_code;station_local_code",2,1,FALSE,TRUE,"FR","FRANCE"
774,"FR12008",8,2010,"day",55.635,"FR12008","FRANCE","Traffic","urban",1.443333,43.601108,0,0,0,0,100,2400,0,0,0,2923270,61.2622986,96264.79688,6.2151399,0,0,0,1.99857,5.1664701,157,13.8873997,0.850744,53913.19922,87047.10156,18178.40039,"FR12008",1.44348144565632,43.6010742187405,"EEA AirBase v8 ArcGIS","station_european_code;station_local_code",2,1,FALSE,TRUE,"FR","FRANCE"
775,"FR12009",8,2010,"day",45.428,"FR12009","FRANCE","Traffic","urban",1.438611,43.605556,0,0,0,0,500,1600,0,0,0,2604620,68.4695969,70010.79688,4.5201001,0,0,0,2.00155,5.1681299,148,13.8718004,0.836797,56194.19922,85057.39844,17970,"FR12009",1.43872070343389,43.605529785264,"EEA AirBase v8 ArcGIS","station_european_code;station_local_code",2,1,FALSE,TRUE,"FR","FRANCE"
776,"FR12017",8,2010,"day",11.692,"FR12017","FRANCE","Background","suburban",2.1625,43.928056,0,0,0,0,0,2900,0,0,0.0422048,1229690,55.2868004,76657.70313,4.24931,0,0,0,1.99362,5.0718298,182,12.9537001,0.817744,43130.60156,47254.10156,21305.40039,"FR12017",2.16247558612212,43.9281005859661,"EEA AirBase v8 ArcGIS","station_european_code;station_local_code",2,1,FALSE,TRUE,"FR","FRANCE"
777,"FR12025",8,2010,"day",20.027,"FR12025","FRANCE","Background","urban",0.0675,43.233891,0,0,0,0,0,2900,0,0,0.0124545,1799350,22.6490993,70894,3.8727,0,70,0,2.0043199,5.11835,313,12.4132004,0.571921,46344.60156,45761.89844,28310,"FR12025",0.0675048829854586,43.2338867186387,"EEA AirBase v8 ArcGIS","station_european_code;station_local_code",2,1,FALSE,TRUE,"FR","FRANCE"
778,"FR12026",8,2010,"day",17.044,"FR12026","FRANCE","Background","urban",2.146111,43.928056,0,0,0,0,0,2800,0,0,0.0201432,206670,0,76657.70313,4.24931,0,22,0,1.9905699,5.0752602,182,12.9869003,0.817464,43026.89844,5471.529785,25891.80078,"FR12026",2.14611816401189,43.9281005859661,"EEA AirBase v8 ArcGIS","station_european_code;station_local_code",2,1,FALSE,TRUE,"FR","FRANCE"
779,"FR12027",8,2010,"day",22.258,"FR12027","FRANCE","Background","urban",0.082222,43.231947,0,0,0,0,0,2900,0,0,0.0028741,2073830,55.8678017,70894,3.8727,0,113,0,2.0043199,5.12217,317,12.4168997,0.581303,48521.89844,56207.5,25266.30078,"FR12027",0.082275390722094,43.2318725583081,"EEA AirBase v8 ArcGIS","station_european_code;station_local_code",2,1,FALSE,TRUE,"FR","FRANCE"
780,"FR12031",8,2010,"day",6.19,"FR12031","FRANCE","Background","rural",1.821944,43.441392,0,7400,0,0,0,500,0,264.230011,0.511273,69271.70313,0,35005.39844,2.2600501,0,0,0,1.9439501,5.0472498,251,13.6245003,0.911705,18454.90039,1492.23999,583.7109985,"FR12031",1.82208251991266,43.4415283201049,"EEA AirBase v8 ArcGIS","station_european_code;station_local_code",2,1,FALSE,TRUE,"FR","FRANCE"
781,"FR12034",8,2010,"day",15.937,"FR12034","FRANCE","Background","urban",2.241111,43.601389,0,0,0,0,0,2900,0,0,0.0541949,682011,33.7464981,76657.70313,4.24931,0,0,0,1.97052,4.95434,173,12.4122,0.91028,42404.80078,25368,27184.30078,"FR12034",2.24108886702772,43.6015014651413,"EEA AirBase v8 ArcGIS","station_european_code;station_local_code",2,1,FALSE,TRUE,"FR","FRANCE"
782,"FR12045",8,2010,"day",23.278,"FR12045","FRANCE","Traffic","urban",-0.051944,43.094997,0,0,0,0,0,2900,0,0,0.20023,548955,11.3245001,70894,3.8727,0,0,0,1.6161799,5.10956,392,10.5649996,0.512344,34939.89844,13430.09961,15968.7002,"FR12045",-0.0518798824792086,43.095092773153,"EEA AirBase v8 ArcGIS","station_european_code;station_local_code",2,1,FALSE,TRUE,"FR","FRANCE"
783,"FR13002",8,2010,"day",20.105,"FR13002","FRANCE","Background","suburban",6.786083,47.501139,0,0,0,0,0,2900,0,0,0.13922,890146,28.4876003,73242.79688,4.2785802,0,3,0,1.92382,5.5724001,339,10.4414997,2.39452,32036.90039,55710.10156,20221.40039,"FR13002",6.78607177697982,47.5012817383005,"EEA AirBase v8 ArcGIS","station_european_code;station_local_code",2,1,FALSE,TRUE,"FR","FRANCE"
784,"FR13007",8,2010,"day",23.547,"FR13007","FRANCE","Background","suburban",6.794,47.510306,0,0,0,0,0,2900,0,0,0.0913281,1599240,45.5802002,73242.79688,4.2785802,0,39,18,1.94844,5.5731702,321,10.4166002,2.3912399,38154,95503.10156,24349.09961,"FR13007",6.79412841821676,47.5103149413204,"EEA AirBase v8 ArcGIS","station_european_code;station_local_code",2,1,FALSE,TRUE,"FR","FRANCE"
785,"FR13008",8,2010,"day",19.859,"FR13008","FRANCE","Background","suburban",6.843139,47.665528,0,100,100,0,0,2800,0,7.7745399,0.242954,757067,30.2873001,86611.5,5.4134402,0,155,0,1.8973,5.5894799,372,10.0187998,1.5914299,25090.40039,34818.80078,13300.2998,"FR13008",6.84307861338179,47.6655273434855,"EEA AirBase v8 ArcGIS","station_european_code;station_local_code",2,1,FALSE,TRUE,"FR","FRANCE"
786,"FR14003",8,2010,"day",31.764,"FR14003","FRANCE","Background","suburban",4.050556,49.236111,0,300,0,200,300,1600,0,22.1509991,0.164267,1285930,90.1875,68773.5,4.04952,0,0,0,2.00366,5.29248,96,11.4952002,1.02985,41990.10156,134799,11465.7998,"FR14003",4.05047607464661,49.2360839843386,"EEA AirBase v8 ArcGIS","station_european_code;station_local_code",2,1,FALSE,TRUE,"FR","FRANCE"
787,"FR14004",8,2010,"day",29.848,"FR14004","FRANCE","Background","urban",4.031111,49.258608,0,0,0,100,200,2200,0,0,0.0395072,1058300,66.8707962,75650.89844,4.4544702,0,97,0,2.0042,5.2866998,91,11.4952002,1.0314,46655.69922,108436,19012.30078,"FR14004",4.03112793008855,49.2587280275723,"EEA AirBase v8 ArcGIS","station_european_code;station_local_code",2,1,FALSE,TRUE,"FR","FRANCE"
788,"FR14009",8,2010,"day",21.967,"FR14009","FRANCE","Background","suburban",3.992778,49.246111,0,0,0,100,100,2400,0,0,0.677861,1054300,63.7911987,75650.89844,4.4544702,0,31,0,2.0039599,5.2892599,92,11.4911003,1.03387,35665.69922,96995.29688,14134.09961,"FR14009",3.9929199220417,49.2460937498915,"EEA AirBase v8 ArcGIS","station_european_code;station_local_code",2,1,FALSE,TRUE,"FR","FRANCE"
789,"FR14010",8,2010,"day",20.349,"FR14010","FRANCE","Background","suburban",4.051111,49.282219,0,400,0,400,100,2400,0,0,1.20393,922517,43.9939003,75650.89844,4.4544702,0,0,0,2.0043199,5.2810302,90,11.4940004,1.0328,22498.40039,112912,8380.419922,"FR14010",4.05108642598327,49.2822875974076,"EEA AirBase v8 ArcGIS","station_european_code;station_local_code",2,1,FALSE,TRUE,"FR","FRANCE"
790,"FR14012",8,2010,"day",21.293,"FR14012","FRANCE","Background","urban",4.020556,49.224167,0,100,0,0,1000,1200,0,0,0.511515,978427,78.3091965,20632.09961,1.21486,0,119,0,2.0037799,5.29495,96,11.4903002,1.02987,32659,108436,14509.40039,"FR14012",4.02069091774039,49.2243041989511,"EEA AirBase v8 ArcGIS","station_european_code;station_local_code",2,1,FALSE,TRUE,"FR","FRANCE"
791,"FR14021",8,2010,"day",16.973,"FR14021","FRANCE","Background","urban",4.3825,48.953611,0,0,0,0,0,2900,0,0,0.677861,698876,41.3543015,89405.60156,5.26438,0,0,0,2.0043199,5.3613,89,11.5531998,2.03297,24468.30078,70632.5,19345.80078,"FR14021",4.38250732395084,48.9536743163391,"EEA AirBase v8 ArcGIS","station_european_code;station_local_code",2,1,FALSE,TRUE,"FR","FRANCE"
792,"FR14031",8,2010,"day",22.143,"FR14031","FRANCE","Background","urban",4.076944,48.301667,0,0,0,0,200,2000,0,0,0.0827708,1414450,89.2054977,36695.5,2.08832,0,13,0,2.0042601,5.4368801,106,11.7943001,1.00693,41679.10156,83067.79688,21263.80078,"FR14031",4.07708740190737,48.3016967773529,"EEA AirBase v8 ArcGIS","station_european_code;station_local_code",2,1,FALSE,TRUE,"FR","FRANCE"
793,"FR14033",8,2010,"day",18.7,"FR14033","FRANCE","Background","urban",4.050278,48.295003,0,0,0,0,0,2900,0,0,0.080406,554838,9.4282303,53004.60156,3.0164599,0,55,0,2.0043199,5.43578,116,11.7868996,1.00755,44271.10156,33326.60156,25933.40039,"FR14033",4.05029296834731,48.2951049803901,"EEA AirBase v8 ArcGIS","station_european_code;station_local_code",2,1,FALSE,TRUE,"FR","FRANCE"
794,"FR14042",8,2010,"day",17.698,"FR14042","FRANCE","Background","urban",4.966111,48.645836,0,0,0,0,0,2800,0,0,0.231038,1075710,78.2866974,52053.10156,2.5829899,0,0,0,1.9921401,5.4334002,151,11.4434004,3.0390999,44478.39844,83565.20313,17136.09961,"FR14042",4.96612548854208,48.6458740234966,"EEA AirBase v8 ArcGIS","station_european_code;station_local_code",2,1,FALSE,TRUE,"FR","FRANCE"
795,"FR15001",8,2010,"day",10.594,"FR15001","FRANCE","Background","rural",5.51795,45.4276,0,2500,100,0,0,2400,0,43.4609985,0.376953,0,0,100909,6.34304,0,53,0,1.7242,5.3539701,497,10.7518997,2.26758,15862.90039,0,4294.439941,"FR15001",5.51788330078416,45.4276733398098,"EEA AirBase v8 ArcGIS","station_european_code;station_local_code",2,1,FALSE,TRUE,"FR","FRANCE"
796,"FR15012",8,2010,"day",17.516,"FR15012","FRANCE","Industrial","rural",5.726994,45.109267,0,3800,0,100,400,1500,0,78.2296982,0.316108,1550370,53.3297997,50454.5,3.17152,0,0,0,1.44956,5.2922301,359,8.6867399,0,19077,56704.89844,4044.280029,"FR15012",5.72711181624022,45.1093139646151,"EEA AirBase v8 ArcGIS","station_european_code;station_local_code",2,1,FALSE,TRUE,"FR","FRANCE"
797,"FR15013",8,2010,"day",20.027,"FR15013","FRANCE","Background","suburban",5.72865,45.079525,0,500,0,0,100,2700,0,8.6921902,0.309267,1843680,99.8876038,100909,6.34304,0,53,0,1.32682,5.2853699,267,8.6507301,0,14826.09961,65160.89844,6295.740234,"FR15013",5.72869873061378,45.0795288087786,"EEA AirBase v8 ArcGIS","station_european_code;station_local_code",2,1,FALSE,TRUE,"FR","FRANCE"
798,"FR15017",8,2010,"day",23.188,"FR15017","FRANCE","Background","urban",5.686964,45.190439,0,0,0,0,100,2600,0,0,0.11053,3331200,126.1289978,100909,6.34304,0,115,0,1.33394,5.3089499,209,9.3483696,0,34317.80078,113907,13175.2002,"FR15017",5.68707275418343,45.1904907225543,"EEA AirBase v8 ArcGIS","station_european_code;station_local_code",2,1,FALSE,TRUE,"FR","FRANCE"
799,"FR15038",8,2010,"day",29.916,"FR15038","FRANCE","Background","urban",5.753247,45.182972,0,0,0,400,100,1900,0,0,0.0212419,4137810,170.147995,75681.70313,4.7572799,0,116,0,1.58439,5.3084898,214,8.8319397,0,60445,132809,14551.09961,"FR15038",5.75311279306262,45.1829223635795,"EEA AirBase v8 ArcGIS","station_european_code;station_local_code",2,1,FALSE,TRUE,"FR","FRANCE"
800,"FR15039",8,2010,"day",49.055,"FR15039","FRANCE","Traffic","suburban",5.703764,45.158364,0,0,0,300,800,0,0,0,0.022682,4651110,231.095993,0,0,4,0,0,1.49009,5.3024998,230,9.0754004,0,48729.30078,152705,10590.2002,"FR15039",5.70367431682831,45.1585083010426,"EEA AirBase v8 ArcGIS","station_european_code;station_local_code",2,1,FALSE,TRUE,"FR","FRANCE"
801,"FR15043",8,2010,"day",24.793,"FR15043","FRANCE","Background","urban",5.735664,45.162178,0,0,0,600,300,2000,0,0,0.0025202,4808240,224.3240051,58863.60156,3.70011,0,0,0,1.52389,5.3050199,222,8.8185101,0,58682.5,142757,13967.40039,"FR15043",5.73571777368011,45.162292480357,"EEA AirBase v8 ArcGIS","station_european_code;station_local_code",2,1,FALSE,TRUE,"FR","FRANCE"
802,"FR15044",8,2010,"day",16.899,"FR15044","FRANCE","Background","suburban",5.638511,45.281773,0,4100,300,0,0,1400,0,121.6910019,0.262103,838037,48.2508011,67272.60156,4.2287002,0,0,0,1.27361,5.32725,194,9.9450397,2.1677101,25090.40039,28352.5,8171.950195,"FR15044",5.63848876982041,45.2819213865048,"EEA AirBase v8 ArcGIS","station_european_code;station_local_code",2,1,FALSE,TRUE,"FR","FRANCE"
803,"FR15048",8,2010,"day",19.605,"FR15048","FRANCE","Background","suburban",5.882389,45.279908,0,900,0,100,100,2300,0,0,0.246622,1896060,118.5110016,100909,6.34304,0,0,0,1.4077899,5.3164802,246,8.2687302,0.906714,14826.09961,72622.10156,11173.90039,"FR15048",5.88250732404149,45.279907226615,"EEA AirBase v8 ArcGIS","station_european_code;station_local_code",2,1,FALSE,TRUE,"FR","FRANCE"
804,"FR16001",8,2010,"day",25.114,"FR16001","FRANCE","Background","suburban",7.710017,48.609756,0,2500,0,200,1000,0,0,94.6060028,0.33279,2020090,139.2350006,0,0,0,0,0,2.0041399,5.55864,145,11.3319998,3.0987,44167.39844,127835,9172.599609,"FR16001",7.71008300778055,48.6096801758949,"EEA AirBase v8 ArcGIS","station_european_code;station_local_code",2,1,FALSE,TRUE,"FR","FRANCE"
805,"FR16029",8,2010,"day",26.842,"FR16029","FRANCE","Background","urban",7.781628,48.6103,0,0,0,0,600,1800,0,0,0.235213,1341590,95.0874023,69391.79688,4.25284,0,126,0,2.0013499,5.5625701,136,11.3949003,3.15926,23224.19922,83565.20313,15801.90039,"FR16029",7.78167724651812,48.6102905275064,"EEA AirBase v8 ArcGIS","station_european_code;station_local_code",2,1,FALSE,TRUE,"FR","FRANCE"
806,"FR16031",8,2010,"day",11.563,"FR16031","FRANCE","Background","rural",7.315158,48.85695,0,400,2500,0,0,400,0,394.1919861,1.22126,69392.39844,7.6409502,29739.30078,1.8226399,0,0,0,1.68116,5.5082102,319,10.6795998,3.55196,11715.7998,4476.709961,1417.579956,"FR16031",7.31530761681499,48.856872558401,"EEA AirBase v8 ArcGIS","station_european_code;station_local_code",2,1,FALSE,TRUE,"FR","FRANCE"
807,"FR16034",8,2010,"day",56.891,"FR16034","FRANCE","Traffic","urban",7.745058,48.5903,0,0,0,0,100,2100,0,0,0.0051356,2960740,176.5910034,99131.10156,6.07548,0,37,4,2.0030401,5.5625501,143,11.3620005,3.0881,60652.39844,169120,12174.5,"FR16034",7.74511718708022,48.590270996007,"EEA AirBase v8 ArcGIS","station_european_code;station_local_code",2,1,FALSE,TRUE,"FR","FRANCE"
808,"FR16037",8,2010,"day",29.797,"FR16037","FRANCE","Background","urban",7.743936,48.575278,0,200,0,200,1200,0,0,0,0.0225969,2806540,169.798996,0,0,0,54,0,2.0041399,5.5640001,143,11.3702002,3.0511601,61274.5,138778,11841,"FR16037",7.7440795898079,48.5753173827497,"EEA AirBase v8 ArcGIS","station_european_code;station_local_code",2,1,FALSE,TRUE,"FR","FRANCE"
809,"FR16038",8,2010,"day",31.34,"FR16038","FRANCE","Background","urban",7.783117,48.5704,0,0,0,300,0,0,100,0,0.0811433,1884560,95.0874023,0,0,0,18,0,2.00091,5.5666599,137,11.3886995,3.0325699,58321.89844,187087,7671.629883,"FR16038",7.78308105459241,48.5704956051869,"EEA AirBase v8 ArcGIS","station_european_code;station_local_code",2,1,FALSE,TRUE,"FR","FRANCE"
810,"FR16040",8,2010,"day",57.048,"FR16040","FRANCE","Traffic","urban",7.726308,48.575131,0,300,0,1000,100,900,0,15.7677002,0.0924417,2575230,144.3289948,49565.60156,3.03774,0,171,0,2.00419,5.5630598,142,11.3590002,3.0521801,50906.5,141762,11215.59961,"FR16040",7.72631835962342,48.5750732423842,"EEA AirBase v8 ArcGIS","station_european_code;station_local_code",2,1,FALSE,TRUE,"FR","FRANCE"
811,"FR16055",8,2010,"day",24.332,"FR16055","FRANCE","Industrial","rural",7.5119,47.7868,0,800,0,0,0,2900,0,0,0.96297,971240,104.2850037,93947.60156,5.4506502,0,0,0,2.0022199,5.5855398,219,10.8895998,2.0839,18368.40039,64166.10156,5336.790039,"FR16055",7.51190185511097,47.7869262692947,"EEA AirBase v8 ArcGIS","station_european_code;station_local_code",2,1,FALSE,TRUE,"FR","FRANCE"
812,"FR16056",8,2010,"day",29.419,"FR16056","FRANCE","Background","urban",7.332989,47.7486,0,0,0,0,0,2900,0,0,0,1410050,105.9400024,93947.60156,5.4506502,0,77,0,1.98035,5.5850601,240,10.9055004,2.8445699,58267.80078,112912,22055.90039,"FR16056",7.33312988303145,47.7487182619301,"EEA AirBase v8 ArcGIS","station_european_code;station_local_code",2,1,FALSE,TRUE,"FR","FRANCE"
813,"FR16057",8,2010,"day",35.962,"FR16057","FRANCE","Background","urban",7.347225,47.7576,0,0,0,0,800,1300,0,0,0.0023289,1404200,123.3209991,36133.69922,2.0964,0,132,0,1.99678,5.5857201,237,10.9181995,2.13026,57334.60156,103959,17302.90039,"FR16057",7.34729003943146,47.7576904299542,"EEA AirBase v8 ArcGIS","station_european_code;station_local_code",2,1,FALSE,TRUE,"FR","FRANCE"
814,"FR16059",8,2010,"day",28.895,"FR16059","FRANCE","Industrial","rural",7.538278,47.8203,0,3400,0,0,0,1700,0,214.401001,0.792341,1644610,92.6326981,57813.89844,3.35425,0,0,0,2.00069,5.5889702,214,10.8746996,2.09358,29292.19922,97663.20313,2912.679932,"FR16059",7.53833007786903,47.8203125001675,"EEA AirBase v8 ArcGIS","station_european_code;station_local_code",2,1,FALSE,TRUE,"FR","FRANCE"
815,"FR16065",8,2010,"day",17.274,"FR16065","FRANCE","Background","suburban",7.34255,47.7239,0,2600,0,0,1100,400,0,125.0670013,0.833742,380305,32.2785988,0,0,0,63,0,1.94359,5.58182,329,10.8790998,2.86198,21980,24373.19922,11215.59961,"FR16065",7.342529297209,47.7238769530083,"EEA AirBase v8 ArcGIS","station_european_code;station_local_code",2,1,FALSE,TRUE,"FR","FRANCE"
816,"FR16066",8,2010,"day",22.316,"FR16066","FRANCE","Background","urban",7.3088,47.7374,0,0,0,0,0,2900,0,0,0.181653,3048290,242.503006,93947.60156,5.4506502,0,0,0,1.9716901,5.5843101,247,10.8832998,2.8678701,35769.39844,201452,13133.5,"FR16066",7.30889892598362,47.7374877928605,"EEA AirBase v8 ArcGIS","station_european_code;station_local_code",2,1,FALSE,TRUE,"FR","FRANCE"
817,"FR17001",8,2010,"day",34.776,"FR17001","FRANCE","Traffic","urban",6.023611,47.235972,0,0,0,100,200,2300,0,0,0.103579,1523810,75.4923019,61974.69922,3.6203401,0,23,0,1.74081,5.57546,249,11.118,3.33656,37013.5,86549.60156,15385,"FR17001",6.02368164030909,47.2360839845214,"EEA AirBase v8 ArcGIS","station_european_code;station_local_code",2,1,FALSE,TRUE,"FR","FRANCE"
818,"FR17002",8,2010,"day",31.873,"FR17002","FRANCE","Traffic","urban",6.045,47.262964,0,0,0,0,300,1400,0,0,0.207716,1403110,100.4189987,33804.39844,1.97473,0,11,0,1.90844,5.5773401,327,11.1106005,3.3438799,24157.30078,71627.29688,14342.59961,"FR17002",6.04510498031009,47.2628784177431,"EEA AirBase v8 ArcGIS","station_european_code;station_local_code",2,1,FALSE,TRUE,"FR","FRANCE"
819,"FR17004",8,2010,"day",26.3,"FR17004","FRANCE","Background","urban",5.971556,47.221972,0,0,0,0,600,1600,0,0,0.238901,2293260,158.8190002,33804.39844,1.97473,0,0,0,1.9133101,5.5764699,274,11.1859999,3.34636,27578.69922,118384,10048.2002,"FR17004",5.97167968756257,47.2221069334864,"EEA AirBase v8 ArcGIS","station_european_code;station_local_code",2,1,FALSE,TRUE,"FR","FRANCE"
820,"FR17007",8,2010,"day",18.211,"FR17007","FRANCE","Industrial","rural",5.415028,47.065639,0,1500,0,0,0,1700,0,33.0707016,0.273074,2033950,100.6279984,30254.90039,1.73291,0,0,0,1.9838001,5.5889201,210,11.8149996,2.4812601,31933.19922,167130,8588.889648,"FR17007",5.41510009796437,47.0656738278514,"EEA AirBase v8 ArcGIS","station_european_code;station_local_code",2,1,FALSE,TRUE,"FR","FRANCE"
821,"FR17014",8,2010,"day",15.987,"FR17014","FRANCE","Industrial","rural",5.400897,47.042611,0,1900,300,0,0,2000,0,49.6060982,0.31664,1939100,96.5207977,43701.60156,2.5030899,0,0,0,2.0041399,5.58745,190,11.8226004,2.47454,24883,121368,8797.360352,"FR17014",5.40087890643071,47.0427246091908,"EEA AirBase v8 ArcGIS","station_european_code;station_local_code",2,1,FALSE,TRUE,"FR","FRANCE"
822,"FR18008",8,2010,"day",17.53,"FR18008","FRANCE","Background","suburban",3.306583,49.863028,0,1400,0,0,0,2800,0,11.3275995,0.517512,884451,46.1589012,49134,2.84115,0,0,0,2.0018101,5.0890002,85,11.3218002,3.34639,27786.09961,49741.19922,12424.7002,"FR18008",3.30670166003168,49.8630981447337,"EEA AirBase v8 ArcGIS","station_european_code;station_local_code",2,1,FALSE,TRUE,"FR","FRANCE"
823,"FR18042",8,2010,"day",25.132,"FR18042","FRANCE","Background","urban",3.284,49.851333,0,0,0,0,0,2900,0,0,0.0901099,1478490,44.3834991,49134,2.84115,0,155,0,2.0025599,5.0851798,97,11.3589001,3.3240199,39087.10156,87544.5,23890.5,"FR18042",3.28411865249108,49.851318359234,"EEA AirBase v8 ArcGIS","station_european_code;station_local_code",2,1,FALSE,TRUE,"FR","FRANCE"
824,"FR18044",8,2010,"day",28.111,"FR18044","FRANCE","Background","urban",2.298611,49.899444,0,0,0,0,700,1100,0,0,0.0481051,2241720,114.3850021,15819.2998,0.899752,0,83,18,2.00365,4.7438402,24,11.3400002,2.2929499,45411.5,112912,15426.59961,"FR18044",2.29870605476632,49.899475097762,"EEA AirBase v8 ArcGIS","station_european_code;station_local_code",2,1,FALSE,TRUE,"FR","FRANCE"
825,"FR18051",8,2010,"day",34.5,"FR18051","FRANCE","Background","unknown",3.223056,49.6125,0,100,0,0,0,2800,0,0,0.473697,1029660,74.5643005,49134,2.84115,0,0,0,2.0041499,5.1100502,43,11.5494003,2.1629701,21254.30078,75606.60156,15468.2998,"FR18051",3.22308349636899,49.6124877927433,"EEA AirBase v8 ArcGIS","station_european_code;station_local_code",2,1,FALSE,TRUE,"FR","FRANCE"
826,"FR19002",8,2010,"day",37.678,"FR19002","FRANCE","Traffic","suburban",-1.665861,48.108756,0,0,0,0,100,2400,0,0,0,2397710,70.5409012,84665.39844,5.1384802,0,79,0,2.00316,4.6923099,29,11.9595003,2.1352601,71124,103462,18637.09961,"FR19002",-1.66571044907443,48.1088867188625,"EEA AirBase v8 ArcGIS","station_european_code;station_local_code",2,1,FALSE,TRUE,"FR","FRANCE"
827,"FR19003",8,2010,"day",19.213,"FR19003","FRANCE","Background","suburban",-1.706667,48.046664,0,2100,0,100,0,1200,0,119.2080002,0.440152,2687080,87.843399,53878,3.2699399,0,53,0,2.0042601,4.7328901,42,12.0123997,2.1324699,22083.69922,141265,9798,"FR19003",-1.7066040039008,48.0466918942698,"EEA AirBase v8 ArcGIS","station_european_code;station_local_code",2,1,FALSE,TRUE,"FR","FRANCE"
828,"FR19004",8,2010,"day",14.883,"FR19004","FRANCE","Background","suburban",-1.616667,48.116667,0,0,0,500,0,2200,0,0,0.0855317,3910740,113.1320038,84665.39844,5.1384802,0,71,0,2.00298,4.7026601,44,11.9476004,2.12781,53913.19922,157680,14050.7998,"FR19004",-1.61657714850844,48.1166992185738,"EEA AirBase v8 ArcGIS","station_european_code;station_local_code",2,1,FALSE,TRUE,"FR","FRANCE"
829,"FR19006",8,2010,"day",20.612,"FR19006","FRANCE","Background","suburban",-1.700608,48.117472,0,0,0,300,1200,100,0,0,0.0269088,3745380,130.4340057,0,0,0,61,0,2.0040801,4.6731901,41,11.9495001,2.1410501,60445,153203,11549.09961,"FR19006",-1.70062255900509,48.117492675889,"EEA AirBase v8 ArcGIS","station_european_code;station_local_code",2,1,FALSE,TRUE,"FR","FRANCE"
830,"FR19007",8,2010,"day",46.786,"FR19007","FRANCE","Traffic","suburban",-1.679167,48.107503,0,0,0,100,500,1300,0,0,0,2546530,72.759201,38484.30078,2.33567,0,71,20,2.0032201,4.68928,30,11.9608002,2.13534,70709.29688,100975,18678.80078,"FR19007",-1.67907714873678,48.107482910432,"EEA AirBase v8 ArcGIS","station_european_code;station_local_code",2,1,FALSE,TRUE,"FR","FRANCE"
831,"FR19015",8,2010,"day",18.054,"FR19015","FRANCE","Background","urban",-4.475106,48.409056,0,0,0,0,0,2900,0,0,0,2402570,55.1864014,72456.60156,4.0723901,0,52,0,1.99351,3.45155,66,12.4377003,1.5373,53187.5,58694.60156,25641.59961,"FR19015",-4.47509765585546,48.4091186524316,"EEA AirBase v8 ArcGIS","station_european_code;station_local_code",2,1,FALSE,TRUE,"FR","FRANCE"
832,"FR19021",8,2010,"day",15.201,"FR19021","FRANCE","Background","urban",-3.375656,47.752228,0,0,0,0,800,1600,0,0,0.0059733,1537940,34.2220993,26715.09961,1.48533,0,161,0,2.0034201,3.08218,17,12.5922003,1.35446,52461.69922,47254.10156,24849.40039,"FR19021",-3.37561035198972,47.7523193357194,"EEA AirBase v8 ArcGIS","station_european_code;station_local_code",2,1,FALSE,TRUE,"FR","FRANCE"
833,"FR19031",8,2010,"day",20.705,"FR19031","FRANCE","Background","urban",-2.758197,47.656711,0,0,0,0,0,2900,0,0,0.0403194,1135710,15.5068998,69459.20313,3.8618701,0,105,0,2.00211,3.2172799,17,12.5792999,1.26123,47070.39844,47254.10156,26225.30078,"FR19031",-2.75817871077213,47.6566772458121,"EEA AirBase v8 ArcGIS","station_european_code;station_local_code",2,1,FALSE,TRUE,"FR","FRANCE"
834,"FR19032",8,2010,"day",14.85,"FR19032","FRANCE","Background","urban",-3.394808,47.7425,0,0,0,0,0,2900,0,0,0.256103,1739050,22.4582996,69459.20313,3.8618701,0,0,0,2.00157,2.9316599,29,12.6372995,1.3571,32762.69922,50238.60156,20429.90039,"FR19032",-3.39477539024852,47.7424926759831,"EEA AirBase v8 ArcGIS","station_european_code;station_local_code",2,1,FALSE,TRUE,"FR","FRANCE"
835,"FR19033",8,2010,"day",16.013,"FR19033","FRANCE","Background","urban",-2.763889,47.648889,0,0,0,0,0,2900,0,0,0.105279,934594,15.5068998,69459.20313,3.8618701,0,0,0,2.00266,2.90646,16,12.6218996,1.2657,38465,41782.60156,23765.40039,"FR19033",-2.76391601603149,47.64892578125,"EEA AirBase v8 ArcGIS","station_european_code;station_local_code",2,1,FALSE,TRUE,"FR","FRANCE"
836,"FR19081",8,2010,"day",12.772,"FR19081","FRANCE","Background","urban",-1.994167,48.654997,0,0,0,0,0,2700,0,0,0.0557398,1182320,27.0629005,100059,6.0727501,0,0,0,2.0032301,2.7657399,6,12.2223997,0,31829.5,62673.89844,17136.09961,"FR19081",-1.99407958946047,48.6550903322104,"EEA AirBase v8 ArcGIS","station_european_code;station_local_code",2,1,FALSE,TRUE,"FR","FRANCE"
837,"FR19091",8,2010,"day",14.824,"FR19091","FRANCE","Background","urban",-1.202222,48.347503,0,400,0,0,0,2900,0,0,0.443996,1802410,36.3796005,100059,6.0727501,0,0,0,1.98668,4.5310602,109,11.5607996,1.04716,35562,83067.79688,16927.59961,"FR19091",-1.20220947245013,48.3474731442829,"EEA AirBase v8 ArcGIS","station_european_code;station_local_code",2,1,FALSE,TRUE,"FR","FRANCE"
838,"FR20002",8,2010,"day",58.762,"FR20002","FRANCE","Traffic","urban",4.836153,45.746861,0,0,0,0,200,1300,0,0,0,4713800,218.3540039,151436,10.6913996,0,0,10,1.97086,5.3976202,174,12.0247002,2.3299201,73819.70313,149721,13383.7002,"FR20002",4.83630371072925,45.7468872071901,"EEA AirBase v8 ArcGIS","station_european_code;station_local_code",2,1,FALSE,TRUE,"FR","FRANCE"
839,"FR20003",8,2010,"day",65.973,"FR20003","FRANCE","Traffic","urban",4.850508,45.768135,0,0,0,0,100,2600,0,0,0,1956160,96.0298996,185089,13.0671997,0,53,10,1.98868,5.4021001,176,12.0672998,2.33146,67287.89844,43772.19922,17594.69922,"FR20003",4.85028076172826,45.7681274415925,"EEA AirBase v8 ArcGIS","station_european_code;station_local_code",2,1,FALSE,TRUE,"FR","FRANCE"
840,"FR20004",8,2010,"day",31.658,"FR20004","FRANCE","Background","urban",4.820328,45.755306,0,0,0,200,200,2000,0,0,0,2852730,117.7509995,168263,11.8793001,0,0,0,1.90484,5.3987098,245,11.9438,2.3246601,66458.39844,87544.5,15676.7998,"FR20004",4.82031250031933,45.7553100588956,"EEA AirBase v8 ArcGIS","station_european_code;station_local_code",2,1,FALSE,TRUE,"FR","FRANCE"
841,"FR20008",8,2010,"day",53.141,"FR20008","FRANCE","Traffic","suburban",4.803633,45.777067,0,0,0,0,300,2100,0,0,0.0175453,2771230,140.6150055,151436,10.6913996,0,6,4,1.85976,5.4022298,172,11.8992996,2.3227601,64073.80078,71627.29688,14968,"FR20008",4.80371093767445,45.7769165041911,"EEA AirBase v8 ArcGIS","station_european_code;station_local_code",2,1,FALSE,TRUE,"FR","FRANCE"
842,"FR20019",8,2010,"day",40.1,"FR20019","FRANCE","Traffic","urban",4.886214,45.758361,0,0,0,0,200,2600,0,0,0,3477620,125.7529984,185089,13.0671997,0,134,0,2.00209,5.4014001,182,12.1847,2.34145,48729.30078,99482.39844,24015.5,"FR20019",4.88629150406486,45.7584838868338,"EEA AirBase v8 ArcGIS","station_european_code;station_local_code",2,1,FALSE,TRUE,"FR","FRANCE"
843,"FR20029",8,2010,"day",33.374,"FR20029","FRANCE","Industrial","suburban",4.845833,45.66386,0,0,0,100,0,1600,0,0,0.446819,4238340,269.7980042,185089,13.0671997,0,77,0,1.97348,5.3822398,158,11.9502001,2.35513,26645.59961,165638,6337.430176,"FR20029",4.8458862303078,45.6638793947982,"EEA AirBase v8 ArcGIS","station_european_code;station_local_code",2,1,FALSE,TRUE,"FR","FRANCE"
844,"FR20031",8,2010,"day",34.233,"FR20031","FRANCE","Industrial","suburban",4.864483,45.707747,0,0,0,0,500,1900,0,0,0.0070181,7159000,384.118988,134610,9.5034399,0,67,0,1.98692,5.3912001,177,12.0851002,2.3354399,37739.30078,233784,11715.90039,"FR20031",4.86450195326189,45.7078857419513,"EEA AirBase v8 ArcGIS","station_european_code;station_local_code",2,1,FALSE,TRUE,"FR","FRANCE"
845,"FR20037",8,2010,"day",26.75,"FR20037","FRANCE","Background","suburban",4.802536,45.60186,0,0,0,0,0,2900,0,0,0.459151,1561400,65.1631012,218741,15.4431,0,0,0,1.94294,5.3684301,220,11.7514,2.3687,35769.39844,68145.39844,13592.09961,"FR20037",4.80230712870187,45.6019287107599,"EEA AirBase v8 ArcGIS","station_european_code;station_local_code",2,1,FALSE,TRUE,"FR","FRANCE"
846,"FR20045",8,2010,"day",33.021,"FR20045","FRANCE","Background","suburban",4.980547,45.731825,0,1400,0,100,900,200,0,84.8928986,0.391844,6221670,278.9440002,0,0,0,81,0,2.0023401,5.39996,210,12.4006996,2.3259399,30689.09961,177576,9172.599609,"FR20045",4.98052978547671,45.7318725588224,"EEA AirBase v8 ArcGIS","station_european_code;station_local_code",2,1,FALSE,TRUE,"FR","FRANCE"
847,"FR20049",8,2010,"day",5.826,"FR20049","FRANCE","Background","rural",4.465711,45.961391,0,5800,200,0,0,0,0,820.632019,1.45976,0,0,0,0,0,0,0,1.55179,5.42875,531,11.0179005,3.0664999,18143.90039,0,333.5490112,"FR20049",4.46569824257621,45.9614868163911,"EEA AirBase v8 ArcGIS","station_european_code;station_local_code",2,1,FALSE,TRUE,"FR","FRANCE"
848,"FR20061",8,2010,"day",31.51,"FR20061","FRANCE","Background","urban",4.719281,45.986362,0,0,0,0,100,2500,0,0,0.0748597,5148500,229.7859955,201915,14.2552004,0,68,0,1.99714,5.4377499,191,11.5612001,3.0963099,42715.89844,126840,20138,"FR20061",4.71929931637583,45.9865112304348,"EEA AirBase v8 ArcGIS","station_european_code;station_local_code",2,1,FALSE,TRUE,"FR","FRANCE"
849,"FR20062",8,2010,"day",33.961,"FR20062","FRANCE","Background","urban",4.854214,45.757733,0,0,0,200,700,1500,0,0,0,2445200,109.7480011,84131.29688,5.9396501,0,8,0,2.0011201,5.4002299,172,12.0676003,2.3318801,69879.79688,61679.10156,21472.19922,"FR20062",4.85430908234672,45.7578735353454,"EEA AirBase v8 ArcGIS","station_european_code;station_local_code",2,1,FALSE,TRUE,"FR","FRANCE"
850,"FR20063",8,2010,"day",44.29,"FR20063","FRANCE","Traffic","urban",4.896153,45.728269,0,0,0,300,100,600,0,0,0.0163756,4102500,99.4595032,16826.30078,1.18793,14,117,0,1.99884,5.3961501,199,12.1739998,2.34182,49247.69922,109928,15468.2998,"FR20063",4.89630126957906,45.7282714840882,"EEA AirBase v8 ArcGIS","station_european_code;station_local_code",2,1,FALSE,TRUE,"FR","FRANCE"
851,"FR20068",8,2010,"day",25.358,"FR20068","FRANCE","Background","suburban",4.796111,45.936275,0,2000,0,100,200,2200,0,30.9449005,0.398004,472074,9.2135,41566.30078,2.57586,0,38,0,1.9571199,5.4307799,179,11.8368998,3.0869501,23742.59961,18404.19922,11674.2002,"FR20068",4.79608154327149,45.9362792967489,"EEA AirBase v8 ArcGIS","station_european_code;station_local_code",2,1,FALSE,TRUE,"FR","FRANCE"
852,"FR21016",8,2010,"day",35.016,"FR21016","FRANCE","Traffic","urban",-0.353611,49.175278,0,0,0,100,0,1500,0,0,0.0352532,1791360,54.5937004,70211.39844,4.35709,0,338,0,1.99871,3.8610699,10,11.6929998,2.5149801,74234.39844,104456,15801.90039,"FR21016",-0.353576660470837,49.1752929686442,"EEA AirBase v8 ArcGIS","station_european_code;station_local_code",2,1,FALSE,TRUE,"FR","FRANCE"
853,"FR21021",8,2010,"day",18.225,"FR21021","FRANCE","Background","urban",0.227222,49.147225,0,100,0,0,0,2900,0,0,0.368899,125321,0,101416,6.2935801,0,0,0,1.93161,4.4116101,61,11.5024996,2.3242099,40020.19922,9450.820313,18136.69922,"FR21021",0.227294922207184,49.1472778320773,"EEA AirBase v8 ArcGIS","station_european_code;station_local_code",2,1,FALSE,TRUE,"FR","FRANCE"
854,"FR21035",8,2010,"day",18.158,"FR21035","FRANCE","Background","urban",-1.626667,49.636389,0,0,0,0,0,2700,0,0,0.0667709,3469450,118.6080017,82359,4.1731501,0,0,0,1.91251,2.7657399,8,11.9209003,3.34448,55157.39844,148229,14467.7002,"FR21035",-1.62658691402261,49.6364746096453,"EEA AirBase v8 ArcGIS","station_european_code;station_local_code",2,1,FALSE,TRUE,"FR","FRANCE"
855,"FR21040",8,2010,"day",12.699,"FR21040","FRANCE","Background","urban",-1.084722,49.116389,0,0,0,0,500,1700,0,0,0.391087,2194690,58.5808983,50682.5,2.56809,0,0,0,1.96015,4.40207,55,11.4919996,2.36058,43960,56704.89844,17052.69922,"FR21040",-1.0847167970274,49.1165161134939,"EEA AirBase v8 ArcGIS","station_european_code;station_local_code",2,1,FALSE,TRUE,"FR","FRANCE"
856,"FR22007",8,2010,"day",18.536,"FR22007","FRANCE","Industrial","suburban",6.734139,49.165531,0,0,1200,0,0,1700,0,173.2160034,0.313061,588627,18.3572998,53332.10156,3.0806601,0,0,0,1.9599,5.4296699,283,10.7709999,0.972895,24407.5,76626.10156,15586.40039,"FR22007",6.73413085936695,49.1655273436251,"EEA AirBase v8 ArcGIS","station_european_code;station_local_code",2,1,FALSE,TRUE,"FR","FRANCE"
857,"FR22009",8,2010,"day",32.171,"FR22009","FRANCE","Industrial","suburban",6.716886,49.165725,0,1100,0,0,0,2900,0,0,0.352806,1005290,60.7429008,86664.60156,5.0060802,0,52,0,1.98418,5.4284801,238,10.7743998,0.972992,25625.90039,112912,11819.2998,"FR22009",6.71691894538545,49.1657104493585,"EEA AirBase v8 ArcGIS","station_european_code;station_local_code",2,1,FALSE,TRUE,"FR","FRANCE"
858,"FR22011",8,2010,"day",22.054,"FR22011","FRANCE","Industrial","suburban",6.731664,49.158414,0,0,0,0,0,2900,0,0,0.290369,1338110,94.2860031,86664.60156,5.0060802,0,0,0,1.96804,5.4305501,270,10.7714005,0.969403,19933.5,146761,13800.59961,"FR22011",6.73168945312208,49.1585083005439,"EEA AirBase v8 ArcGIS","station_european_code;station_local_code",2,1,FALSE,TRUE,"FR","FRANCE"
859,"FR22014",8,2010,"day",16.334,"FR22014","FRANCE","Background","rural",6.957444,49.195389,0,3500,800,0,0,600,0,201.0189972,0.502871,524456,40.7944984,6666.509766,0.385083,0,0,0,1.88982,5.4417,331,10.6976995,0.970927,28872.90039,51167.60156,7619.370117,"FR22014",6.95751953122299,49.1954956056599,"EEA AirBase v8 ArcGIS","station_european_code;station_local_code",2,1,FALSE,TRUE,"FR","FRANCE"
860,"FR22018",8,2010,"day",14.829,"FR22018","FRANCE","Background","urban",6.721111,48.814944,0,1900,0,0,400,1500,0,43.6996994,0.623416,628308,73.1165009,46665.60156,2.69558,0,0,0,1.99898,5.4779701,210,10.9076004,1.9168,20528.5,56704.89844,5461.870117,"FR22018",6.7211303714049,48.81488037131,"EEA AirBase v8 ArcGIS","station_european_code;station_local_code",2,1,FALSE,TRUE,"FR","FRANCE"
861,"FR22019",8,2010,"day",21.813,"FR22019","FRANCE","Background","urban",6.925833,49.220364,0,300,100,0,0,2800,0,8.7399397,0.348585,422634,41.3569984,86664.60156,5.0060802,0,0,0,1.91597,5.43607,238,10.6731005,0.970737,25018.30078,98869.70313,6771.979981,"FR22019",6.92590332030685,49.2202758788915,"EEA AirBase v8 ArcGIS","station_european_code;station_local_code",2,1,FALSE,TRUE,"FR","FRANCE"
862,"FR23001",8,2010,"day",12.648,"FR23001","FRANCE","Industrial","urban",-2.081567,47.324097,0,2200,0,0,0,2400,0,64.254303,0.615761,3407520,86.4571991,94368.5,5.8319602,0,0,0,2.0039401,3.2881701,18,12.8147001,1.19196,16070.2998,135793,7463.160156,"FR23001",-2.081481933207,47.3240966796853,"EEA AirBase v8 ArcGIS","station_european_code;station_local_code",2,1,FALSE,TRUE,"FR","FRANCE"
863,"FR23003",8,2010,"day",12.188,"FR23003","FRANCE","Industrial","rural",-2.039853,47.322825,0,4800,0,0,0,1500,0,278.4349976,0.775688,1356280,41.4273987,70776.39844,4.37397,0,88,0,2.0043199,3.20749,7,12.7985001,1.18701,7464.910156,51730.80078,1667.75,"FR23003",-2.03979492164296,47.3228759767538,"EEA AirBase v8 ArcGIS","station_european_code;station_local_code",2,1,FALSE,TRUE,"FR","FRANCE"
864,"FR23046",8,2010,"day",12.169,"FR23046","FRANCE","Industrial","rural",-2.093517,47.313194,0,2600,0,0,1300,0,0,128.5090027,0.404521,3004000,118.2779999,0,0,0,0,0,2.00406,2.8494799,4,12.8325005,1.19287,20113.80078,134301,1375.890015,"FR23046",-2.09350585903042,47.3132934570213,"EEA AirBase v8 ArcGIS","station_european_code;station_local_code",2,1,FALSE,TRUE,"FR","FRANCE"
865,"FR23068",8,2010,"day",8.127,"FR23068","FRANCE","Industrial","suburban",-1.936619,47.247469,0,3100,0,0,0,2200,0,149.927002,0.932194,0,0,94368.5,5.8319602,0,0,0,2.0041499,3.5569699,24,12.8127003,1.1713901,12234.2002,0,4002.590088,"FR23068",-1.93658447288752,47.2474975587118,"EEA AirBase v8 ArcGIS","station_european_code;station_local_code",2,1,FALSE,TRUE,"FR","FRANCE"
866,"FR23075",8,2010,"day",15.505,"FR23075","FRANCE","Industrial","suburban",-2.190764,47.315723,0,600,0,0,100,1900,0,0,0.516555,1401120,41.4273987,70776.39844,4.37397,0,0,0,2.00421,3.3299601,4,12.8734999,2.5544901,29133.90039,72124.70313,6837.759766,"FR23075",-2.1906127926228,47.3156738279587,"EEA AirBase v8 ArcGIS","station_european_code;station_local_code",2,1,FALSE,TRUE,"FR","FRANCE"
867,"FR23092",8,2010,"day",21.272,"FR23092","FRANCE","Background","urban",0.20095,48.001294,0,0,0,0,0,2900,0,0,0.004861,403368,22.4029007,72900.29688,4.7820001,0,142,0,1.99673,5.1322799,62,12.1705999,2.08003,31725.90039,22880.90039,26934.09961,"FR23092",0.200927734582756,48.0012817381981,"EEA AirBase v8 ArcGIS","station_european_code;station_local_code",2,1,FALSE,TRUE,"FR","FRANCE"
868,"FR23110",8,2010,"day",14.323,"FR23110","FRANCE","Background","urban",-2.249858,47.264111,0,0,0,0,0,2900,0,0,0.177887,807044,19.8131008,102233,6.3179598,0,0,0,2.0039001,2.9542401,24,12.9736004,2.54773,40642.30078,21388.69922,20012.90039,"FR23110",-2.24987792986864,47.2640991213269,"EEA AirBase v8 ArcGIS","station_european_code;station_local_code",2,1,FALSE,TRUE,"FR","FRANCE"
869,"FR23120",8,2010,"day",22.118,"FR23120","FRANCE","Background","urban",-0.556053,47.468514,0,0,0,0,0,2900,0,0,0.0033401,1186180,22.9542999,78663.89844,4.4586601,0,126,0,2.00014,5.01478,46,12.5346003,1.04045,42715.89844,51730.80078,23640.30078,"FR23120",-0.555908203127881,47.4685058591815,"EEA AirBase v8 ArcGIS","station_european_code;station_local_code",2,1,FALSE,TRUE,"FR","FRANCE"
870,"FR23140",8,2010,"day",39.111,"FR23140","FRANCE","Traffic","urban",-1.552828,47.204394,0,0,0,0,500,600,0,0,0,4562040,174.1150055,23592.09961,1.4579901,0,121,0,2.0005,4.4359002,10,12.6786003,2.1747899,57853,150218,6003.879883,"FR23140",-1.55279541047313,47.2045288087972,"EEA AirBase v8 ArcGIS","station_european_code;station_local_code",2,1,FALSE,TRUE,"FR","FRANCE"
871,"FR23150",8,2010,"day",20.287,"FR23150","FRANCE","Background","urban",-0.550067,47.447392,0,0,0,0,100,2500,0,0,0.167007,2405940,105.9950027,72612.79688,4.1156902,0,0,0,2.0043001,5.01476,31,12.5365,1.0408601,33073.69922,102964,19762.80078,"FR23150",-0.549987793365821,47.4475097657944,"EEA AirBase v8 ArcGIS","station_european_code;station_local_code",2,1,FALSE,TRUE,"FR","FRANCE"
872,"FR23152",8,2010,"day",16.485,"FR23152","FRANCE","Background","urban",-1.436831,46.660703,0,0,0,0,400,1700,0,0,0.164703,2963250,118.0879974,35269.39844,2.08341,0,0,0,1.99989,4.4611502,67,12.9268999,2.2107201,36598.80078,63668.69922,22431.19922,"FR23152",-1.43682861339196,46.660705566259,"EEA AirBase v8 ArcGIS","station_european_code;station_local_code",2,1,FALSE,TRUE,"FR","FRANCE"
873,"FR23153",8,2010,"day",12.453,"FR23153","FRANCE","Industrial","suburban",-2.151625,47.331522,0,2500,0,0,300,500,0,107.0899963,0.638853,2241790,66.0437012,0,0,0,0,0,2.0043199,3.54689,4,12.8481998,2.4855199,18454.90039,106944,4711.379883,"FR23153",-2.15161132783829,47.3314819334095,"EEA AirBase v8 ArcGIS","station_european_code;station_local_code",2,1,FALSE,TRUE,"FR","FRANCE"
874,"FR23174",8,2010,"day",22.354,"FR23174","FRANCE","Background","urban",0.195981,47.988914,0,0,0,0,0,2600,0,0,0.0091818,2484380,105.0619965,72900.29688,4.7820001,0,0,0,1.99963,5.1334701,47,12.1801004,2.0799,33695.80078,133306,20680,"FR23174",0.196105957226671,47.9888916014612,"EEA AirBase v8 ArcGIS","station_european_code;station_local_code",2,1,FALSE,TRUE,"FR","FRANCE"
875,"FR23179",8,2010,"day",19.812,"FR23179","FRANCE","Background","urban",-1.553589,47.183528,0,0,0,100,200,2500,0,0,0.034209,2409920,72.047699,78640.5,4.8599701,0,0,0,2.0039201,4.4472799,22,12.6947002,2.1775,33384.69922,88041.89844,20179.69922,"FR23179",-1.55358886721075,47.1834716795728,"EEA AirBase v8 ArcGIS","station_european_code;station_local_code",2,1,FALSE,TRUE,"FR","FRANCE"
876,"FR23181",8,2010,"day",16.215,"FR23181","FRANCE","Background","urban",-2.223056,47.273056,0,0,0,1300,0,1600,0,0,0.0453269,44835.80078,0,55048.30078,3.4019799,0,78,0,2.0042,2.8266101,9,12.9518003,2.5453,56712.60156,17906.80078,22306.09961,"FR23181",-2.22308349630855,47.2730712887875,"EEA AirBase v8 ArcGIS","station_european_code;station_local_code",2,1,FALSE,TRUE,"FR","FRANCE"
877,"FR23188",8,2010,"day",19.868,"FR23188","FRANCE","Background","urban",-1.5375,47.2225,0,0,0,0,500,1700,0,0,0,3530820,106.2699966,62912.39844,3.88797,0,0,0,2.0016301,4.4463801,11,12.6697998,2.1734099,42923.19922,140270,14259.2002,"FR23188",-1.53747558563519,47.2224731442453,"EEA AirBase v8 ArcGIS","station_european_code;station_local_code",2,1,FALSE,TRUE,"FR","FRANCE"
878,"FR23224",8,2010,"day",59.793,"FR23224","FRANCE","Traffic","urban",0.199753,48.006069,0,0,0,0,100,2800,0,0,0.0032406,403368,9.2701597,67292.60156,4.4141502,0,45,11,1.98938,5.1312599,71,12.1632996,2.08373,33799.39844,22880.90039,26850.69922,"FR23224",0.199890136412173,48.0061035157407,"EEA AirBase v8 ArcGIS","station_european_code;station_local_code",2,1,FALSE,TRUE,"FR","FRANCE"
879,"FR23225",8,2010,"day",20.498,"FR23225","FRANCE","Traffic","urban",-2.191994,47.320419,0,2500,0,0,0,2300,0,42.8362007,0.611485,1076060,25.2166996,86504.5,5.3459702,11,0,0,2.00421,3.4200499,3,12.8734999,2.5544901,20424.80078,47254.10156,6128.959961,"FR23225",-2.19201660159539,47.3204956056854,"EEA AirBase v8 ArcGIS","station_european_code;station_local_code",2,1,FALSE,TRUE,"FR","FRANCE"
880,"FR24003",8,2010,"day",57.737,"FR24003","FRANCE","Traffic","urban",7.266114,43.710836,0,0,0,0,100,2700,0,0,0.0025135,4106500,122.1289978,143465,9.8421001,0,0,0,1.78948,3.2787499,39,13.8972998,0,52669.10156,67648,22848.09961,"FR24003",7.26611328111531,43.7108764650949,"EEA AirBase v8 ArcGIS","station_european_code;station_local_code",2,1,FALSE,TRUE,"FR","FRANCE"
881,"FR24006",8,2010,"day",39.476,"FR24006","FRANCE","Traffic","urban",7.123058,43.581665,0,0,0,0,0,2700,0,0,0,0,0,155421,10.6623001,0,8,0,1.96506,2.5569699,5,0,0.677545,27578.69922,14424.90039,14842.90039,"FR24006",7.12310790993946,43.5817260745152,"EEA AirBase v8 ArcGIS","station_european_code;station_local_code",2,1,FALSE,TRUE,"FR","FRANCE"
882,"FR24009",8,2010,"day",29.077,"FR24009","FRANCE","Background","urban",7.007222,43.562497,0,0,0,0,0,2900,0,0,0.0290843,772729,1.17432,155421,10.6623001,0,0,0,1.8943,3.13359,72,14.9133997,0,40849.60156,25368,26350.40039,"FR24009",7.00732421915763,43.5624999996895,"EEA AirBase v8 ArcGIS","station_european_code;station_local_code",2,1,FALSE,TRUE,"FR","FRANCE"
883,"FR24015",8,2010,"day",25.48,"FR24015","FRANCE","Background","urban",6.919444,43.656944,0,0,100,0,0,2400,0,5.9369898,0.192818,1677920,75.1564026,143465,9.8421001,0,183,1,1.66352,4.11515,362,12.5886002,0,44063.69922,23875.80078,15259.90039,"FR24015",6.91949462857715,43.6569213865677,"EEA AirBase v8 ArcGIS","station_european_code;station_local_code",2,1,FALSE,TRUE,"FR","FRANCE"
884,"FR24020",8,2010,"day",27.572,"FR24020","FRANCE","Background","urban",7.157778,43.658337,0,0,0,0,200,2100,0,0,0.0075404,1258440,34.0553017,119554,8.2017498,0,74,0,1.9715,2.6152201,13,0,0,31207.5,20393.90039,17344.59961,"FR24020",7.15789794960281,43.6583251955946,"EEA AirBase v8 ArcGIS","station_european_code;station_local_code",2,1,FALSE,TRUE,"FR","FRANCE"
885,"FR24023",8,2010,"day",20.675,"FR24023","FRANCE","Industrial","rural",7.331392,43.793331,0,500,1100,0,200,0,0,71.2437973,0.29946,1964940,100.9909973,0,0,0,56,0,1.28764,3.9111199,225,12.8115997,0,19388,46259.30078,7671.629883,"FR24023",7.33148193352421,43.7932739259628,"EEA AirBase v8 ArcGIS","station_european_code;station_local_code",2,1,FALSE,TRUE,"FR","FRANCE"
886,"FR24030",8,2010,"day",19.141,"FR24030","FRANCE","Background","rural",7.204444,43.651112,0,0,0,0,0,0,0,0,0.0035906,1103900,17.6147995,0,0,0,0,0,1.9980299,2,0,0,0,40123.89844,138778,583.7109985,"FR24030",7.20452880879024,43.6511230470551,"EEA AirBase v8 ArcGIS","station_european_code;station_local_code",2,1,FALSE,TRUE,"FR","FRANCE"
887,"FR24033",8,2010,"day",32.92,"FR24033","FRANCE","Background","urban",6.073056,44.555214,0,0,0,0,0,2700,0,0,0.130587,1349920,12.1419001,92032.60156,4.7083802,0,0,0,1.6723599,5.1227198,743,6.74332,0,26645.59961,24870.59961,20888.5,"FR24033",6.07312011744173,44.5552978515043,"EEA AirBase v8 ArcGIS","station_european_code;station_local_code",2,1,FALSE,TRUE,"FR","FRANCE"
888,"FR25037",8,2010,"day",47.331,"FR25037","FRANCE","Traffic","urban",1.082656,49.441464,0,0,0,0,0,1300,0,0,0,2236830,157.0110016,45310.5,2.7358401,0,96,55,1.9785,4.4109402,7,11.3451996,3.3721001,73716,79088.5,16343.90039,"FR25037",1.08270263671815,49.4415283203374,"EEA AirBase v8 ArcGIS","station_european_code;station_local_code",2,1,FALSE,TRUE,"FR","FRANCE"
889,"FR25039",8,2010,"day",20.311,"FR25039","FRANCE","Background","urban",1.148319,49.021332,0,0,0,0,0,2900,0,0,0.119436,587805,12.4708996,59886.89844,3.5849299,0,11,0,1.9723099,4.7744899,72,11.5372,3.3050599,46344.60156,15419.7998,25641.59961,"FR25039",1.14831542966171,49.0214843750403,"EEA AirBase v8 ArcGIS","station_european_code;station_local_code",2,1,FALSE,TRUE,"FR","FRANCE"
890,"FR26001",8,2010,"day",30.904,"FR26001","FRANCE","Background","urban",5.041389,47.318611,0,0,0,0,400,2000,0,0,0.001732,1732540,73.3656006,65369.30078,4.0111899,0,100,0,2.00423,5.6036201,245,11.1134996,3.55497,60445,84560,19137.40039,"FR26001",5.04150390646516,47.3187255857742,"EEA AirBase v8 ArcGIS","station_european_code;station_local_code",2,1,FALSE,TRUE,"FR","FRANCE"
891,"FR26002",8,2010,"day",26.755,"FR26002","FRANCE","Background","urban",5.02,47.304164,0,0,0,0,0,2100,0,0,0.0225161,2792110,102.8150024,87159,5.3482599,0,83,0,1.9997801,5.6033201,239,11.1026001,3.5546,46448.30078,161659,16594.09961,"FR26002",5.02008056646416,47.3040771487083,"EEA AirBase v8 ArcGIS","station_european_code;station_local_code",2,1,FALSE,TRUE,"FR","FRANCE"
892,"FR26007",8,2010,"day",19.393,"FR26007","FRANCE","Background","urban",5.046944,47.341389,0,0,0,0,0,2000,0,0,0.001732,2928130,96.615303,79895.79688,4.9025698,0,0,0,2.0041001,5.6022501,250,11.0769997,3.5559101,46863,168623,17636.40039,"FR26007",5.04687500002424,47.3414916991343,"EEA AirBase v8 ArcGIS","station_european_code;station_local_code",2,1,FALSE,TRUE,"FR","FRANCE"
893,"FR26010",8,2010,"day",14.388,"FR26010","FRANCE","Background","suburban",5.002222,47.345553,0,500,0,0,400,1700,0,0,0.314071,493988,22.2164001,50842.80078,3.1198201,0,0,0,1.95749,5.59902,334,10.9787998,3.5890601,28926.5,36311.10156,13216.90039,"FR26010",5.00231933627968,47.3457031251638,"EEA AirBase v8 ArcGIS","station_european_code;station_local_code",2,1,FALSE,TRUE,"FR","FRANCE"
894,"FR26014",8,2010,"day",45.426,"FR26014","FRANCE","Traffic","urban",5.058333,47.340278,0,0,0,100,1000,900,0,0,0.0311762,3157230,150.8650055,21789.80078,1.33706,0,0,0,2.0041599,5.6029601,248,11.1000996,3.55562,49662.39844,171607,11924.40039,"FR26014",5.058288574511,47.3402709958406,"EEA AirBase v8 ArcGIS","station_european_code;station_local_code",2,1,FALSE,TRUE,"FR","FRANCE"
895,"FR26016",8,2010,"day",17.773,"FR26016","FRANCE","Background","urban",3.277222,48.200556,0,0,0,0,0,2300,0,0,0.122283,1829360,104.2320023,54741.60156,3.1409199,0,0,0,1.95684,5.3744202,68,11.9328003,3.11746,43337.89844,84560,17553,"FR26016",3.27728271482575,48.2006835937781,"EEA AirBase v8 ArcGIS","station_european_code;station_local_code",2,1,FALSE,TRUE,"FR","FRANCE"
896,"FR26017",8,2010,"day",16.079,"FR26017","FRANCE","Background","urban",3.170833,46.996669,0,0,0,0,500,2100,0,0,0.0420278,1500780,93.4234009,39696.19922,2.1938801,0,0,0,2.00193,5.5193701,178,11.9967003,2.6729901,50388.10156,82570.39844,21972.5,"FR26017",3.17089843732317,46.9967041015013,"EEA AirBase v8 ArcGIS","station_european_code;station_local_code",2,1,FALSE,TRUE,"FR","FRANCE"
897,"FR27003",8,2010,"day",20.931,"FR27003","FRANCE","Industrial","suburban",4.766528,45.454519,0,0,0,0,0,2200,0,0,0.422572,953268,54.1763,100909,6.34304,0,63,0,1.82853,5.3365202,145,11.5244999,2.39694,23949.90039,42777.39844,11299,"FR27003",4.76647949176623,45.4545288082803,"EEA AirBase v8 ArcGIS","station_european_code;station_local_code",2,1,FALSE,TRUE,"FR","FRANCE"
898,"FR27005",8,2010,"day",15.456,"FR27005","FRANCE","Background","rural",4.772867,45.319636,0,0,0,0,0,2700,0,0,0.299869,209509,0,109318,6.8716302,0,0,2,1.8148299,5.3067799,136,11.5501003,2.5307801,16485,8456,7713.319824,"FR27005",4.77288818349594,45.3197021485243,"EEA AirBase v8 ArcGIS","station_european_code;station_local_code",2,1,FALSE,TRUE,"FR","FRANCE"
899,"FR27007",8,2010,"day",17.231,"FR27007","FRANCE","Background","urban",5.270872,45.608219,0,0,0,0,0,2900,0,0,0.243381,2377930,113.4319992,109318,6.8716302,0,0,0,1.92349,5.3850002,226,11.7280998,0.684662,21461.59961,89534.10156,8380.419922,"FR27007",5.27087402321691,45.6082763672021,"EEA AirBase v8 ArcGIS","station_european_code;station_local_code",2,1,FALSE,TRUE,"FR","FRANCE"
900,"FR28002",8,2010,"day",29.622,"FR28002","FRANCE","Background","suburban",2.840897,50.432164,0,0,0,200,300,1800,0,0,0.116444,2505330,99.7335968,57163.39844,3.2186699,0,100,20,2.00402,4.8769598,29,11.4448996,3.45504,45618.89844,145244,15801.90039,"FR28002",2.84088134742985,50.4323120116479,"EEA AirBase v8 ArcGIS","station_european_code;station_local_code",2,1,FALSE,TRUE,"FR","FRANCE"
901,"FR28010",8,2010,"day",24.645,"FR28010","FRANCE","Background","suburban",2.9,50.449456,0,1200,0,100,600,2000,0,0,0.650441,1444440,36.7075005,44460.39844,2.5034101,0,104,0,1.99746,4.8757801,37,11.4933004,2.2869401,33384.69922,81575.5,13091.7998,"FR28010",2.90008544954203,50.4495239259764,"EEA AirBase v8 ArcGIS","station_european_code;station_local_code",2,1,FALSE,TRUE,"FR","FRANCE"
902,"FR28020",8,2010,"day",19.323,"FR28020","FRANCE","Background","suburban",2.6613,50.483925,0,100,0,0,0,2900,0,0,0.69396,693658,38.092701,82569.39844,4.6491899,0,0,0,1.99014,4.8147502,28,11.3670998,3.4816201,35458.30078,60186.80078,12424.7002,"FR28020",2.6613159177144,50.4838867186461,"EEA AirBase v8 ArcGIS","station_european_code;station_local_code",2,1,FALSE,TRUE,"FR","FRANCE"
903,"FR28029",8,2010,"day",30.903,"FR28029","FRANCE","Industrial","unknown",3.04585,50.339889,0,400,0,0,500,1700,0,0,0.775748,1719180,136.9790039,50811.89844,2.8610401,0,0,0,2.00384,4.9509301,34,11.4800997,2.2963901,33177.39844,105949,8755.660156,"FR28029",3.04589843776475,50.3399047854426,"EEA AirBase v8 ArcGIS","station_european_code;station_local_code",2,1,FALSE,TRUE,"FR","FRANCE"
904,"FR29424",8,2010,"day",22.443,"FR29424","FRANCE","Background","urban",4.395422,45.420089,0,0,0,0,300,2300,0,0,0.0660571,2309070,125.4049988,67592.70313,4.1086798,0,99,0,1.7505,5.3182602,555,10.2777996,2.3756599,38672.39844,81078.10156,20012.90039,"FR29424",4.39550781281122,45.4201049804977,"EEA AirBase v8 ArcGIS","station_european_code;station_local_code",2,1,FALSE,TRUE,"FR","FRANCE"
905,"FR29439",8,2010,"day",18.704,"FR29439","FRANCE","Background","suburban",4.429667,45.481778,100,100,0,0,0,2800,0,0,0.265408,3004820,173.5740051,81111.29688,4.9304199,0,78,0,1.88921,5.3327999,512,10.5838003,2.3650999,21980,110425,11132.2002,"FR29439",4.42968750023957,45.4816894530385,"EEA AirBase v8 ArcGIS","station_european_code;station_local_code",2,1,FALSE,TRUE,"FR","FRANCE"
906,"FR30016",8,2010,"day",34.538,"FR30016","FRANCE","Background","urban",6.175111,48.685856,0,0,0,100,0,1800,0,0,0,1615400,78.9056015,68529.89844,4.27667,0,82,15,1.9999599,5.4682798,213,10.9021997,1.97045,68532,87047.10156,20138,"FR30016",6.17510986352388,48.6859130860624,"EEA AirBase v8 ArcGIS","station_european_code;station_local_code",2,1,FALSE,TRUE,"FR","FRANCE"
907,"FR30018",8,2010,"day",20.958,"FR30018","FRANCE","Background","suburban",6.585836,48.024606,0,1300,0,0,1300,300,0,7.7537098,0.375636,832525,75.7916031,0,0,0,0,0,1.72574,5.5722899,381,9.3745098,3.42592,32347.90039,27357.59961,13467,"FR30018",6.58587646489936,48.0247192380939,"EEA AirBase v8 ArcGIS","station_european_code;station_local_code",2,1,FALSE,TRUE,"FR","FRANCE"
908,"FR30019",8,2010,"day",18.556,"FR30019","FRANCE","Background","suburban",6.452811,48.172778,0,100,0,500,0,2400,0,0,0.195019,1444180,63.1596985,57993,3.1410899,0,0,0,1.8619601,5.54952,327,10.2797003,3.6380501,31829.5,67648,18720.40039,"FR30019",6.45288085923769,48.1729125974364,"EEA AirBase v8 ArcGIS","station_european_code;station_local_code",2,1,FALSE,TRUE,"FR","FRANCE"
909,"FR30022",8,2010,"day",21.204,"FR30022","FRANCE","Background","suburban",6.872778,48.071669,0,200,0,0,0,2900,0,0,0.448844,0,0,57993,3.1410899,0,0,0,1.60613,5.5774698,664,8.6853104,3.2386501,24157.30078,0,12508.09961,"FR30022",6.87292480452337,48.0717163086776,"EEA AirBase v8 ArcGIS","station_european_code;station_local_code",2,1,FALSE,TRUE,"FR","FRANCE"
910,"FR30023",8,2010,"day",21.87,"FR30023","FRANCE","Background","urban",6.304828,48.633339,0,300,0,0,500,1700,0,0,0.434473,403851,35.480999,68529.89844,4.27667,0,224,0,1.95564,5.4818501,206,10.9039001,2.9269199,25608.80078,34321.39844,11173.90039,"FR30023",6.30487060530473,48.6334838869613,"EEA AirBase v8 ArcGIS","station_european_code;station_local_code",2,1,FALSE,TRUE,"FR","FRANCE"
911,"FR30024",8,2010,"day",17.829,"FR30024","FRANCE","Background","suburban",6.221456,48.688383,0,0,0,0,200,0,0,0,0.117749,1378480,44.4836998,0,0,0,12,0,2.0015099,5.4700298,210,10.9120998,2.9549501,52669.10156,153700,10298.2998,"FR30024",6.22149658217669,48.6884765624942,"EEA AirBase v8 ArcGIS","station_european_code;station_local_code",2,1,FALSE,TRUE,"FR","FRANCE"
912,"FR30026",8,2010,"day",29.517,"FR30026","FRANCE","Traffic","rural",6.4839,48.584822,0,600,0,0,0,2800,0,8.1383801,0.348208,204618,14.2982998,111361,6.9495902,0,0,17,1.9960901,5.4969602,225,10.9221001,2.8573201,31933.19922,44269.60156,10923.7002,"FR30026",6.4838867188172,48.5848999022783,"EEA AirBase v8 ArcGIS","station_european_code;station_local_code",2,1,FALSE,TRUE,"FR","FRANCE"
913,"FR30028",8,2010,"day",4.812,"FR30028","FRANCE","Background","rural",7.011114,48.051117,0,1000,2500,0,0,0,0,224.8580017,0.977436,0,0,0,0,0,94,0,1.57043,5.5851998,1226,8.67659,3.1154599,19180.69922,0,0,"FR30028",7.01110839834313,48.0510864257078,"EEA AirBase v8 ArcGIS","station_european_code;station_local_code",2,1,FALSE,TRUE,"FR","FRANCE"
914,"FR30029",8,2010,"day",12.333,"FR30029","FRANCE","Background","rural",5.937222,48.193611,0,1300,400,900,0,1500,0,38.7686005,0.493248,458738,40.4221992,31227,1.69136,0,0,0,1.96341,5.52953,375,10.4860001,2.8473201,16174,23875.80078,7921.790039,"FR30029",5.93731689473321,48.1937255862368,"EEA AirBase v8 ArcGIS","station_european_code;station_local_code",2,1,FALSE,TRUE,"FR","FRANCE"
915,"FR30030",8,2010,"day",20.096,"FR30030","FRANCE","Background","urban",6.107672,48.614914,0,0,0,0,800,1500,0,0,0.319244,920781,84.7309036,42831.19922,2.67292,0,107,0,1.85526,5.4758401,220,10.8381996,1.96341,21669,92518.60156,12132.7998,"FR30030",6.10772705080577,48.6149291994223,"EEA AirBase v8 ArcGIS","station_european_code;station_local_code",2,1,FALSE,TRUE,"FR","FRANCE"
916,"FR30032",8,2010,"day",15.475,"FR30032","FRANCE","Industrial","urban",6.965275,48.694725,0,3800,0,0,0,2200,0,61.1795998,0.680271,260299,32.6212006,86664.60156,5.0060802,0,0,0,1.97712,5.5072198,280,10.6351995,2.7807801,25919.80078,42280,2334.840088,"FR30032",6.96527099589329,48.6947021486643,"EEA AirBase v8 ArcGIS","station_european_code;station_local_code",2,1,FALSE,TRUE,"FR","FRANCE"
917,"FR30033",8,2010,"day",9.944,"FR30033","FRANCE","Background","rural",5.785556,49.065831,0,5400,0,0,0,2200,0,50.3883018,0.690397,0,0,43099.10156,2.20754,0,0,0,2.0030701,5.3867898,216,10.8493004,2.0265901,12959.90039,0,1125.729981,"FR30033",5.78570556611742,49.0659179684637,"EEA AirBase v8 ArcGIS","station_european_code;station_local_code",2,1,FALSE,TRUE,"FR","FRANCE"
918,"FR30036",8,2010,"day",35.475,"FR30036","FRANCE","Traffic","urban",6.146119,48.696331,0,0,0,500,100,1900,0,0,0.113341,1620790,87.3787003,77096.20313,4.8112602,0,0,13,1.9109499,5.4653401,301,10.9088001,1.97747,45826.19922,143752,13842.2998,"FR30036",6.14611816425358,48.6962890623978,"EEA AirBase v8 ArcGIS","station_european_code;station_local_code",2,1,FALSE,TRUE,"FR","FRANCE"
919,"FR30037",8,2010,"day",20.31,"FR30037","FRANCE","Background","suburban",6.136022,48.656944,0,2500,0,100,800,100,0,97.6604996,0.335615,1233090,88.4377975,0,0,0,103,0,1.9690599,5.4707298,367,10.8759003,1.96373,25194.09961,83565.20313,4669.689941,"FR30037",6.13610839873941,48.6569213869188,"EEA AirBase v8 ArcGIS","station_european_code;station_local_code",2,1,FALSE,TRUE,"FR","FRANCE"
920,"FR31003",8,2010,"day",26.466,"FR31003","FRANCE","Traffic","urban",-0.543889,44.849722,0,0,0,0,100,1800,0,0,0.0092435,1634120,30.0188007,58494.80078,3.6967399,0,38,30,1.96286,4.33184,5,13.6451998,1.61066,59719.30078,155192,11924.40039,"FR31003",-0.543884277304463,44.8496704100747,"EEA AirBase v8 ArcGIS","station_european_code;station_local_code",2,1,FALSE,TRUE,"FR","FRANCE"
921,"FR31004",8,2010,"day",15.736,"FR31004","FRANCE","Background","urban",-0.525,44.835556,0,0,200,800,0,1900,0,57.2512016,0.15582,2279590,70.6324005,43871.10156,2.7725599,0,0,0,1.93698,4.36972,68,13.6352997,1.5897,43234.30078,104456,15968.7002,"FR31004",-0.525024413815681,44.835693359423,"EEA AirBase v8 ArcGIS","station_european_code;station_local_code",2,1,FALSE,TRUE,"FR","FRANCE"
922,"FR31005",8,2010,"day",43.005,"FR31005","FRANCE","Traffic","urban",-0.579722,44.841389,0,0,0,0,100,2400,0,0,0,1715820,45.4696007,87742.29688,5.5451102,0,193,0,1.99991,4.3404598,20,13.6515999,1.60351,72679.20313,58694.60156,19846.19922,"FR31005",-0.579711914240094,44.8414916989996,"EEA AirBase v8 ArcGIS","station_european_code;station_local_code",2,1,FALSE,TRUE,"FR","FRANCE"
923,"FR31006",8,2010,"day",35.447,"FR31006","FRANCE","Traffic","urban",-0.65,44.841389,0,0,0,300,200,2300,0,0,0.0092435,2067160,49.884201,80430.39844,5.0830202,0,110,0,2.0043001,4.3395801,37,13.6619997,1.61569,38983.39844,89534.10156,21430.5,"FR31006",-0.650024414272392,44.8414916989996,"EEA AirBase v8 ArcGIS","station_european_code;station_local_code",2,1,FALSE,TRUE,"FR","FRANCE"
924,"FR31007",8,2010,"day",19.929,"FR31007","FRANCE","Background","urban",-0.514722,44.900278,0,0,0,0,200,2500,0,0,0.100358,1936430,54.7401009,80430.39844,5.0830202,0,0,0,1.99529,4.23247,43,13.6437998,1.6557,29341.19922,132312,18803.80078,"FR31007",-0.514709472633195,44.9003295897955,"EEA AirBase v8 ArcGIS","station_european_code;station_local_code",2,1,FALSE,TRUE,"FR","FRANCE"
925,"FR31008",8,2010,"day",4.633,"FR31008","FRANCE","Background","rural",-0.939444,44.865556,0,2900,1600,0,0,300,0,744.2659912,1.62554,16341.2002,0,7311.859863,0.462093,0,0,0,2.0042601,4.27388,42,13.7953997,1.76255,7568.589844,994.822998,875.565979,"FR31008",-0.939392089873959,44.8654785156204,"EEA AirBase v8 ArcGIS","station_european_code;station_local_code",2,1,FALSE,TRUE,"FR","FRANCE"
926,"FR31010",8,2010,"day",9.347,"FR31010","FRANCE","Industrial","suburban",-0.528333,45.012222,0,100,0,0,0,1600,0,0,0.875495,187923,5.29743,58494.80078,3.6967399,0,0,0,1.99754,3.83213,5,13.6302004,2.5147901,12648.90039,15419.7998,4252.75,"FR31010",-0.5283203128302,45.0123291017031,"EEA AirBase v8 ArcGIS","station_european_code;station_local_code",2,1,FALSE,TRUE,"FR","FRANCE"
927,"FR31015",8,2010,"day",39.58,"FR31015","FRANCE","Traffic","urban",-0.366944,43.298611,0,0,0,0,300,2600,0,0,0.0454947,998622,26.3169003,66958.89844,4.26018,0,0,0,1.98206,4.9811301,218,13.1669998,1.1497,41264.39844,26860.19922,26392.09961,"FR31015",-0.366882324101198,43.2987060544933,"EEA AirBase v8 ArcGIS","station_european_code;station_local_code",2,1,FALSE,TRUE,"FR","FRANCE"
928,"FR31016",8,2010,"day",21.102,"FR31016","FRANCE","Background","urban",-1.488056,43.479721,0,0,0,200,400,1800,0,0,0.167503,3154380,102.5449982,60263,3.8341601,0,50,0,1.96091,3.7000101,27,14.5214005,0.840477,41160.69922,51233.39844,17011,"FR31016",-1.4879760742672,43.4796752929324,"EEA AirBase v8 ArcGIS","station_european_code;station_local_code",2,1,FALSE,TRUE,"FR","FRANCE"
929,"FR31018",8,2010,"day",16.324,"FR31018","FRANCE","Background","urban",-1.5525,43.461389,0,0,0,0,0,2900,0,0,0.162678,1553410,58.078701,87046.5,5.5382299,0,0,0,1.94353,3.2657399,64,14.5268002,1.72256,35354.60156,62176.5,14509.40039,"FR31018",-1.55249023480481,43.4614868161757,"EEA AirBase v8 ArcGIS","station_european_code;station_local_code",2,1,FALSE,TRUE,"FR","FRANCE"
930,"FR31019",8,2010,"day",9.339,"FR31019","FRANCE","Industrial","rural",-0.566944,43.359722,0,4000,0,0,0,1700,0,179.1609955,0.637615,1521710,39.9291,60263,3.8341601,0,61,0,1.92248,4.89256,120,13.5907001,0,20943.19922,73119.5,4753.069824,"FR31019",-0.566894531679014,43.3596801760393,"EEA AirBase v8 ArcGIS","station_european_code;station_local_code",2,1,FALSE,TRUE,"FR","FRANCE"
931,"FR31021",8,2010,"day",16.193,"FR31021","FRANCE","Background","rural",-0.536944,43.376111,0,2200,0,0,0,2100,0,104.5110016,0.694828,31702.30078,0,73654.79688,4.6861901,0,0,0,1.99496,4.9011102,122,13.5712004,0,19595.40039,42280,2334.840088,"FR31021",-0.536926269371787,43.3760986328134,"EEA AirBase v8 ArcGIS","station_european_code;station_local_code",2,1,FALSE,TRUE,"FR","FRANCE"
932,"FR31024",8,2010,"day",10.091,"FR31024","FRANCE","Industrial","rural",-0.609444,43.376944,0,3000,100,0,0,2300,0,89.5805969,0.484587,4327360,152.4570007,80350.60156,5.1122098,0,0,0,1.99622,4.8698502,108,13.6788998,0,21669,108933,6921.140137,"FR31024",-0.609374999980676,43.3770751954275,"EEA AirBase v8 ArcGIS","station_european_code;station_local_code",2,1,FALSE,TRUE,"FR","FRANCE"
933,"FR31032",8,2010,"day",13.027,"FR31032","FRANCE","Background","urban",0.623889,44.192222,0,0,0,0,0,2900,0,0,0.0739529,2537260,84.1612015,79818.20313,4.40763,0,0,0,1.98332,5.1343699,48,13.5999002,3.1215401,40642.30078,82570.39844,20054.59961,"FR31032",0.623901367182654,44.1923217772169,"EEA AirBase v8 ArcGIS","station_european_code;station_local_code",2,1,FALSE,TRUE,"FR","FRANCE"
934,"FR31033",8,2010,"day",14.133,"FR31033","FRANCE","Background","urban",0.727222,45.189722,0,1200,100,0,0,2100,0,79.9860001,0.169923,0,0,48185.60156,2.6471601,0,0,0,1.8896199,5.0233202,132,13.0131998,2.47047,28408.09961,9450.820313,24432.5,"FR31033",0.727294922237399,45.1896972653666,"EEA AirBase v8 ArcGIS","station_european_code;station_local_code",2,1,FALSE,TRUE,"FR","FRANCE"
935,"FR31036",8,2010,"day",16.682,"FR31036","FRANCE","Background","urban",-1.038611,43.704722,0,100,0,0,0,2900,0,0,0.202675,860187,38.2257996,53406.39844,2.97276,0,0,0,2.0039899,4.4995799,13,14.2269001,0.759604,42301.19922,23875.80078,17970,"FR31036",-1.03851318377559,43.7047119139883,"EEA AirBase v8 ArcGIS","station_european_code;station_local_code",2,1,FALSE,TRUE,"FR","FRANCE"
936,"FR32001",8,2010,"day",35.4,"FR32001","FRANCE","Traffic","suburban",4.8475,46.782503,0,0,0,0,500,1400,0,0,0.103176,2490230,105.4629974,24741.40039,1.38816,0,124,28,2.0022399,5.5595899,180,11.8177004,2.4521,47381.39844,105949,16552.40039,"FR32001",4.84747314468139,46.7824707033416,"EEA AirBase v8 ArcGIS","station_european_code;station_local_code",2,1,FALSE,TRUE,"FR","FRANCE"
937,"FR32007",8,2010,"day",21.704,"FR32007","FRANCE","Background","suburban",4.4175,46.802225,0,0,0,700,0,2200,0,0,0.254181,1464840,80.8097,45359.19922,2.54496,0,0,0,1.87705,5.5576501,372,11.0669003,3.3199899,28097.09961,61181.60156,17678.09961,"FR32007",4.41748046901516,46.8023071291043,"EEA AirBase v8 ArcGIS","station_european_code;station_local_code",2,1,FALSE,TRUE,"FR","FRANCE"
938,"FR32014",8,2010,"day",26.41,"FR32014","FRANCE","Background","urban",4.853889,46.797222,0,0,0,1000,0,1900,0,0,0.0676451,2848300,96.5606995,28865,1.6195199,0,0,0,2.0029199,5.5616202,186,11.7973003,2.4521501,39501.80078,134301,19012.30078,"FR32014",4.85388183551276,46.7973022462119,"EEA AirBase v8 ArcGIS","station_european_code;station_local_code",2,1,FALSE,TRUE,"FR","FRANCE"
939,"FR33102",8,2010,"day",22.598,"FR33102","FRANCE","Background","suburban",5.918611,45.596667,0,100,0,0,100,2300,0,0,0.148761,2383600,28.8722,99875.79688,5.6991901,0,0,0,1.4857,5.3737502,369,9.7806501,0,29756,48248.89844,11966.09961,"FR33102",5.91870117177909,45.5966796871965,"EEA AirBase v8 ArcGIS","station_european_code;station_local_code",2,1,FALSE,TRUE,"FR","FRANCE"
940,"FR33112",8,2010,"day",32.737,"FR33112","FRANCE","Traffic","urban",6.412222,45.249167,0,1100,0,0,0,1000,0,0,0.206601,161850,8.1202898,45398.10156,2.5905399,0,0,0,0.691715,5.2670102,648,2.4319899,0.790623,37220.89844,43274.80078,3877.51001,"FR33112",6.4122924800796,45.2490844723581,"EEA AirBase v8 ArcGIS","station_european_code;station_local_code",2,1,FALSE,TRUE,"FR","FRANCE"
941,"FR33120",8,2010,"day",29.229,"FR33120","FRANCE","Background","rural",6.87,45.9225,0,200,0,0,0,2900,0,0,0.372441,0,0,80530.60156,4.93156,0,0,0,0.401623,5.3404598,1040,2.10098,0.780371,16381.2998,0,11424.09961,"FR33120",6.8701171874765,45.9224853516899,"EEA AirBase v8 ArcGIS","station_european_code;station_local_code",2,1,FALSE,TRUE,"FR","FRANCE"
942,"FR33202",8,2010,"day",24.991,"FR33202","FRANCE","Background","suburban",6.135556,45.916944,0,0,0,0,0,2900,0,0,0.0508872,1341760,71.2310028,80530.60156,4.93156,0,0,0,1.85973,5.40976,461,9.1594296,0.459323,46552,53720.5,24599.19922,"FR33202",6.13568115190546,45.9168701174296,"EEA AirBase v8 ArcGIS","station_european_code;station_local_code",2,1,FALSE,TRUE,"FR","FRANCE"
943,"FR33211",8,2010,"day",25.168,"FR33211","FRANCE","Background","suburban",6.240556,46.195833,0,0,0,0,0,2900,0,0,0.0175473,868952,40.2109985,80530.60156,4.93156,0,21,0,1.89204,5.4366202,439,9.6213703,1.08555,47588.80078,23378.40039,23431.80078,"FR33211",6.24047851593279,46.1959228516135,"EEA AirBase v8 ArcGIS","station_european_code;station_local_code",2,1,FALSE,TRUE,"FR","FRANCE"
944,"FR33220",8,2010,"day",33.865,"FR33220","FRANCE","Background","urban",6.713611,45.923611,0,800,100,0,0,2600,0,31.4803009,0.254436,1610120,141.3130035,80530.60156,4.93156,0,0,0,0.539895,5.3551102,589,3.26581,0.794187,37428.19922,37305.89844,12341.2998,"FR33220",6.71368408240291,45.9237060548778,"EEA AirBase v8 ArcGIS","station_european_code;station_local_code",2,1,FALSE,TRUE,"FR","FRANCE"
945,"FR33232",8,2010,"day",49.116,"FR33232","FRANCE","Traffic","urban",6.845833,45.907222,0,100,400,0,0,2100,0,41.9737015,0.393498,0,0,43362.69922,2.6554501,25,0,0,0.522857,5.3399801,1048,2.25125,0.785754,18351.19922,3481.879883,8839.049805,"FR33232",6.84588623042866,45.9072875974036,"EEA AirBase v8 ArcGIS","station_european_code;station_local_code",2,1,FALSE,TRUE,"FR","FRANCE"
946,"FR33303",8,2010,"day",19.184,"FR33303","FRANCE","Background","urban",6.1125,46.255833,0,800,0,0,0,2900,0,0,0.157774,128639,3.9486401,54036.19922,3.3486099,0,0,0,1.93934,5.45473,421,0,1.14223,21772.69922,8456,9881.389648,"FR33303",6.1124877930282,46.2559204099816,"EEA AirBase v8 ArcGIS","station_european_code;station_local_code",2,1,FALSE,TRUE,"FR","FRANCE"
947,"FR34011",8,2010,"day",22.318,"FR34011","FRANCE","Background","urban",1.910625,47.902004,0,0,0,0,900,1700,0,0,0.0104884,1367970,64.018898,27471.5,1.71074,0,1,0,2.0007801,5.2898102,116,12.2250004,2.08447,51736,80580.70313,16594.09961,"FR34011",1.91070556633244,47.9020996092226,"EEA AirBase v8 ArcGIS","station_european_code;station_local_code",2,1,FALSE,TRUE,"FR","FRANCE"
948,"FR34013",8,2010,"day",41.931,"FR34013","FRANCE","Traffic","urban",1.900361,47.905972,0,0,0,0,100,2300,0,0,0.0188791,1632940,77.9585037,68678.70313,4.2768502,0,29,0,2.00085,5.2881899,120,12.2264996,2.07547,47277.80078,103959,16510.69922,"FR34013",1.90051269541726,47.9061279294958,"EEA AirBase v8 ArcGIS","station_european_code;station_local_code",2,1,FALSE,TRUE,"FR","FRANCE"
949,"FR34024",8,2010,"day",17.915,"FR34024","FRANCE","Background","urban",0.653322,47.344501,0,0,0,0,100,2500,0,0,0.1668,2231390,113.1620026,84921,4.8257699,0,0,0,2.0039501,5.24649,90,12.5965996,2.03637,32244.30078,98487.5,15468.2998,"FR34024",0.65332031238858,47.3444824218585,"EEA AirBase v8 ArcGIS","station_european_code;station_local_code",2,1,FALSE,TRUE,"FR","FRANCE"
950,"FR34025",8,2010,"day",21.578,"FR34025","FRANCE","Background","urban",0.684139,47.419339,0,0,0,0,400,2300,0,0,0.0458052,3225200,99.264801,56614,3.21718,0,83,0,1.9918801,5.26369,103,12.5188999,2.06023,35354.60156,127337,20304.80078,"FR34025",0.684082031433468,47.4193115236117,"EEA AirBase v8 ArcGIS","station_european_code;station_local_code",2,1,FALSE,TRUE,"FR","FRANCE"
951,"FR34031",8,2010,"day",15.71,"FR34031","FRANCE","Background","urban",2.410869,47.098083,0,0,0,0,0,2900,0,0,0.155909,969678,22.2756004,65339.30078,3.58529,0,0,0,2.0036199,5.4520302,147,12.2820997,2.87236,36391.39844,77596.20313,21472.19922,"FR34031",2.41088867176365,47.0980834957998,"EEA AirBase v8 ArcGIS","station_european_code;station_local_code",2,1,FALSE,TRUE,"FR","FRANCE"
952,"FR34041",8,2010,"day",18.318,"FR34041","FRANCE","Background","urban",1.509278,48.444832,0,0,0,0,0,2900,0,0,0.0813053,1777010,81.7313004,64938.10156,3.9477999,0,0,0,2.0032001,5.1055698,148,11.6596003,2.2120299,48418.19922,128332,18720.40039,"FR34041",1.50927734400085,48.4448852539931,"EEA AirBase v8 ArcGIS","station_european_code;station_local_code",2,1,FALSE,TRUE,"FR","FRANCE"
953,"FR34051",8,2010,"day",13.117,"FR34051","FRANCE","Background","urban",1.69382,46.798332,0,0,0,0,600,2000,0,0,0.138473,1205000,109.7910004,36737.39844,1.90891,0,116,0,2.0042801,5.3464398,159,12.5709,3.88626,32866.30078,96497.89844,16302.2002,"FR34051",1.69390869160707,46.7982788084173,"EEA AirBase v8 ArcGIS","station_european_code;station_local_code",2,1,FALSE,TRUE,"FR","FRANCE"
954,"FR34052",8,2010,"day",14.496,"FR34052","FRANCE","Background","urban",1.704839,46.825169,0,2200,0,0,0,2500,0,31.5193996,0.209979,626411,17.8169994,62978.39844,3.2724199,0,83,0,2.0036399,5.3492298,144,12.5657997,3.8864999,25090.40039,57699.80078,18803.80078,"FR34052",1.70489501925991,46.8253173830607,"EEA AirBase v8 ArcGIS","station_european_code;station_local_code",2,1,FALSE,TRUE,"FR","FRANCE"
955,"FR34061",8,2010,"day",14.847,"FR34061","FRANCE","Background","urban",1.303647,47.594582,0,0,0,0,0,2900,0,0,0.259576,1578330,42.1175003,67222.10156,3.6986799,0,0,0,1.99572,5.3228898,112,12.4294004,2.05492,27578.69922,62176.5,18762.09961,"FR34061",1.30371093746297,47.5947265626105,"EEA AirBase v8 ArcGIS","station_european_code;station_local_code",2,1,FALSE,TRUE,"FR","FRANCE"
956,"FR34062",8,2010,"day",18.195,"FR34062","FRANCE","Background","urban",1.333817,47.594606,0,0,0,0,0,2900,0,0,0.0344801,1648090,67.1025009,67222.10156,3.6986799,0,0,0,1.98422,5.32412,109,12.4422998,2.0655401,39709.19922,61679.10156,21722.40039,"FR34062",1.33392333940656,47.5947265626105,"EEA AirBase v8 ArcGIS","station_european_code;station_local_code",2,1,FALSE,TRUE,"FR","FRANCE"
957,"FR35004",8,2010,"day",18.326,"FR35004","FRANCE","Background","urban",1.537222,45.158744,0,0,0,0,0,2900,0,0,0.0315633,255147,0,71587.70313,3.9008501,0,135,0,1.92381,5.2269802,114,12.4469004,3.2069399,35665.69922,13430.09961,28226.59961,"FR35004",1.53729248023419,45.1588745115878,"EEA AirBase v8 ArcGIS","station_european_code;station_local_code",2,1,FALSE,TRUE,"FR","FRANCE"
958,"FR36002",8,2010,"day",24.985,"FR36002","FRANCE","Background","urban",4.89348,44.933502,0,0,0,0,0,2800,0,0,0.0106404,1058060,43.0409012,101447,6.0292101,0,123,0,1.98946,5.2181301,132,12.3706999,1.72401,50491.80078,36808.5,22556.30078,"FR36002",4.89349365253219,44.933471679672,"EEA AirBase v8 ArcGIS","station_european_code;station_local_code",2,1,FALSE,TRUE,"FR","FRANCE"
959,"FR36005",8,2010,"day",3.892,"FR36005","FRANCE","Background","rural",5.089869,44.520718,0,5400,300,0,0,0,0,377.9989929,0.620583,0,0,0,0,0,0,0,1.56651,5.08355,447,11.6815996,0,10990,0,2209.76001,"FR36005",5.08990478542717,44.5208740236617,"EEA AirBase v8 ArcGIS","station_european_code;station_local_code",2,1,FALSE,TRUE,"FR","FRANCE"
960,"FR41001",8,2010,"day",20.856,"FR41001","FRANCE","Background","urban",8.735692,41.924686,0,0,0,0,100,2200,0,0,0.0148807,2695690,29.6879005,70464.10156,4.2294002,0,139,0,1.78405,2.6020601,33,14.3374996,0.680809,28822.80078,21886.09961,13675.5,"FR41001",8.7357177738614,41.9246826169368,"EEA AirBase v8 ArcGIS","station_european_code;station_local_code",2,1,FALSE,TRUE,"FR","FRANCE"
961,"FR41003",8,2010,"day",9.355,"FR41003","FRANCE","Industrial","rural",8.820278,41.964442,0,3900,100,0,0,200,0,64.971199,0.0750021,4298530,52.5247002,5872.009766,0.35245,0,0,0,1.84053,3.7428601,20,13.1847,0.614565,15862.90039,52725.60156,2626.699951,"FR41003",8.82031249966272,41.9644775390907,"EEA AirBase v8 ArcGIS","station_european_code;station_local_code",2,1,FALSE,TRUE,"FR","FRANCE"
962,"FR41004",8,2010,"day",15.894,"FR41004","FRANCE","Industrial","rural",9.475978,42.535825,0,6000,700,0,0,500,0,148.2960052,0.167875,1990750,37.6371002,16366.2998,1.06982,0,0,0,1.91164,3.6721001,6,15.9777002,2.4653299,28719.19922,63171.30078,2001.290039,"FR41004",9.4760742191945,42.5358886720416,"EEA AirBase v8 ArcGIS","station_european_code;station_local_code",2,1,FALSE,TRUE,"FR","FRANCE"
963,"FR41005",8,2010,"day",6.832,"FR41005","FRANCE","Background","rural",8.804431,41.896078,0,700,600,200,0,1400,0,18.5632,0.0474643,582851,9.8959599,52848.10156,3.17205,0,47,0,1.79466,2.3010299,6,14.0481997,0.691875,12648.90039,10445.59961,7254.689941,"FR41005",8.8045043946538,41.8961181639943,"EEA AirBase v8 ArcGIS","station_european_code;station_local_code",2,1,FALSE,TRUE,"FR","FRANCE"
964,"FR41017",8,2010,"day",8.824,"FR41017","FRANCE","Background","suburban",9.434644,42.671336,0,1900,100,0,0,2400,0,30.8950005,0.0560139,3317910,51.9390984,65465.19922,4.2792902,0,0,0,1.75137,2.9771199,39,16.3132992,2.7871399,24986.69922,29347.30078,15760.2002,"FR41017",9.43469238240049,42.671325683846,"EEA AirBase v8 ArcGIS","station_european_code;station_local_code",2,1,FALSE,TRUE,"FR","FRANCE"
965,"FR41020",8,2010,"day",40.848,"FR41020","FRANCE","Traffic","urban",9.451769,42.700097,0,0,0,0,0,1900,0,0,0.0201717,104776,2.25822,49098.89844,3.20947,0,0,22,1.66082,0,9,0,2.94209,25608.80078,994.822998,13967.40039,"FR41020",9.45190429728032,42.7000732423011,"EEA AirBase v8 ArcGIS","station_european_code;station_local_code",2,1,FALSE,TRUE,"FR","FRANCE"
966,"FR41022",8,2010,"day",37.876,"FR41022","FRANCE","Traffic","urban",8.7365,41.918172,0,0,0,0,500,1500,0,0,0.0082956,1274990,21.3143997,41104.10156,2.46715,0,216,14,1.80011,2.3010299,16,0,0.685031,21772.69922,9948.230469,9422.759766,"FR41022",8.73651123059903,41.9182739258845,"EEA AirBase v8 ArcGIS","station_european_code;station_local_code",2,1,FALSE,TRUE,"FR","FRANCE"
967,"GB0002R",8,2010,"day",2.975,"GB0002R","UNITED KINGDOM","Background","rural",-3.206873,55.313342,0,700,2900,0,0,0,0,299.375,0.213561,0,0,0,0,0,0,0,1.85347,4.5744901,252,7.99507,2.40505,9993.580078,0,48.512001,"GB0002R",-3.20678710939245,55.313476562354,"EEA AirBase v8 ArcGIS","station_european_code",1,1,FALSE,TRUE,"GB","UNITED KINGDOM"
968,"GB0013R",8,2010,"day",4.954,"GB0013R","UNITED KINGDOM","Background","rural",-3.71651,50.5976,0,1800,2100,0,0,0,0,620.940979,0.757125,0,0,0,0,0,0,0,1.80468,4.0590301,117,10.835,1.45679,21210.90039,0,48.512001,"GB0013R",-3.71649169926853,50.5977172850785,"EEA AirBase v8 ArcGIS","station_european_code",1,1,FALSE,TRUE,"GB","UNITED KINGDOM"
969,"GB0014R",8,2010,"day",6.051,"GB0014R","UNITED KINGDOM","Background","rural",-0.80855,54.334944,0,900,2500,0,0,0,0,738.9329834,0.802193,0,0,0,0,0,0,0,1.96907,4.3117499,265,9.4940205,2.6811399,1631.599976,0,0,"GB0014R",-0.808410644521532,54.3350830077813,"EEA AirBase v8 ArcGIS","station_european_code",1,1,FALSE,TRUE,"GB","UNITED KINGDOM"
970,"GB0031R",8,2010,"day",6.099,"GB0031R","UNITED KINGDOM","Background","rural",-3.034178,52.50385,0,7500,0,0,0,0,0,453.6839905,0.545684,0,0,0,0,0,0,0,1.8607399,4.7857299,375,9.8525696,4.96911,8973.820313,0,0,"GB0031R",-3.03417968760965,52.5039062498323,"EEA AirBase v8 ArcGIS","station_european_code",1,1,FALSE,TRUE,"GB","UNITED KINGDOM"
971,"GB0033R",8,2010,"day",8.691,"GB0033R","UNITED KINGDOM","Background","rural",-3.205782,55.862281,0,3200,800,0,300,100,0,432.1220093,0.417909,323730,26.6382999,15372.40039,0.404989,0,0,0,1.9514,4.0722098,190,8.4896603,2.4726,38342.69922,144228,1358.339966,"GB0033R",-3.20581054725382,55.8623046876251,"EEA AirBase v8 ArcGIS","station_european_code",1,1,FALSE,TRUE,"GB","UNITED KINGDOM"
972,"GB0034R",8,2010,"day",19.304,"GB0034R","UNITED KINGDOM","Background","suburban",-2.472056,53.46008,0,8000,0,0,0,0,0,1082.880005,1.56164,0,0,0,0,0,0,0,2.0043199,4.09163,24,10.0967999,2.4640801,8769.870117,0,145.5359955,"GB0034R",-2.47198486301941,53.4600830080533,"EEA AirBase v8 ArcGIS","station_european_code",1,1,FALSE,TRUE,"GB","UNITED KINGDOM"
973,"GB0036R",8,2010,"day",11.945,"GB0036R","UNITED KINGDOM","Background","rural",-1.325286,51.571078,0,2600,0,0,1300,0,0,54.9780998,0.428555,2833240,285.7690125,0,0,0,0,0,1.99292,4.8580198,125,10.9666996,2.50967,8158.02002,365376,776.1920166,"GB0036R",-1.32519531259763,51.571105956857,"EEA AirBase v8 ArcGIS","station_european_code",1,1,FALSE,TRUE,"GB","UNITED KINGDOM"
974,"GB0037R",8,2010,"day",9.869,"GB0037R","UNITED KINGDOM","Background","rural",-1.752006,53.40337,0,600,2100,0,0,0,100,808.7290039,0.563059,0,0,0,0,0,0,0,1.65186,4.7560401,364,9.1354599,5.1347399,8158.02002,0,97.0240021,"GB0037R",-1.75201416041498,53.4035034181051,"EEA AirBase v8 ArcGIS","station_european_code",1,1,FALSE,TRUE,"GB","UNITED KINGDOM"
975,"GB0038R",8,2010,"day",10.316,"GB0038R","UNITED KINGDOM","Background","rural",0.18125,50.7937,0,4000,1800,0,0,0,0,608.2369995,0.678967,0,0,0,0,0,0,0,1.8475699,3.6277599,112,11.8080997,1.61532,8973.820313,0,0,"GB0038R",0.181274414356379,50.7937011720294,"EEA AirBase v8 ArcGIS","station_european_code",1,1,FALSE,TRUE,"GB","UNITED KINGDOM"
976,"GB0045R",8,2010,"day",11.14,"GB0045R","UNITED KINGDOM","Background","rural",0.290917,52.2985,0,8000,0,0,0,100,0,495.4219971,1.49791,0,0,15368.40039,0.8161,0,0,0,2.0043199,4.6545401,1,11.0941,5.0425901,4894.810059,0,97.0240021,"GB0045R",0.290893554841497,52.298522949368,"EEA AirBase v8 ArcGIS","station_european_code",1,1,FALSE,TRUE,"GB","UNITED KINGDOM"
979,"GB0421A",8,2010,"day",27.619,"GB0421A","UNITED KINGDOM","Industrial","urban",-1.275039,54.60537,0,2000,0,0,700,900,0,114.1230011,0.208121,3161340,215.6519928,75425.60156,2.81637,0,0,0,2.0043199,3.5976701,12,9.8051395,1.28714,45073.10156,415055,15378.2998,"GB0421A",-1.27502441386102,54.6052856443879,"EEA AirBase v8 ArcGIS","station_european_code",1,1,FALSE,TRUE,"GB","UNITED KINGDOM"
980,"GB0452A",8,2010,"day",48.784,"GB0452A","UNITED KINGDOM","Background","urban",-4.245959,55.860414,0,0,0,0,0,2900,0,0,0,56945.69922,0,252104,19.3761997,0,1,0,1.99816,3.4340301,23,8.7312498,1.18796,110337,3205.060059,30126,"GB0452A",-4.24591064450467,55.8604736327498,"EEA AirBase v8 ArcGIS","station_european_code",1,1,FALSE,TRUE,"GB","UNITED KINGDOM"
981,"GB0538A",8,2010,"day",35.203,"GB0538A","UNITED KINGDOM","Industrial","urban",-1.396139,53.41058,0,0,0,100,200,1700,0,0,0.190692,5539230,327.4549866,206717,10.0504999,0,77,0,1.99657,4.8473301,56,10.0106001,2.5546899,79336.79688,799661,5724.419922,"GB0538A",-1.39611816396659,53.4107055665426,"EEA AirBase v8 ArcGIS","station_european_code",1,1,FALSE,TRUE,"GB","UNITED KINGDOM"
982,"GB0586A",8,2010,"day",24.473,"GB0586A","UNITED KINGDOM","Background","suburban",0.070842,51.452664,0,0,0,1500,300,800,0,0,0.0530816,1259940,78.9599991,57298.5,1.96987,0,59,0,1.99673,3.6721001,65,11.2880001,2.4588201,72810.39844,99356.70313,21248.30078,"GB0586A",0.0709228513689585,51.4526977536797,"EEA AirBase v8 ArcGIS","station_european_code",1,1,FALSE,TRUE,"GB","UNITED KINGDOM"
983,"GB0598A",8,2010,"day",35.91,"GB0598A","UNITED KINGDOM","Background","urban",-1.395778,50.90814,0,0,0,0,0,2900,0,0,0,0,0,312316,15.7847004,0,286,0,1.99836,2.7657399,6,11.5152998,2.6719699,101975,174676,22655.09961,"GB0598A",-1.39569091803093,50.9080810548675,"EEA AirBase v8 ArcGIS","station_european_code",1,1,FALSE,TRUE,"GB","UNITED KINGDOM"
984,"GB0608A",8,2010,"day",31.418,"GB0608A","UNITED KINGDOM","Background","suburban",0.184806,51.46603,0,100,0,400,200,2100,0,0,0.653991,3039180,165.5119934,286493,9.8493299,0,156,0,2.0025401,3.19101,12,11.2784996,2.47101,63836.5,278840,20326.5,"GB0608A",0.18487548814088,51.4661254883531,"EEA AirBase v8 ArcGIS","station_european_code",1,1,FALSE,TRUE,"GB","UNITED KINGDOM"
985,"GB0613A",8,2010,"day",45.198,"GB0613A","UNITED KINGDOM","Background","urban",-2.237881,53.48152,0,0,0,0,0,2900,0,0,0,1958730,137.9190063,255941,16.7324009,0,141,0,2.0007701,4.43013,51,9.5624599,1.25123,133384,92946.60156,27506.30078,"GB0613A",-2.23779296891153,53.4815063477736,"EEA AirBase v8 ArcGIS","station_european_code",1,1,FALSE,TRUE,"GB","UNITED KINGDOM"
986,"GB0615A",8,2010,"day",38.886,"GB0615A","UNITED KINGDOM","Background","urban",-1.473306,53.37772,0,0,0,0,600,1100,0,0,0,4003710,213.8280029,91874.39844,4.4669099,0,0,0,1.95219,4.8780398,85,9.7971802,2.5650699,130936,254802,15766.40039,"GB0615A",-1.47332763679791,53.3776855471276,"EEA AirBase v8 ArcGIS","station_european_code",1,1,FALSE,TRUE,"GB","UNITED KINGDOM"
987,"GB0617A",8,2010,"day",24.459,"GB0617A","UNITED KINGDOM","Background","rural",0.634889,51.45617,0,6600,0,0,200,500,0,0,1.26538,137134,12.8787003,63411.89844,2.1575899,0,0,0,2.0043199,3.19191,12,11.4256001,3.9131401,11829.09961,22435.40039,1746.430054,"GB0617A",0.634887695733787,51.4562988281474,"EEA AirBase v8 ArcGIS","station_european_code",1,1,FALSE,TRUE,"GB","UNITED KINGDOM"
988,"GB0620A",8,2010,"day",36.821,"GB0620A","UNITED KINGDOM","Background","urban",-0.213431,51.52106,0,0,0,100,400,2000,0,0,0,3633060,486.2390137,579955,172.4160004,0,84,0,2.00352,4.2423501,26,11.3218002,2.4533999,111969,256404,24110.5,"GB0620A",-0.213378906341833,51.5211181640638,"EEA AirBase v8 ArcGIS","station_european_code",1,1,FALSE,TRUE,"GB","UNITED KINGDOM"
989,"GB0624A",8,2010,"day",65.57,"GB0624A","UNITED KINGDOM","Traffic","urban",-0.042164,51.52256,0,0,0,100,500,1700,0,0,0,4229100,254.8619995,474119,42.4454994,12,14,0,1.99964,3.7774899,19,11.3112001,2.45819,117883,173073,23188.69922,"GB0624A",-0.0421752926333491,51.522705078006,"EEA AirBase v8 ArcGIS","station_european_code",1,1,FALSE,TRUE,"GB","UNITED KINGDOM"
990,"GB0633A",8,2010,"day",57.893,"GB0633A","UNITED KINGDOM","Traffic","urban",-1.257463,51.751745,0,400,0,0,0,2900,0,0,0.182192,0,0,217188,11.7927999,0,0,0,2.00226,4.8754601,72,10.9979,2.51408,51191.60156,0,23140.19922,"GB0633A",-1.25738525394386,51.7518920900089,"EEA AirBase v8 ArcGIS","station_european_code",1,1,FALSE,TRUE,"GB","UNITED KINGDOM"
991,"GB0638A",8,2010,"day",33.975,"GB0638A","UNITED KINGDOM","Background","urban",-0.126439,51.58605,0,0,0,400,0,2500,0,0,0,3188790,230.052002,651914,58.3625984,0,61,0,1.97881,4.1702299,37,11.2758999,2.46118,91981.70313,158650,22606.59961,"GB0638A",-0.126403808530999,51.5861206055336,"EEA AirBase v8 ArcGIS","station_european_code",1,1,FALSE,TRUE,"GB","UNITED KINGDOM"
992,"GB0639A",8,2010,"day",63.324,"GB0639A","UNITED KINGDOM","Traffic","urban",-2.583519,51.45603,0,0,0,0,0,2300,0,0,0,0,0,198246,13.0517998,26,79,0,1.9806499,3.9233201,20,11.0675001,0,108706,43268.30078,32115,"GB0639A",-2.58349609354642,51.4561157227659,"EEA AirBase v8 ArcGIS","station_european_code",1,1,FALSE,TRUE,"GB","UNITED KINGDOM"
993,"GB0640A",8,2010,"day",39.944,"GB0640A","UNITED KINGDOM","Traffic","urban",-3.532465,50.725083,0,0,0,0,0,2900,0,0,0.0597254,5964630,149.4940033,166407,7.7374101,0,56,0,1.97525,3.7270401,43,11.0417995,1.37537,60573.30078,96151.70313,29931.90039,"GB0640A",-3.53240966786528,50.7250976561065,"EEA AirBase v8 ArcGIS","station_european_code",1,1,FALSE,TRUE,"GB","UNITED KINGDOM"
994,"GB0642A",8,2010,"day",53.523,"GB0642A","UNITED KINGDOM","Background","suburban",-0.460861,51.49633,0,1300,0,0,0,1700,0,694.6920166,0.859436,8685020,165.3710022,278421,16.8199005,0,77,0,2.0043199,4.5365,29,11.2940998,0,75869.60156,338133,14311,"GB0642A",-0.460876464978397,51.4962768554975,"EEA AirBase v8 ArcGIS","station_european_code",1,1,FALSE,TRUE,"GB","UNITED KINGDOM"
995,"GB0644A",8,2010,"day",24.082,"GB0644A","UNITED KINGDOM","Background","urban",-0.339647,51.42099,0,0,0,1000,600,1000,0,0,0,3333630,68.6710968,92806.89844,5.6066499,0,78,0,2.0043199,4.4386902,15,11.3247004,0,66283.89844,116985,13922.90039,"GB0644A",-0.33959960947183,51.4210815428374,"EEA AirBase v8 ArcGIS","station_european_code",1,1,FALSE,TRUE,"GB","UNITED KINGDOM"
996,"GB0646A",8,2010,"day",39.945,"GB0646A","UNITED KINGDOM","Background","urban",-1.146447,52.95473,0,0,0,0,500,1500,0,0,0.0323349,5983020,187.6920013,179901,15.7767,0,60,0,1.98248,4.8738799,49,10.5278997,1.2871701,108094,282045,19453.30078,"GB0646A",-1.14642333961981,52.9547119141478,"EEA AirBase v8 ArcGIS","station_european_code",1,1,FALSE,TRUE,"GB","UNITED KINGDOM"
997,"GB0647A",8,2010,"day",60.572,"GB0647A","UNITED KINGDOM","Traffic","urban",-2.354155,51.391127,0,100,0,0,0,2800,0,0,0.283117,0,0,202660,10.0754995,16,5,0,1.8469599,4.4139199,25,10.9601002,1.2661099,63428.60156,0,24983.69922,"GB0647A",-2.35412597679467,51.3911132810747,"EEA AirBase v8 ArcGIS","station_european_code",1,1,FALSE,TRUE,"GB","UNITED KINGDOM"
998,"GB0649A",8,2010,"day",28.092,"GB0649A","UNITED KINGDOM","Background","suburban",-2.24328,53.369026,0,300,0,2300,0,600,0,0,0.474962,1124950,15.4965,0,0,0,93,0,2.0043199,4.38868,70,9.7328396,2.4832399,72810.39844,237174,20617.59961,"GB0649A",-2.24328613273793,53.3690795898052,"EEA AirBase v8 ArcGIS","station_european_code",1,1,FALSE,TRUE,"GB","UNITED KINGDOM"
999,"GB0657A",8,2010,"day",84.071,"GB0657A","UNITED KINGDOM","Traffic","urban",-4.258889,55.85917,0,0,0,0,0,2900,0,0,0,56945.69922,0,252104,19.3761997,0,69,0,1.9999599,3.2841001,23,8.7250099,1.1882499,115028,3205.060059,30514.09961,"GB0657A",-4.25891113246672,55.8593139646248,"EEA AirBase v8 ArcGIS","station_european_code",1,1,FALSE,TRUE,"GB","UNITED KINGDOM"
1000,"GB0673A",8,2010,"day",19.193,"GB0673A","UNITED KINGDOM","Background","urban",-7.329115,55.001225,0,0,0,500,200,1900,0,0,0.0402781,1140810,100.5589981,72812.20313,3.0394199,0,255,0,1.95242,2.70749,35,9.4991703,3.8013301,68731.29688,217944,15184.2998,"GB0673A",-7.329101562413,55.001281738332,"EEA AirBase v8 ArcGIS","station_european_code",1,1,FALSE,TRUE,"GB","UNITED KINGDOM"
1001,"GB0674A",8,2010,"day",36.205,"GB0674A","UNITED KINGDOM","Background","suburban",-2.033144,52.60821,0,0,0,100,100,2500,0,0,0.0513754,383771,62.8424988,177958,7.6157498,0,0,0,2.0042801,4.9588399,153,10.5024004,3.7096,66487.89844,205124,21539.30078,"GB0674A",-2.03308105424495,52.6082763670542,"EEA AirBase v8 ArcGIS","station_european_code",1,1,FALSE,TRUE,"GB","UNITED KINGDOM"
1002,"GB0681A",8,2010,"day",25.232,"GB0681A","UNITED KINGDOM","Background","urban",-1.510436,53.56292,0,800,0,300,0,2400,0,7.1535902,0.426818,665053,76.342598,145584,5.4267001,0,0,0,1.99113,4.85566,114,9.8959198,2.5592101,62001,150638,14650.59961,"GB0681A",-1.51037597640682,53.5629272462393,"EEA AirBase v8 ArcGIS","station_european_code",1,1,FALSE,TRUE,"GB","UNITED KINGDOM"
1003,"GB0693A",8,2010,"day",48.409,"GB0693A","UNITED KINGDOM","Traffic","urban",-0.137281,50.82354,0,0,0,0,0,2900,0,0,0.0375999,0,0,380401,19.0048008,0,216,0,1.93036,2.6989701,16,0,1.58103,70974.79688,0,23867.90039,"GB0693A",-0.13720703168113,50.8234863281683,"EEA AirBase v8 ArcGIS","station_european_code",1,1,FALSE,TRUE,"GB","UNITED KINGDOM"
1004,"GB0695A",8,2010,"day",74.571,"GB0695A","UNITED KINGDOM","Traffic","urban",-0.178709,51.495483,0,0,0,100,600,1600,0,0,0,2701820,332.4400024,434966,129.3119965,20,80,0,2.0032101,4.17278,15,11.3283005,2.4495699,96876.5,184291,23334.30078,"GB0695A",-0.178710937844163,51.4954833983316,"EEA AirBase v8 ArcGIS","station_european_code",1,1,FALSE,TRUE,"GB","UNITED KINGDOM"
1005,"GB0698A",8,2010,"day",31.067,"GB0698A","UNITED KINGDOM","Background","urban",-1.995556,52.52062,0,0,0,0,900,600,0,0,0.85192,984125,193.2389984,75092.5,3.50372,0,59,0,2.00144,4.91887,167,10.5023003,2.4706299,89738.29688,405440,17658.40039,"GB0698A",-1.99548339843306,52.520690917934,"EEA AirBase v8 ArcGIS","station_european_code",1,1,FALSE,TRUE,"GB","UNITED KINGDOM"
1006,"GB0726A",8,2010,"day",40.398,"GB0726A","UNITED KINGDOM","Traffic","urban",0.124456,52.20237,0,0,0,900,1100,100,0,0,0.0438769,2758200,225.5359955,0,0,0,0,0,2.0041399,4.7623401,20,11.0929003,2.53617,67507.60156,472746,13922.90039,"GB0726A",0.124511718489066,52.2025146486485,"EEA AirBase v8 ArcGIS","station_european_code",1,1,FALSE,TRUE,"GB","UNITED KINGDOM"
1007,"GB0728A",8,2010,"day",20.604,"GB0728A","UNITED KINGDOM","Background","urban",0.678408,51.544206,0,0,0,500,0,2000,0,0,0,529794,42.3814011,220893,9.6405296,0,102,0,2.0009201,2.90646,37,11.4468002,1.3423001,82803.89844,76921.29688,24838.19922,"GB0728A",0.678527832473377,51.5443115237012,"EEA AirBase v8 ArcGIS","station_european_code",1,1,FALSE,TRUE,"GB","UNITED KINGDOM"
1008,"GB0729A",8,2010,"day",22.141,"GB0729A","UNITED KINGDOM","Background","urban",-2.094278,57.15736,0,0,0,0,0,2900,0,0,0,1337950,169.4909973,184429,10.5466995,0,78,0,1.9986,2.9569099,23,8.9891596,5.4811902,101567,100959,25565.80078,"GB0729A",-2.09429931666637,57.1572875976759,"EEA AirBase v8 ArcGIS","station_european_code",1,1,FALSE,TRUE,"GB","UNITED KINGDOM"
1009,"GB0730A",8,2010,"day",30.828,"GB0730A","UNITED KINGDOM","Background","urban",-3.022722,53.37287,0,0,0,100,0,2800,0,0,0.11972,287762,32.9872017,200096,6.0634799,0,95,0,1.99949,3.1438999,39,10.6795998,1.31504,90350.10156,182688,26487.59961,"GB0730A",-3.0227050779892,53.372924804855,"EEA AirBase v8 ArcGIS","station_european_code",1,1,FALSE,TRUE,"GB","UNITED KINGDOM"
1010,"GB0731A",8,2010,"day",38.92,"GB0731A","UNITED KINGDOM","Background","urban",-2.680353,53.76559,0,0,0,0,0,2900,0,0,0.257827,0,0,214914,8.3937702,0,80,0,1.98625,3.8327,47,9.8449097,2.5455899,52211.30078,0,26778.59961,"GB0731A",-2.6802978514705,53.7656860350326,"EEA AirBase v8 ArcGIS","station_european_code",1,1,FALSE,TRUE,"GB","UNITED KINGDOM"
1011,"GB0733A",8,2010,"day",21.834,"GB0733A","UNITED KINGDOM","Background","urban",-1.068583,50.82881,0,0,0,200,200,2200,0,0,0.266027,6879530,205.9980011,366599,20.6397991,0,185,0,2.0043199,3.0667701,3,11.6827002,0,70974.79688,410247,16445.59961,"GB0733A",-1.06860351545183,50.8289184570278,"EEA AirBase v8 ArcGIS","station_european_code",1,1,FALSE,TRUE,"GB","UNITED KINGDOM"
1012,"GB0737A",8,2010,"day",18.216,"GB0737A","UNITED KINGDOM","Background","urban",1.098061,51.27399,0,400,0,0,0,2900,0,0,0.820334,0,0,180634,8.2196798,0,0,0,2.00055,4.0180101,25,11.4420004,1.52806,49152.10156,0,19647.40039,"GB0737A",1.09808349579145,51.2741088866427,"EEA AirBase v8 ArcGIS","station_european_code",1,1,FALSE,TRUE,"GB","UNITED KINGDOM"
1013,"GB0738A",8,2010,"day",20.598,"GB0738A","UNITED KINGDOM","Background","urban",-0.885933,52.27349,0,100,0,0,700,1400,0,37.4859009,0.172567,1710370,142.5829926,94770.5,4.9749999,0,0,0,2.00419,4.9439001,130,10.7532997,0,40994.10156,230764,17998,"GB0738A",-0.885925293021197,52.2734985353516,"EEA AirBase v8 ArcGIS","station_european_code",1,1,FALSE,TRUE,"GB","UNITED KINGDOM"
1014,"GB0739A",8,2010,"day",21.003,"GB0739A","UNITED KINGDOM","Background","urban",-1.519612,52.394399,0,0,0,1500,0,1200,0,0,0.0320047,2020860,106.8550034,73593.60156,3.7270601,0,121,0,2.0037501,4.9376001,103,10.6444998,1.27342,97896.29688,209931,21539.30078,"GB0739A",-1.51959228518337,52.3944702146883,"EEA AirBase v8 ArcGIS","station_european_code",1,1,FALSE,TRUE,"GB","UNITED KINGDOM"
1015,"GB0740A",8,2010,"day",39.967,"GB0740A","UNITED KINGDOM","Traffic","urban",-3.614233,55.070033,0,900,0,0,0,2800,0,10.3233004,0.0651224,0,0,127546,4.7094598,0,0,0,1.99622,3.6905601,18,9.3303804,2.45735,62612.80078,0,26487.59961,"GB0740A",-3.61419677751805,55.0701293943416,"EEA AirBase v8 ArcGIS","station_european_code",1,1,FALSE,TRUE,"GB","UNITED KINGDOM"
1016,"GB0741A",8,2010,"day",17.799,"GB0741A","UNITED KINGDOM","Background","urban",-1.826744,50.73957,0,0,0,2300,0,600,0,0,0.168426,0,0,44305.69922,2.51948,0,0,0,2.00334,3.3392601,22,11.6709995,4.3748202,62204.89844,0,24401.5,"GB0741A",-1.82672119096944,50.739685058465,"EEA AirBase v8 ArcGIS","station_european_code",1,1,FALSE,TRUE,"GB","UNITED KINGDOM"
1017,"GB0742A",8,2010,"day",24.524,"GB0742A","UNITED KINGDOM","Traffic","urban",-4.241451,57.481308,0,0,0,0,0,2800,0,0,0.0162911,8179320,82.405899,142930,5.09339,0,0,0,1.97771,2.6020601,5,8.0019102,2.27438,48540.19922,187496,24741.09961,"GB0742A",-4.2413940428169,57.4813232421147,"EEA AirBase v8 ArcGIS","station_european_code",1,1,FALSE,TRUE,"GB","UNITED KINGDOM"
1018,"GB0743A",8,2010,"day",52.211,"GB0743A","UNITED KINGDOM","Background","urban",-0.131931,51.49467,0,0,0,0,300,2400,0,0,0,5336040,491.4140015,724944,215.5200043,0,177,0,2.0023301,4.0664001,13,11.3205996,2.45525,128489,269225,15572.40039,"GB0743A",-0.1318969723574,51.4946899413356,"EEA AirBase v8 ArcGIS","station_european_code",1,1,FALSE,TRUE,"GB","UNITED KINGDOM"
1019,"GB0744A",8,2010,"day",16.05,"GB0744A","UNITED KINGDOM","Background","urban",-3.006953,51.6538,0,0,0,1800,0,1100,0,0,0.0502686,1500390,83.4188004,21140.80078,0.659636,0,0,0,1.96579,3.69906,67,10.7465,1.27841,54658.80078,126600,15281.2998,"GB0744A",-3.00689697298028,51.6539306641856,"EEA AirBase v8 ArcGIS","station_european_code",1,1,FALSE,TRUE,"GB","UNITED KINGDOM"
1020,"GB0754A",8,2010,"day",13.177,"GB0754A","UNITED KINGDOM","Background","rural",1.049031,51.77798,0,5900,0,0,0,0,0,178.151001,0.486398,0,0,0,0,0,0,0,2.0043199,2.9542401,1,11.5153999,1.45143,5098.759766,0,48.512001,"GB0754A",1.04907226549277,51.778076171952,"EEA AirBase v8 ArcGIS","station_european_code",1,1,FALSE,TRUE,"GB","UNITED KINGDOM"
1021,"GB0755A",8,2010,"day",24.179,"GB0755A","UNITED KINGDOM","Traffic","urban",-3.00278,53.042221,0,400,0,500,0,2000,0,0,0.14564,886247,133.7180023,121289,3.84023,0,215,0,1.98748,4.3284602,89,10.2819996,2.3680201,80968.39844,205124,14262.5,"GB0755A",-3.00280761722813,53.0422973633786,"EEA AirBase v8 ArcGIS","station_european_code",1,1,FALSE,TRUE,"GB","UNITED KINGDOM"
1022,"GB0777A",8,2010,"day",29.741,"GB0777A","UNITED KINGDOM","Background","urban",-2.844333,53.34633,0,0,0,100,200,1700,0,0,2.4068899,3190920,223.654007,267735,16.6926994,0,0,0,2.0039599,3.2781501,32,10.6384001,0,89126.39844,796456,11642.90039,"GB0777A",-2.84429931671168,53.3463134763355,"EEA AirBase v8 ArcGIS","station_european_code",1,1,FALSE,TRUE,"GB","UNITED KINGDOM"
1023,"GB0837A",8,2010,"day",34.4,"GB0837A","UNITED KINGDOM","Industrial","urban",-0.441614,51.48879,0,2800,0,500,100,1300,0,2084.080078,1.17152,6461050,126.1309967,216549,13.0822001,0,0,0,2.00383,4.51964,26,11.3016996,0,113600,538449,10672.59961,"GB0837A",-0.44158935555399,51.4888916013177,"EEA AirBase v8 ArcGIS","station_european_code",1,1,FALSE,TRUE,"GB","UNITED KINGDOM"
1024,"GB0838A",8,2010,"day",11.632,"GB0838A","UNITED KINGDOM","Background","rural",-0.772222,52.554444,0,7200,0,0,0,0,0,451.197998,0.911127,0,0,0,0,0,0,0,1.98918,4.7831402,149,10.6575003,0,18355.59961,0,242.5599976,"GB0838A",-0.772216796783932,52.5545043947144,"EEA AirBase v8 ArcGIS","station_european_code",1,1,FALSE,TRUE,"GB","UNITED KINGDOM"
1025,"GB0839A",8,2010,"day",31.168,"GB0839A","UNITED KINGDOM","Background","urban",-3.182186,55.945589,0,0,0,200,100,2000,0,0,0,1982200,103.3349991,377852,30.3055,0,62,0,1.89201,3.5806799,86,8.7244396,2.4183099,101159,144228,15475.2998,"GB0839A",-3.18218994154261,55.9456787111414,"EEA AirBase v8 ArcGIS","station_european_code",1,1,FALSE,TRUE,"GB","UNITED KINGDOM"
1026,"GB0851A",8,2010,"day",37.383,"GB0851A","UNITED KINGDOM","Background","urban",-1.830569,52.511719,0,0,0,0,700,1000,0,0,0.0119458,2970430,282.9410095,62370.5,3.9602201,10,96,0,2.0012801,4.9348302,94,10.5370998,2.49177,82192.10156,552872,16203,"GB0851A",-1.83050537105324,52.5117187501901,"EEA AirBase v8 ArcGIS","station_european_code",1,1,FALSE,TRUE,"GB","UNITED KINGDOM"
1027,"GB0860A",8,2010,"day",21.706,"GB0860A","UNITED KINGDOM","Background","urban",-0.147572,50.840836,0,0,0,0,0,2900,0,0,0.0111784,0,0,380401,19.0048008,0,89,0,1.95136,3.35165,28,11.7340002,1.52839,78724.89844,0,33909.89844,"GB0860A",-0.147583007997306,50.8408813478802,"EEA AirBase v8 ArcGIS","station_european_code",1,1,FALSE,TRUE,"GB","UNITED KINGDOM"
1028,"GB0861A",8,2010,"day",15.15,"GB0861A","UNITED KINGDOM","Background","suburban",-2.736665,52.22174,0,300,0,0,0,2900,0,0,1.37199,0,0,139774,5.65557,0,0,0,1.9867899,4.6957698,72,10.4554996,3.70822,40994.10156,0,12467.59961,"GB0861A",-2.73669433563748,52.2216796875813,"EEA AirBase v8 ArcGIS","station_european_code",1,1,FALSE,TRUE,"GB","UNITED KINGDOM"
1029,"GB0863A",8,2010,"day",16.36,"GB0863A","UNITED KINGDOM","Background","urban",-1.406878,54.88361,0,1700,0,1700,0,700,0,0,0.0725226,0,0,31163.19922,1.22465,0,0,0,1.9858,3.4474299,63,9.9306402,2.7005301,78113.10156,0,21781.90039,"GB0863A",-1.40679931684941,54.8837280271509,"EEA AirBase v8 ArcGIS","station_european_code",1,1,FALSE,TRUE,"GB","UNITED KINGDOM"
1030,"GB0864A",8,2010,"day",26.139,"GB0864A","UNITED KINGDOM","Background","urban",-2.638139,53.54914,0,0,0,0,0,2900,0,0,0.104744,1205780,165.1040039,209725,7.4848099,0,77,0,1.99904,4.2613502,37,10.1604996,1.27009,47316.5,88139,26633.09961,"GB0864A",-2.63812255883715,53.5490722654673,"EEA AirBase v8 ArcGIS","station_european_code",1,1,FALSE,TRUE,"GB","UNITED KINGDOM"
1031,"GB0882A",8,2010,"day",30.802,"GB0882A","UNITED KINGDOM","Background","urban",-3.007175,53.80489,0,0,0,100,0,2800,0,0,0.5504,4563900,266.4309998,224917,9.3352203,0,0,0,2.0043199,3.51265,14,10.5726004,5.5879002,67099.70313,116985,17803.90039,"GB0882A",-3.00720214864859,53.8048706052736,"EEA AirBase v8 ArcGIS","station_european_code",1,1,FALSE,TRUE,"GB","UNITED KINGDOM"
1032,"GB0885A",8,2010,"day",13.387,"GB0885A","UNITED KINGDOM","Background","rural",-5.101102,56.82266,0,0,0,0,0,2800,0,0,0.0353982,355102,35.1925011,97856.29688,4.29883,0,0,0,1.67024,2.3010299,5,7.1360798,3.35431,30184.69922,75318.79688,7955.970215,"GB0885A",-5.10101318334732,56.8226928709351,"EEA AirBase v8 ArcGIS","station_european_code",1,1,FALSE,TRUE,"GB","UNITED KINGDOM"
1033,"GB0896A",8,2010,"day",36.164,"GB0896A","UNITED KINGDOM","Traffic","urban",-3.947374,51.632696,0,0,0,0,0,2900,0,0,0.0194592,13752.2998,0,155203,7.2904501,0,198,0,1.87243,3.3392601,54,10.8902998,5.92028,97692.29688,19230.30078,31241.69922,"GB0896A",-3.94738769526021,51.6326904297014,"EEA AirBase v8 ArcGIS","station_european_code",1,1,FALSE,TRUE,"GB","UNITED KINGDOM"
1034,"GB0916A",8,2010,"day",30.615,"GB0916A","UNITED KINGDOM","Background","suburban",-0.167741,51.165865,0,100,0,600,0,2300,0,0,0.313003,572523,32.6231995,144334,9.3112698,0,10,0,2.00055,4.56039,57,11.2610998,2.4965701,121555,626588,14941.7002,"GB0916A",-0.167724609293031,51.1658935547215,"EEA AirBase v8 ArcGIS","station_european_code",1,1,FALSE,TRUE,"GB","UNITED KINGDOM"
1035,"GB0919A",8,2010,"day",48.597,"GB0919A","UNITED KINGDOM","Traffic","urban",-1.075861,53.951889,0,0,0,200,0,2700,0,0,0.0685486,964841,81.6082001,267398,13.2468996,0,204,0,2.0042601,4.6897998,17,10.1449003,1.23338,83415.79688,116985,26002.40039,"GB0919A",-1.07580566391916,53.9519042966673,"EEA AirBase v8 ArcGIS","station_european_code",1,1,FALSE,TRUE,"GB","UNITED KINGDOM"
1036,"GB0920A",8,2010,"day",22.472,"GB0920A","UNITED KINGDOM","Background","urban",-1.260278,51.744806,0,2600,0,0,0,2500,0,73.3041992,0.204967,0,0,217188,11.7927999,0,24,0,2.00173,4.8747301,59,10.9972,2.5144999,53842.89844,0,18919.69922,"GB0920A",-1.26019287099073,51.744873046945,"EEA AirBase v8 ArcGIS","station_european_code",1,1,FALSE,TRUE,"GB","UNITED KINGDOM"
1037,"GB0921A",8,2010,"day",38.928,"GB0921A","UNITED KINGDOM","Traffic","urban",-2.678731,51.638094,0,0,0,0,0,2900,0,0,0.22702,262494,0,163579,7.8905101,15,0,0,1.98245,3.3318501,70,11.0243998,3.80054,48540.19922,8012.640137,19016.69922,"GB0921A",-2.67871093709691,51.6381225586797,"EEA AirBase v8 ArcGIS","station_european_code",1,1,FALSE,TRUE,"GB","UNITED KINGDOM"
1038,"GB0922A",8,2010,"day",36.9,"GB0922A","UNITED KINGDOM","Traffic","urban",-2.962511,53.446945,0,0,0,600,500,1100,0,0,0.0757301,3032390,112.0660019,107094,6.6770601,25,0,0,2.0027299,3.5051501,44,10.6764002,5.3042998,88106.60156,325313,19986.90039,"GB0922A",-2.96252441373839,53.4470825194934,"EEA AirBase v8 ArcGIS","station_european_code",1,1,FALSE,TRUE,"GB","UNITED KINGDOM"
1039,"GB0923A",8,2010,"day",58.607,"GB0923A","UNITED KINGDOM","Traffic","urban",-2.106472,57.144555,0,0,0,0,0,2900,0,0,0,1930160,103.8809967,184429,10.5466995,0,170,0,1.9974999,3.22435,34,8.9199305,5.63833,131956,136215,31047.69922,"GB0923A",-2.10638427762345,57.1444702147952,"EEA AirBase v8 ArcGIS","station_european_code",1,1,FALSE,TRUE,"GB","UNITED KINGDOM"
1040,"GB0924A",8,2010,"day",37.483,"GB0924A","UNITED KINGDOM","Traffic","urban",0.439556,51.518167,0,900,0,200,0,2700,0,0,0.410563,298242,31.4927006,272910,9.5116901,0,135,0,2.0041699,3.2356501,16,11.3459997,3.81443,33447.89844,108972,15426.7998,"GB0924A",0.43969726551209,51.5183105470253,"EEA AirBase v8 ArcGIS","station_european_code",1,1,FALSE,TRUE,"GB","UNITED KINGDOM"
1041,"GB0925A",8,2010,"day",32.942,"GB0925A","UNITED KINGDOM","Traffic","urban",-2.945307,54.894834,0,0,0,0,500,1600,0,0,0.0730822,1815030,91.3914032,118846,5.2836399,0,196,0,2.00176,3.87778,14,9.1100502,4.7070599,56086.39844,118587,24644.09961,"GB0925A",-2.94531249975688,54.8948974606935,"EEA AirBase v8 ArcGIS","station_european_code",1,1,FALSE,TRUE,"GB","UNITED KINGDOM"
1042,"GB0927A",8,2010,"day",36.466,"GB0927A","UNITED KINGDOM","Traffic","urban",-1.595362,54.986405,0,0,0,0,0,2800,0,0,0.0585336,582226,1.57014,207238,9.9317102,16,36,0,1.99253,3.6048901,47,9.8095303,2.6118701,86067.10156,28845.5,29301.30078,"GB0927A",-1.59527587877479,54.9865112304756,"EEA AirBase v8 ArcGIS","station_european_code",1,1,FALSE,TRUE,"GB","UNITED KINGDOM"
1043,"GB0928A",8,2010,"day",22.84,"GB0928A","UNITED KINGDOM","Traffic","urban",-1.456944,53.231722,0,0,0,600,300,1800,0,0,0.241544,152244,49.3782997,81265.79688,2.76917,11,28,0,1.99629,4.8955598,96,9.8339701,2.5852799,64244.39844,124997,22946.19922,"GB0928A",-1.45690917955403,53.2316894529865,"EEA AirBase v8 ArcGIS","station_european_code",1,1,FALSE,TRUE,"GB","UNITED KINGDOM"
1045,"GB0954A",8,2010,"day",37.771,"GB0954A","UNITED KINGDOM","Traffic","urban",-0.300306,52.132417,0,3800,0,0,0,1000,0,674.0930176,1.9699,1211720,29.6270008,69638.10156,2.29652,23,0,0,1.9896801,4.8692799,22,11.0588999,2.5520201,47316.5,49678.39844,11206.2998,"GB0954A",-0.300292969019044,52.132507324368,"EEA AirBase v8 ArcGIS","station_european_code",1,1,FALSE,TRUE,"GB","UNITED KINGDOM"
1046,"GB0957A",8,2010,"day",12.193,"GB0957A","UNITED KINGDOM","Background","rural",-2.68345,51.05625,0,7900,200,0,0,0,0,1175.949951,0.967694,29654.5,0,0,0,0,0,0,1.95181,4.3813,51,11.1113005,2.6219699,21210.90039,1602.530029,485.1199951,"GB0957A",-2.68341064418568,51.0562744139478,"EEA AirBase v8 ArcGIS","station_european_code",1,1,FALSE,TRUE,"GB","UNITED KINGDOM"
1047,"GB0958A",8,2010,"day",27.645,"GB0958A","UNITED KINGDOM","Background","urban",-2.615358,53.38928,0,0,0,1300,0,1200,0,0,0.114595,3003420,184.8639984,71783.10156,4.5268002,0,0,0,2.0042601,2.6505201,12,10.4391003,0,64244.39844,463131,16639.59961,"GB0958A",-2.6152954098636,53.3892822263102,"EEA AirBase v8 ArcGIS","station_european_code",1,1,FALSE,TRUE,"GB","UNITED KINGDOM"
1048,"GB0961A",8,2010,"day",29.435,"GB0961A","UNITED KINGDOM","Traffic","urban",-2.483815,53.715504,0,1200,0,0,0,2100,0,13.0923996,0.25662,611588,41.4122009,119143,5.3441801,12,27,0,1.9411,4.3022299,141,9.52985,0,52619.19922,68908.70313,16930.69922,"GB0961A",-2.48382568344182,53.715515136603,"EEA AirBase v8 ArcGIS","station_european_code",1,1,FALSE,TRUE,"GB","UNITED KINGDOM"
1049,"GB0962A",8,2010,"day",26.05,"GB0962A","UNITED KINGDOM","Background","urban",-2.977281,51.601203,0,100,0,0,0,2400,0,0,0.0530818,0,0,125830,6.0696201,24,128,0,1.93399,2.8621399,23,11.0192003,1.30176,78928.89844,0,22267,"GB0962A",-2.97729492147502,51.6013183594182,"EEA AirBase v8 ArcGIS","station_european_code",1,1,FALSE,TRUE,"GB","UNITED KINGDOM"
1050,"GB0996A",8,2010,"day",25.948,"GB0996A","UNITED KINGDOM","Traffic","suburban",-6.654558,54.353728,0,100,0,0,0,2900,0,0,0.183565,0,0,122808,4.8879299,10,0,0,1.97172,4.4977002,39,9.6682196,4.6982398,43645.39844,0,22121.5,"GB0996A",-6.65447998029076,54.3536987305068,"EEA AirBase v8 ArcGIS","station_european_code",1,1,FALSE,TRUE,"GB","UNITED KINGDOM"
1051,"GB0997A",8,2010,"day",23.602,"GB0997A","UNITED KINGDOM","Background","urban",-3.710833,56.013142,0,0,0,0,0,2900,0,0,0.0486043,2759800,432.2690125,167083,5.1468101,0,0,0,2.0042,3.15588,3,8.6389599,2.26912,79540.70313,689087,19162.19922,"GB0997A",-3.71081543004113,56.0131225587241,"EEA AirBase v8 ArcGIS","station_european_code",1,1,FALSE,TRUE,"GB","UNITED KINGDOM"
1052,"GB0998A",8,2010,"day",9.408,"GB0998A","UNITED KINGDOM","Background","suburban",-3.196527,55.657472,0,1200,100,0,0,2800,0,5.9112101,0.174312,0,0,122593,4.0541701,0,10,0,1.75949,4.5197201,168,7.9224701,2.5009501,21414.80078,0,7955.970215,"GB0998A",-3.19641113307628,55.6574707029154,"EEA AirBase v8 ArcGIS","station_european_code",1,1,FALSE,TRUE,"GB","UNITED KINGDOM"
1053,"GB0999A",8,2010,"day",17.318,"GB0999A","UNITED KINGDOM","Background","suburban",-3.144889,53.162306,0,100,0,0,200,2000,0,0,0.25455,534122,80.2310028,121289,3.84023,0,44,0,1.98847,3.9533,115,10.1946001,3.7492099,50579.69922,144228,11594.40039,"GB0999A",-3.14489746050074,53.1622924805646,"EEA AirBase v8 ArcGIS","station_european_code",1,1,FALSE,TRUE,"GB","UNITED KINGDOM"
1054,"GB1008A",8,2010,"day",31.668,"GB1008A","UNITED KINGDOM","Traffic","urban",-4.55973,55.943197,0,0,0,0,0,2900,0,0,0.0541793,12073.2998,0,203514,6.3198099,0,83,0,1.9195,2.45155,4,0,3.5483301,36303.19922,3205.060059,20617.59961,"GB1008A",-4.55969238255507,55.9432983400555,"EEA AirBase v8 ArcGIS","station_european_code",1,1,FALSE,TRUE,"GB","UNITED KINGDOM"
1055,"GR0002A",8,2010,"day",44.289,"GR0002A","GREECE","Traffic","urban",23.726843,37.978207,0,0,0,100,0,2800,0,0,0,1144540,2.9217401,458537,25.0788994,0,0,0,1.87758,3.7477701,85,15.3694,1.02802,68017.29688,23517.40039,19112.90039,"GR0002A",23.7269287110286,37.9782714842088,"EEA AirBase v8 ArcGIS","station_european_code",1,1,FALSE,TRUE,"GR","GREECE"
1056,"GR0018A",8,2010,"day",27.061,"GR0018A","GREECE","Traffic","urban",22.945288,40.633774,0,0,0,0,0,2600,0,0,0.0007397,3079520,64.8171005,379010,13.1243,0,15,0,1.8992,2.5569699,28,13.8935003,0.580726,51666.10156,120947,14456.7002,"GR0018A",22.9453125000671,40.6339111325275,"EEA AirBase v8 ArcGIS","station_european_code",1,1,FALSE,TRUE,"GR","GREECE"
1057,"GR0022A",8,2010,"day",22.532,"GR0022A","GREECE","Traffic","urban",23.787357,38.030838,0,0,0,0,0,2800,0,0,0,0,0,458537,25.0788994,0,0,0,1.95139,4.1318898,166,15.1885004,1.04996,43345.30078,3359.629883,23731.59961,"GR0022A",23.7874755860813,38.030883789035,"EEA AirBase v8 ArcGIS","station_european_code",1,1,FALSE,TRUE,"GR","GREECE"
1058,"GR0027A",8,2010,"day",30.029,"GR0027A","GREECE","Background","suburban",23.697842,38.076814,0,0,0,0,0,2900,0,0,0.29608,1701340,16.0695992,458537,25.0788994,0,17,0,1.83606,4.0078902,161,15.2143002,2.9398999,48473.19922,102469,22004.30078,"GR0027A",23.6978759766246,38.0769042970368,"EEA AirBase v8 ArcGIS","station_european_code",1,1,FALSE,TRUE,"GR","GREECE"
1059,"GR0028A",8,2010,"day",35.48,"GR0028A","GREECE","Background","urban",23.688354,38.020805,0,0,0,0,0,2900,0,0,0.0375975,61867.10156,0,458537,25.0788994,0,0,0,1.97892,3.8673601,78,15.3632002,0.993721,55342.69922,3359.629883,26622.90039,"GR0028A",23.688476562447,38.0208740233374,"EEA AirBase v8 ArcGIS","station_european_code",1,1,FALSE,TRUE,"GR","GREECE"
1060,"GR0029A",8,2010,"day",44.35,"GR0029A","GREECE","Industrial","suburban",23.706789,37.983627,0,0,0,0,800,1300,0,0,0,14910000,445.5660095,176360,9.6457396,0,143,0,1.96867,3.7142301,36,15.4818001,0.992618,57277.80078,542581,13743.2998,"GR0029A",23.7069091800002,37.983703613272,"EEA AirBase v8 ArcGIS","station_european_code",1,1,FALSE,TRUE,"GR","GREECE"
1061,"GR0031A",8,2010,"day",26.287,"GR0031A","GREECE","Background","urban",23.713009,37.931995,0,0,0,0,0,2900,0,0,0,0,0,458537,25.0788994,0,224,0,1.9488699,3.2525699,42,16.0431004,1.04783,68597.89844,1679.819946,25984.59961,"GR0031A",23.7130737302969,37.9321289062336,"EEA AirBase v8 ArcGIS","station_european_code",1,1,FALSE,TRUE,"GR","GREECE"
1062,"GR0032A",8,2010,"day",83.238,"GR0032A","GREECE","Traffic","urban",23.733047,37.999458,0,0,0,0,0,2600,0,0,0,1484810,0,387993,21.2206001,0,0,21,1.92022,3.8951399,110,15.1740999,1.0115401,68404.39844,33596.30078,24219.69922,"GR0032A",23.7330932613253,37.9995117185,"EEA AirBase v8 ArcGIS","station_european_code",1,1,FALSE,TRUE,"GR","GREECE"
1063,"GR0038A",8,2010,"day",36.742,"GR0038A","GREECE","Industrial","urban",23.538446,38.05135,0,700,0,0,0,2700,0,0,0.294905,13084900,277.5660095,458537,25.0788994,0,53,0,2.00208,3.09795,16,16.1235008,0.964834,44990.10156,606414,10889.5,"GR0038A",23.5385131833385,38.0513305667132,"EEA AirBase v8 ArcGIS","station_european_code",1,1,FALSE,TRUE,"GR","GREECE"
1064,"GR0044A",8,2010,"day",33.927,"GR0044A","GREECE","Traffic","urban",22.956703,40.633575,0,0,0,0,300,1800,0,0,0.112428,3110320,86.4228973,221089,7.6558199,0,74,25,1.86237,3.02654,38,13.8428001,0.580613,56600.5,85670.70313,18136.59961,"GR0044A",22.9567260745538,40.6334838870193,"EEA AirBase v8 ArcGIS","station_european_code",1,1,FALSE,TRUE,"GR","GREECE"
1065,"GR0110R",8,2010,"day",13.17,"GR0110R","GREECE","Background","rural",23.110268,38.375248,0,3600,0,0,0,2000,0,330.9750061,0.843434,0,0,85801.10156,3.4314301,0,0,0,1.88902,4.2682099,107,14.4666996,2.11305,16835,0,5219.439941,"GR0110R",23.1102905274469,38.3753051757988,"EEA AirBase v8 ArcGIS","station_european_code",1,1,FALSE,TRUE,"GR","GREECE"
1066,"GR0120A",8,2010,"day",12.615,"GR0120A","GREECE","Background","suburban",23.879023,37.901306,0,1500,0,0,0,2900,0,0,1.09738,1515740,21.9130993,458537,25.0788994,0,0,0,1.96315,3.9967201,136,16.2381992,1.2229,34637.60156,68872.5,8073.240234,"GR0120A",23.8790893558473,37.9013061520818,"EEA AirBase v8 ArcGIS","station_european_code",1,1,FALSE,TRUE,"GR","GREECE"
1067,"HR0003A",8,2010,"day",16.95,"HR0003A","CROATIA (local name: Hrvatska)","Traffic","urban",18.70417,45.558609,0,800,0,0,0,2000,0,0,0.374883,94611.89844,0,37220,0.905871,0,75,0,2.00244,5.4479399,86,12.0846996,0,19826.30078,43938.89844,7845.419922,"HR0003A",18.7042846680521,45.5587158205723,"EEA AirBase v8 ArcGIS","station_european_code",1,1,FALSE,TRUE,"HR","CROATIA (local name: Hrvatska)"
1068,"HR0008A",8,2010,"day",28.872,"HR0008A","CROATIA (local name: Hrvatska)","Traffic","urban",16.035858,45.828331,0,2300,0,0,0,2000,0,289.3179932,0.04504,620509,60.0954018,238011,7.6214299,0,153,0,1.99573,5.0875502,129,11.6744003,0,21902.69922,30129.5,9832.110352,"HR0008A",16.0358886721378,45.8283081056563,"EEA AirBase v8 ArcGIS","station_european_code",1,1,FALSE,TRUE,"HR","CROATIA (local name: Hrvatska)"
1069,"HR0009A",8,2010,"day",26.556,"HR0009A","CROATIA (local name: Hrvatska)","Traffic","urban",16.006469,45.764947,0,0,0,0,0,2800,0,0,0.246383,375192,17.1700993,281286,9.0071497,0,67,0,2.00369,5.0650001,116,11.8216,0,32418.69922,272421,7804.870117,"HR0009A",16.0065307620655,45.7650756836319,"EEA AirBase v8 ArcGIS","station_european_code",1,1,FALSE,TRUE,"HR","CROATIA (local name: Hrvatska)"
1070,"HU0020A",8,2010,"day",27.005,"HU0020A","HUNGARY","Traffic","urban",20.136114,46.262779,0,0,0,0,400,1700,0,0,0.0420277,3376360,64.3108978,28807.5,0.501182,0,0,26,2.0037501,5.6125698,78,11.9294996,0,43238.30078,136305,11417.2002,"HU0020A",20.136108398687,46.2628784179693,"EEA AirBase v8 ArcGIS","station_european_code",1,1,FALSE,TRUE,"HU","HUNGARY"
1071,"HU0022A",8,2010,"day",33.795,"HU0022A","HUNGARY","Background","suburban",19.184174,47.430836,0,0,0,800,0,1900,0,0,0.131639,2685220,73.9881973,390037,9.1777697,0,21,0,2.0042601,5.6258998,135,11.4073,3.1699901,36314,79619.29688,13483.7998,"HU0022A",19.1843261721876,47.4309082029434,"EEA AirBase v8 ArcGIS","station_european_code",1,1,FALSE,TRUE,"HU","HUNGARY"
1072,"HU0024A",8,2010,"day",35.111,"HU0024A","HUNGARY","Traffic","urban",17.639444,47.68528,0,0,0,400,100,2100,0,0,0.0193231,6353930,134.8639984,33490.5,0.609876,0,0,4,2.0043199,5.5511799,115,11.3807001,0.894568,36775.69922,145392,11688.2002,"HU0024A",17.6395263669195,47.6853027342022,"EEA AirBase v8 ArcGIS","station_european_code",1,1,FALSE,TRUE,"HU","HUNGARY"
1073,"HU0026A",8,2010,"day",15.905,"HU0026A","HUNGARY","Background","urban",20.616404,48.247223,0,0,0,0,0,2900,0,0,0.15779,344859,1.76027,43858.80078,0.72419,0,0,0,1.8751,5.7504501,151,9.9846497,0.668308,22773.19922,18606.69922,13348.2998,"HU0026A",20.6165161136245,48.2473144529316,"EEA AirBase v8 ArcGIS","station_european_code",1,1,FALSE,TRUE,"HU","HUNGARY"
1074,"HU0027A",8,2010,"day",35.325,"HU0027A","HUNGARY","Traffic","urban",20.790005,48.106941,0,0,0,0,500,1400,0,0,0.0310288,5438160,67.1837997,16868.80078,0.278535,0,70,28,1.96942,5.7516699,123,10.2772999,0.716836,36775.69922,154912,11789.7998,"HU0027A",20.7901000975459,48.1068725584036,"EEA AirBase v8 ArcGIS","station_european_code",1,1,FALSE,TRUE,"HU","HUNGARY"
1075,"HU0028A",8,2010,"day",22.244,"HU0028A","HUNGARY","Traffic","urban",21.705839,47.961113,0,0,0,0,300,1700,0,0,0.0851671,1907600,31.4547997,12434.2002,0.2075,0,29,20,2.0042801,5.78864,105,10.7044001,0.804361,29697.5,109044,14534,"HU0028A",21.7058715817087,47.9611206051888,"EEA AirBase v8 ArcGIS","station_european_code",1,1,FALSE,TRUE,"HU","HUNGARY"
1076,"HU0029A",8,2010,"day",13.925,"HU0029A","HUNGARY","Background","suburban",18.211123,46.080276,0,0,0,0,800,1400,0,0,0.072892,1655860,26.7103004,20569.30078,0.350263,0,0,0,1.8274699,5.4533801,178,11.5372,3.1607299,50008.69922,60147.19922,18294.59961,"HU0029A",18.2111206056873,46.0803222655746,"EEA AirBase v8 ArcGIS","station_european_code",1,1,FALSE,TRUE,"HU","HUNGARY"
1077,"HU0030A",8,2010,"day",47.72,"HU0030A","HUNGARY","Traffic","urban",18.225286,46.07111,0,0,0,0,500,1600,0,0,0.0791399,3707140,70.6530991,32910.89844,0.56042,0,77,3,1.93089,5.45439,129,11.5488005,2.36973,55855.89844,144959,10366.90039,"HU0030A",18.2252807620873,46.0711059570737,"EEA AirBase v8 ArcGIS","station_european_code",1,1,FALSE,TRUE,"HU","HUNGARY"
1078,"HU0031A",8,2010,"day",22.527,"HU0031A","HUNGARY","Traffic","urban",18.420835,47.55722,0,100,0,100,0,2800,0,0,0.225716,13337200,77.1196976,49960.10156,0.863091,0,0,0,1.97466,5.5878401,196,10.8535004,0.855778,36621.80078,156210,9215.040039,"HU0031A",18.4208984373463,47.557312011994,"EEA AirBase v8 ArcGIS","station_european_code",1,1,FALSE,TRUE,"HU","HUNGARY"
1079,"HU0032A",8,2010,"day",22.281,"HU0032A","HUNGARY","Background","suburban",18.920002,47.306667,0,1100,300,0,0,2500,0,146.0010071,0.214918,3186960,9.1055698,55053,1.23027,0,0,0,1.99026,5.6001902,99,11.4045,0,16464.40039,55387.39844,7216.189941,"HU0032A",18.9201049806389,47.3067016604372,"EEA AirBase v8 ArcGIS","station_european_code",1,1,FALSE,TRUE,"HU","HUNGARY"
1080,"HU0033A",8,2010,"day",18.109,"HU0033A","HUNGARY","Industrial","urban",18.936113,46.976112,0,0,0,1500,0,1400,0,0,0.0793974,187939,0,10146.90039,0.178308,0,0,0,1.96474,5.57831,138,11.6259003,3.36079,23234.80078,8221.55957,11789.7998,"HU0033A",18.9360961910488,46.9760742187903,"EEA AirBase v8 ArcGIS","station_european_code",1,1,FALSE,TRUE,"HU","HUNGARY"
1081,"HU0036A",8,2010,"day",19.993,"HU0036A","HUNGARY","Background","suburban",18.960009,47.561943,0,0,0,100,100,2700,0,0,1.7871701,726434,32.8835983,476712,11.2173004,0,56,0,1.86215,5.6212001,257,10.8549995,0,16002.7998,20770.30078,16160.2002,"HU0036A",18.960083007562,47.5620727537258,"EEA AirBase v8 ArcGIS","station_european_code",1,1,FALSE,TRUE,"HU","HUNGARY"
1082,"HU0037A",8,2010,"day",12.05,"HU0037A","HUNGARY","Background","suburban",17.556665,47.105278,0,100,0,0,100,2600,0,0,0.157242,1525390,52.3895988,35746.30078,0.631816,0,0,0,1.9845999,5.4843798,229,10.8207998,0.872922,28158.80078,98658.70313,12196.40039,"HU0037A",17.5567016599944,47.1052856443967,"EEA AirBase v8 ArcGIS","station_european_code",1,1,FALSE,TRUE,"HU","HUNGARY"
1083,"HU0038A",8,2010,"day",15.005,"HU0038A","HUNGARY","Background","suburban",20.703058,48.218056,0,100,0,0,300,2500,0,0,0.191224,901938,10.8549995,33737.60156,0.557069,0,77,0,1.94972,5.7529998,136,10.2560997,0.683027,19695.80078,25097.40039,11451,"HU0038A",20.7031249997351,48.2180786135594,"EEA AirBase v8 ArcGIS","station_european_code",1,1,FALSE,TRUE,"HU","HUNGARY"
1084,"HU0040A",8,2010,"day",10.795,"HU0040A","HUNGARY","Background","rural",16.838896,47.671947,0,8100,0,0,0,0,0,1099.829956,0.592753,0,0,0,0,0,0,0,2.0042601,5.5008898,112,11.2747002,0,8463.019531,0,67.7576981,"HU0040A",16.8389282231002,47.6718750000776,"EEA AirBase v8 ArcGIS","station_european_code",1,1,FALSE,TRUE,"HU","HUNGARY"
1085,"HU0041A",8,2010,"day",49.414,"HU0041A","HUNGARY","Traffic","urban",19.028067,47.508057,0,0,0,0,200,2100,0,0,0,1374420,44.0940018,433375,10.1975002,0,177,0,1.91381,5.62152,128,11.0504999,0,73089.70313,30290,16160.2002,"HU0041A",19.0280761716168,47.5081176759026,"EEA AirBase v8 ArcGIS","station_european_code",1,1,FALSE,TRUE,"HU","HUNGARY"
1086,"HU0042A",8,2010,"day",30.626,"HU0042A","HUNGARY","Background","urban",19.146122,47.541943,0,0,0,300,200,2000,0,0,1.7831,2990650,124.8079987,390037,9.1777697,0,26,0,2.0030701,5.6311202,120,11.1625996,0,38776,83946.5,8266.44043,"HU0042A",19.1461181641408,47.5418701170348,"EEA AirBase v8 ArcGIS","station_european_code",1,1,FALSE,TRUE,"HU","HUNGARY"
1087,"HU0045A",8,2010,"day",38.205,"HU0045A","HUNGARY","Traffic","urban",19.087782,47.491943,0,0,0,1500,200,900,0,0,0,3270620,133.029007,173350,4.07901,0,101,0,2.00419,5.6241102,111,11.1857004,0,62318.60156,85244.60156,12230.2998,"HU0045A",19.0878906250656,47.4918823243414,"EEA AirBase v8 ArcGIS","station_european_code",1,1,FALSE,TRUE,"HU","HUNGARY"
1088,"IE0028A",8,2010,"day",25.368,"IE0028A","IRELAND","Background","urban",-6.278056,53.353886,0,0,0,500,700,700,0,0,0,1060430,246.8119965,64638.89844,6.1374502,0,24,0,2.0041699,3.1936901,21,10.1210003,2.6282799,67619.79688,186153,24730,"IE0028A",-6.27807617174467,53.3538818358686,"EEA AirBase v8 ArcGIS","station_european_code",1,1,FALSE,TRUE,"IE","IRELAND"
1089,"IE0090A",8,2010,"day",3.185,"IE0090A","IRELAND","Background","rural",-6.883056,54.066109,0,8000,0,0,0,0,0,411.07901,0.618227,0,0,0,0,0,0,0,1.95366,4.4948802,164,9.5982904,2.3283801,0,0,55.3242989,"IE0090A",-6.88299560517123,54.066101074095,"EEA AirBase v8 ArcGIS","station_european_code",1,1,FALSE,TRUE,"IE","IRELAND"
1090,"IE0091A",8,2010,"day",9.447,"IE0091A","IRELAND","Background","rural",-8.383333,51.916668,0,4300,0,0,100,300,0,282.144989,0.556855,1222200,107.0490036,8665.599609,0.547469,11,0,0,1.9432499,3.2304499,62,10.8275003,5.2977901,33602.5,90373.10156,10013.7002,"IE0091A",-8.38330078093016,51.9166870115337,"EEA AirBase v8 ArcGIS","station_european_code",1,1,FALSE,TRUE,"IE","IRELAND"
1091,"IE0098A",8,2010,"day",34.717,"IE0098A","IRELAND","Traffic","urban",-6.288889,53.341667,0,0,0,0,1100,600,0,0,0,1060430,270.1419983,43092.60156,4.09164,0,82,0,2.0037601,3.34287,22,10.0619001,2.6250701,62019.39844,190015,21299.90039,"IE0098A",-6.28887939489481,53.3416748046893,"EEA AirBase v8 ArcGIS","station_european_code",1,1,FALSE,TRUE,"IE","IRELAND"
1092,"IE0105A",8,2010,"day",33.04,"IE0105A","IRELAND","Traffic","urban",-6.266667,53.347221,0,0,0,0,100,1600,0,0,0,1164780,311.8909912,193917,18.4123993,0,123,0,2.0039501,2.8494799,10,10.1531,2.6299,81309.70313,152939,20967.90039,"IE0105A",-6.26660156212423,53.3472900389204,"EEA AirBase v8 ArcGIS","station_european_code",1,1,FALSE,TRUE,"IE","IRELAND"
1093,"IE0118A",8,2010,"day",9.449,"IE0118A","IRELAND","Background","suburban",-9.299723,53.851109,0,300,0,0,0,2900,0,0,0.147571,0,0,102102,5.54984,8,0,0,1.9991,4.2210398,39,9.8615799,5.0772099,36402.69922,16220.7998,23402.19922,"IE0118A",-9.2996826173279,53.8510742186084,"EEA AirBase v8 ArcGIS","station_european_code",1,1,FALSE,TRUE,"IE","IRELAND"
1094,"IE0121A",8,2010,"day",14.489,"IE0121A","IRELAND","Background","suburban",-8.606951,52.667778,0,500,0,0,0,2600,0,27.2180004,0.169254,504480,50.1464996,99116.89844,6.25176,0,0,0,2.00143,3.5682001,6,10.3114996,3.5014801,29765.19922,27807.09961,26113.09961,"IE0121A",-8.60681152305355,52.6679077150327,"EEA AirBase v8 ArcGIS","station_european_code",1,1,FALSE,TRUE,"IE","IRELAND"
1095,"IE0135A",8,2010,"day",28.841,"IE0135A","IRELAND","Background","urban",-6.214247,53.341499,0,0,0,0,0,1100,0,0,0,394841,50.3446007,129278,12.2749004,0,142,0,2.0026,2.3494799,3,10.2119999,2.6335399,56937.5,238678,11120.2002,"IE0135A",-6.21411132830836,53.3414916990172,"EEA AirBase v8 ArcGIS","station_european_code",1,1,FALSE,TRUE,"IE","IRELAND"
1096,"IE0140A",8,2010,"day",15.223,"IE0140A","IRELAND","Background","suburban",-6.131945,53.274723,0,0,0,200,100,2500,0,0,0.0063737,327154,85.9542999,258555,24.5498009,0,59,0,1.9613,3.17609,47,10.2748003,2.64745,41899.39844,55614.19922,31700.80078,"IE0140A",-6.13189697271995,53.2747192383789,"EEA AirBase v8 ArcGIS","station_european_code",1,1,FALSE,TRUE,"IE","IRELAND"
1100,"IT0187A",8,2010,"day",43.912,"IT0187A","ITALY","Traffic","urban",11.613056,44.842499,0,0,0,0,0,2900,0,0,0.232968,2146920,89.0029984,131462,8.3009996,0,0,0,2.0043199,4.7082801,11,14.0639,1.1716501,78330.29688,109872,28037.90039,"IT0187A",11.6130981446972,44.8425292969829,"EEA AirBase v8 ArcGIS","station_european_code",1,1,FALSE,TRUE,"IT","ITALY"
1101,"IT0267A",8,2010,"day",30.607,"IT0267A","ITALY","Background","suburban",9.414721,45.329445,0,5300,0,0,0,400,0,1021.450012,2.4274299,3060130,79.4187012,9112.75,0.622552,0,81,0,2.0043199,5.0362501,83,13.3184996,0.998332,26174.19922,103451,4550.930176,"IT0267A",9.41467285137211,45.3295288088619,"EEA AirBase v8 ArcGIS","station_european_code",1,1,FALSE,TRUE,"IT","ITALY"
1102,"IT0440A",8,2010,"day",34.161,"IT0440A","ITALY","Background","urban",12.153611,45.525002,0,1700,0,0,100,2200,0,221.3560028,2.2451301,1283600,32.2882004,128183,7.7026801,0,29,0,2.0038099,4.3312101,7,13.6718998,0.590451,46574.80078,35672.80078,8003.359863,"IT0440A",12.1536865238854,45.5250854494074,"EEA AirBase v8 ArcGIS","station_european_code",1,1,FALSE,TRUE,"IT","ITALY"
1103,"IT0447A",8,2010,"day",23.443,"IT0447A","ITALY","Background","urban",12.279166,45.200001,0,1200,0,0,300,1400,0,88.5425034,0.756784,1801180,51.486599,112160,6.73984,0,0,0,2.0043199,3.2644601,0,14.7353001,2.14817,47729.5,87755.10156,9468.030273,"IT0447A",12.2792968747805,45.2000732422888,"EEA AirBase v8 ArcGIS","station_european_code",1,1,FALSE,TRUE,"IT","ITALY"
1104,"IT0455A",8,2010,"day",41.115,"IT0455A","ITALY","Traffic","suburban",13.455277,43.607777,0,200,0,0,100,2700,0,0,0.593045,1337570,26.8407993,232302,13.5466995,0,145,0,1.85857,2.4771199,13,15.1991997,2.3433499,34642.39844,42093.89844,3975.530029,"IT0455A",13.4553222659055,43.6079101561161,"EEA AirBase v8 ArcGIS","station_european_code",1,1,FALSE,TRUE,"IT","ITALY"
1105,"IT0456A",8,2010,"day",43.606,"IT0456A","ITALY","Traffic","urban",13.221944,43.714169,0,0,0,0,0,2800,0,0,0.217592,3287260,51.1253014,232302,13.5466995,0,0,30,1.98554,2.45155,7,0,0.798212,49461.60156,63497.60156,14960.5,"IT0456A",13.2219238285353,43.714294433852,"EEA AirBase v8 ArcGIS","station_european_code",1,1,FALSE,TRUE,"IT","ITALY"
1106,"IT0459A",8,2010,"day",29.304,"IT0459A","ITALY","Background","suburban",13.341944,43.598888,0,6700,0,0,0,0,0,921.4890137,0.738107,4058060,56.2378006,0,0,0,50,0,1.95602,3.7386301,18,14.8832998,2.26859,87760.70313,123428,2877.030029,"IT0459A",13.3419189453366,43.598876953145,"EEA AirBase v8 ArcGIS","station_european_code",1,1,FALSE,TRUE,"IT","ITALY"
1107,"IT0460A",8,2010,"day",32.313,"IT0460A","ITALY","Traffic","urban",13.245,43.526943,0,1000,0,0,0,2800,0,36.8596001,0.616511,7027930,95.2209015,251661,14.6756001,0,0,0,1.98157,4.2061501,72,14.3319998,1.48484,72941.39844,147685,17052.90039,"IT0460A",13.2451171874126,43.52691650364,"EEA AirBase v8 ArcGIS","station_european_code",1,1,FALSE,TRUE,"IT","ITALY"
1108,"IT0461A",8,2010,"day",28.751,"IT0461A","ITALY","Industrial","suburban",13.3875,43.633335,0,500,0,0,800,300,0,0,0.257057,3491290,64.5457001,19358.5,1.12889,0,145,0,1.94266,2.45155,3,15.1589003,2.3486199,61971.39844,146972,5544.810059,"IT0461A",13.3875122072518,43.6334838869962,"EEA AirBase v8 ArcGIS","station_european_code",1,1,FALSE,TRUE,"IT","ITALY"
1109,"IT0462A",8,2010,"day",26.707,"IT0462A","ITALY","Industrial","suburban",13.370556,43.636112,0,3900,300,0,100,0,0,921.4890137,0.486382,3763340,64.5457001,0,0,0,0,0,1.99367,2.8621399,2,15.1559,2.35339,58892,171943,2144.689941,"IT0462A",13.3704833986712,43.6361083985887,"EEA AirBase v8 ArcGIS","station_european_code",1,1,FALSE,TRUE,"IT","ITALY"
1110,"IT0467A",8,2010,"day",63.851,"IT0467A","ITALY","Traffic","urban",9.142222,45.475277,0,0,0,0,0,2000,0,0,0,4903050,139.8439941,405683,29.4813004,0,0,6,1.9993401,5.0752802,129,13.0571003,0.46727,89877.70313,119861,25213.19922,"IT0467A",9.14227294921739,45.475280761918,"EEA AirBase v8 ArcGIS","station_european_code",1,1,FALSE,TRUE,"IT","ITALY"
1111,"IT0470A",8,2010,"day",74.461,"IT0470A","ITALY","Traffic","urban",7.695,45.103611,0,0,0,400,300,1200,0,0,0.0817472,4866520,262.7189941,102133,6.1304798,0,253,0,2.0027101,5.0311098,234,12.4891996,0.357981,64665.80078,248283,15849.7998,"IT0470A",7.69512939464291,45.1036987307786,"EEA AirBase v8 ArcGIS","station_european_code",1,1,FALSE,TRUE,"IT","ITALY"
1112,"IT0477A",8,2010,"day",73.302,"IT0477A","ITALY","Traffic","urban",9.191389,45.495556,0,0,0,0,100,2000,0,0,0.0105989,6284570,177.4369965,324546,23.5849991,0,169,0,2.0028,5.0855498,131,13.0246,0.466426,104120,186212,23120.80078,"IT0477A",9.19152832005073,45.4954833981581,"EEA AirBase v8 ArcGIS","station_european_code",1,1,FALSE,TRUE,"IT","ITALY"
1113,"IT0499A",8,2010,"day",18.018,"IT0499A","ITALY","Background","suburban",10.859167,46.619442,0,2400,0,0,0,1700,0,243.6719971,1.2749,1664830,25.3302994,128412,8.9671202,0,0,0,1.13964,5.25037,634,1.81937,0,28868.59961,14982.59961,4132.459961,"IT0499A",10.8593139645681,46.6195068360229,"EEA AirBase v8 ArcGIS","station_european_code",1,1,FALSE,TRUE,"IT","ITALY"
1114,"IT0502A",8,2010,"day",44.194,"IT0502A","ITALY","Traffic","urban",11.340833,46.482502,0,0,0,0,700,1300,0,0,0.476931,16401700,438.2130127,110068,7.6861,0,0,0,1.23563,5.15486,251,7.5117798,0.738247,47344.60156,153393,14960.5,"IT0502A",11.3408813479434,46.4824829102209,"EEA AirBase v8 ArcGIS","station_european_code",1,1,FALSE,TRUE,"IT","ITALY"
1115,"IT0503A",8,2010,"day",33.295,"IT0503A","ITALY","Background","urban",11.342222,46.5,0,0,0,0,0,2900,0,0,0.495408,5549440,37.9953995,238480,16.6532001,0,151,0,1.02715,5.1593099,273,7.41993,0.737824,58892,44947.69922,27514.80078,"IT0503A",11.3422851560177,46.5001220705221,"EEA AirBase v8 ArcGIS","station_european_code",1,1,FALSE,TRUE,"IT","ITALY"
1116,"IT0544A",8,2010,"day",26.329,"IT0544A","ITALY","Background","suburban",9.830277,44.823887,0,2200,0,0,100,2300,0,47.531601,1.28839,507409,23.4132996,144102,8.0960999,0,0,0,1.73023,4.8397698,223,12.4299002,1.01375,40031.19922,44234.30078,3609.360107,"IT0544A",9.83032226523733,44.8239135743796,"EEA AirBase v8 ArcGIS","station_european_code",1,1,FALSE,TRUE,"IT","ITALY"
1117,"IT0559A",8,2010,"day",34.152,"IT0559A","ITALY","Industrial","suburban",9.618889,45.65889,0,5300,0,0,400,200,0,657.0570068,0.542533,5182960,194.201004,0,0,0,0,0,2.0043199,5.1717701,209,12.0468998,0.392971,52348.5,87041.70313,15640.59961,"IT0559A",9.61889648407105,45.6588745118816,"EEA AirBase v8 ArcGIS","station_european_code",1,1,FALSE,TRUE,"IT","ITALY"
1118,"IT0591A",8,2010,"day",28.488,"IT0591A","ITALY","Background","urban",11.036389,45.893059,0,0,0,0,0,2800,0,0,0.443665,0,0,146565,9.6624899,0,0,0,0.718226,5.0683198,196,8.9544296,0.365727,47537,0,27044,"IT0591A",11.0364990231723,45.8931274412755,"EEA AirBase v8 ArcGIS","station_european_code",1,1,FALSE,TRUE,"IT","ITALY"
1119,"IT0594A",8,2010,"day",47.557,"IT0594A","ITALY","Traffic","urban",10.223611,45.540833,0,0,0,0,400,1700,0,0,0.318644,6549150,138.2669983,74521.79688,4.8722501,0,0,0,1.8000799,5.1856499,180,12.3057003,0.842138,75828.29688,189779,24167,"IT0594A",10.2236938472303,45.5408935546362,"EEA AirBase v8 ArcGIS","station_european_code",1,1,FALSE,TRUE,"IT","ITALY"
1120,"IT0612A",8,2010,"day",29.202,"IT0612A","ITALY","Background","suburban",15.152778,37.213612,0,2000,300,0,700,0,0,368.8080139,2.6608601,3891860,69.8855972,0,0,0,0,0,1.95208,3.43136,42,17.4015999,0,45227.5,139837,836.9530029,"IT0612A",15.1528930664308,37.2136840822884,"EEA AirBase v8 ArcGIS","station_european_code",1,1,FALSE,TRUE,"IT","ITALY"
1121,"IT0615A",8,2010,"day",17.991,"IT0615A","ITALY","Industrial","suburban",15.202499,37.142502,0,6800,0,0,0,800,0,860.5529785,1.59376,4673550,92.0444031,42207.10156,2.5014501,0,0,0,1.98778,3.04845,17,17.5844002,0,23287.40039,194060,3818.600098,"IT0615A",15.2025146480661,37.1425170901826,"EEA AirBase v8 ArcGIS","station_european_code",1,1,FALSE,TRUE,"IT","ITALY"
1122,"IT0618A",8,2010,"day",25.766,"IT0618A","ITALY","Industrial","urban",15.22111,37.217777,0,0,0,0,0,1300,0,0,0,0,0,59090,3.5020299,0,0,0,1.99947,0,3,0,0,2694.409912,9274.929688,4184.77002,"IT0618A",15.2211303710202,37.2178955075998,"EEA AirBase v8 ArcGIS","station_european_code",1,1,FALSE,TRUE,"IT","ITALY"
1123,"IT0620A",8,2010,"day",42.018,"IT0620A","ITALY","Traffic","urban",15.268611,37.103054,0,3500,0,0,0,1300,0,573.7020264,0.854785,765066,17.0452995,50648.60156,3.00174,0,0,0,1.96691,2.4771199,55,17.8960991,0,46959.69922,47088.10156,12711.2002,"IT0620A",15.2686767581109,37.1030883788045,"EEA AirBase v8 ArcGIS","station_european_code",1,1,FALSE,TRUE,"IT","ITALY"
1124,"IT0643A",8,2010,"day",47.247,"IT0643A","ITALY","Traffic","urban",8.611945,44.906391,0,0,0,0,0,2700,0,0,0.216398,3102440,39.5564995,156508,9.4502296,0,0,0,2.0043199,4.73352,98,13.1048002,1.66868,95459,160528,25370.09961,"IT0643A",8.61187744184262,44.9064941408075,"EEA AirBase v8 ArcGIS","station_european_code",1,1,FALSE,TRUE,"IT","ITALY"
1125,"IT0659A",8,2010,"day",35.205,"IT0659A","ITALY","Background","urban",11.425834,45.50111,0,700,0,0,0,2900,0,0,0.792946,7034220,40.2780991,117491,7.62391,0,0,0,1.94328,4.8624701,63,12.7833996,0.480908,46767.19922,99170.39844,21917.69922,"IT0659A",11.4259033205788,45.5010986330338,"EEA AirBase v8 ArcGIS","station_european_code",1,1,FALSE,TRUE,"IT","ITALY"
1126,"IT0663A",8,2010,"day",23.839,"IT0663A","ITALY","Background","urban",11.368611,45.714447,0,600,0,0,0,2900,0,0,0.647151,4663990,91.5411987,117491,7.62391,0,0,0,1.70061,4.92977,189,10.1334,0.394337,86028.60156,58503.39844,22493.09961,"IT0663A",11.3687133787758,45.7144775389207,"EEA AirBase v8 ArcGIS","station_european_code",1,1,FALSE,TRUE,"IT","ITALY"
1127,"IT0684A",8,2010,"day",38.385,"IT0684A","ITALY","Background","urban",10.629167,44.684723,0,100,0,0,0,2900,0,0,0.243019,1742770,14.7838001,165952,10.3395004,0,6,0,2.0043199,4.9329,66,13.3687,1.49281,91802.29688,51368.89844,34367.39844,"IT0684A",10.6290893550467,44.6846923826132,"EEA AirBase v8 ArcGIS","station_european_code",1,1,FALSE,TRUE,"IT","ITALY"
1128,"IT0702A",8,2010,"day",46.134,"IT0702A","ITALY","Traffic","urban",10.624445,44.699722,0,0,0,0,0,2900,0,0,0.134622,5130140,112.1110001,165952,10.3395004,0,157,0,2.0043199,4.9391899,58,13.4455996,1.49243,90070.20313,112726,31228.80078,"IT0702A",10.6245117191235,44.6997070309503,"EEA AirBase v8 ArcGIS","station_european_code",1,1,FALSE,TRUE,"IT","ITALY"
1129,"IT0703A",8,2010,"day",30.14,"IT0703A","ITALY","Background","urban",11.454444,46.051109,0,600,0,0,100,2500,0,0,0.840446,1411910,59.7186012,135291,8.91922,0,0,0,0.153201,5.0033102,391,6.9268498,0.351899,33102.69922,9274.929688,10461.90039,"IT0703A",11.4545288081487,46.0510864258031,"EEA AirBase v8 ArcGIS","station_european_code",1,1,FALSE,TRUE,"IT","ITALY"
1130,"IT0705A",8,2010,"day",50.05,"IT0705A","ITALY","Traffic","urban",9.195833,45.46278,0,0,0,100,100,2300,0,0,0,2898490,73.6815033,405683,29.4813004,0,0,0,2.0039699,5.0729699,125,13.1302996,0,89300.29688,67778.39844,30758,"IT0705A",9.19592285147118,45.4628906250504,"EEA AirBase v8 ArcGIS","station_european_code",1,1,FALSE,TRUE,"IT","ITALY"
1131,"IT0706A",8,2010,"day",33.527,"IT0706A","ITALY","Background","urban",9.3275,45.482777,0,400,0,100,0,2700,0,0,1.30897,9426860,368.4070129,486819,35.3774986,0,0,0,2.0038199,5.0890498,118,13.1400003,0.93508,34834.80078,233300,9258.790039,"IT0706A",9.32751464816027,45.4829101559446,"EEA AirBase v8 ArcGIS","station_european_code",1,1,FALSE,TRUE,"IT","ITALY"
1132,"IT0721A",8,2010,"day",53.157,"IT0721A","ITALY","Traffic","urban",10.903611,44.632774,0,0,0,100,300,2200,0,0,0.529252,2555600,46.3973007,121330,7.6189499,0,205,0,2.0041399,4.9759302,41,13.6272001,1.54562,83334.20313,67778.39844,22597.69922,"IT0721A",10.9036865238099,44.6328735352715,"EEA AirBase v8 ArcGIS","station_european_code",1,1,FALSE,TRUE,"IT","ITALY"
1133,"IT0741A",8,2010,"day",25.11,"IT0741A","ITALY","Background","rural",10.299445,45.24889,0,4200,0,0,0,1800,0,500.5480042,2.3112299,0,0,83837,5.4812799,0,0,0,2.0043199,5.11025,45,13.4280005,1.01592,45804.89844,0,7637.200195,"IT0741A",10.2994995119873,45.248901366895,"EEA AirBase v8 ArcGIS","station_european_code",1,1,FALSE,TRUE,"IT","ITALY"
1134,"IT0743A",8,2010,"day",22.745,"IT0743A","ITALY","Background","urban",10.480833,45.463333,0,700,0,0,0,2900,0,0,1.6208301,2635630,87.6813965,121098,7.9173999,0,0,0,1.9687099,5.1592598,182,13.1395998,0.875687,52348.5,74912.89844,14437.40039,"IT0743A",10.4808959957127,45.4633178713858,"EEA AirBase v8 ArcGIS","station_european_code",1,1,FALSE,TRUE,"IT","ITALY"
1135,"IT0753A",8,2010,"day",35.13,"IT0753A","ITALY","Background","urban",10.839444,45.893333,0,300,0,0,0,2600,0,0,0.600815,70595.60156,0,146565,9.6624899,0,0,0,0.601598,5.1167002,93,8.3164396,0.366977,51963.60156,713.4559937,17052.90039,"IT0753A",10.8394775389406,45.8933105466752,"EEA AirBase v8 ArcGIS","station_european_code",1,1,FALSE,TRUE,"IT","ITALY"
1136,"IT0758A",8,2010,"day",39.056,"IT0758A","ITALY","Traffic","urban",13.229444,46.060555,0,0,0,0,0,2700,0,0,0.0633898,504918,32.3736,91049.60156,5.5914898,0,0,11,2.0034699,4.5785999,113,12.1457996,0.937689,93534.39844,47088.10156,30915,"IT0758A",13.2294921878046,46.0604858396881,"EEA AirBase v8 ArcGIS","station_european_code",1,1,FALSE,TRUE,"IT","ITALY"
1137,"IT0764A",8,2010,"day",42.559,"IT0764A","ITALY","Traffic","urban",8.797778,45.65667,0,0,0,0,0,2900,0,0,0.0442706,2994680,124.9110031,113981,7.82582,0,0,0,2.0043199,5.13481,244,12.7179003,0,68707.39844,67778.39844,32745.80078,"IT0764A",8.79791259752313,45.6566772461593,"EEA AirBase v8 ArcGIS","station_european_code",1,1,FALSE,TRUE,"IT","ITALY"
1138,"IT0770A",8,2010,"day",40.048,"IT0770A","ITALY","Background","urban",9.081111,45.542778,0,900,0,0,1000,1000,0,91.0009003,0.776372,6555460,196.9850006,121705,8.8443804,0,0,0,2.0043099,5.0991602,156,12.8430996,0.460373,54273.10156,141264,19668.40039,"IT0770A",9.08111572282798,45.5429077151446,"EEA AirBase v8 ArcGIS","station_european_code",1,1,FALSE,TRUE,"IT","ITALY"
1139,"IT0775A",8,2010,"day",20.534,"IT0775A","ITALY","Background","suburban",9.385,46.137222,0,4700,200,0,0,600,0,434.5769958,0.495847,1525860,44.1122017,19173.69922,1.31747,0,0,0,1.00302,5.2890701,234,6.8705802,1.11482,22517.5,36386.30078,5910.979981,"IT0775A",9.38507080076518,46.1373291015021,"EEA AirBase v8 ArcGIS","station_european_code",1,1,FALSE,TRUE,"IT","ITALY"
1140,"IT0778A",8,2010,"day",36.922,"IT0778A","ITALY","Traffic","urban",9.591389,45.518333,0,0,0,0,100,2600,0,0,0.83231,6663810,251.3190002,121538,8.2951698,0,0,0,2.0043199,5.1232901,127,13.1267004,0.884994,50423.89844,121288,16896,"IT0778A",9.59149169917437,45.5183105466859,"EEA AirBase v8 ArcGIS","station_european_code",1,1,FALSE,TRUE,"IT","ITALY"
1141,"IT0782A",8,2010,"day",38.352,"IT0782A","ITALY","Background","urban",9.715278,45.685558,0,400,0,0,100,2300,0,0,0.347221,9502100,344.3389893,121538,8.2951698,0,81,0,1.9859999,5.1849699,258,11.6332998,0.375113,62548.69922,271827,16896,"IT0782A",9.71527099605946,45.6854858398511,"EEA AirBase v8 ArcGIS","station_european_code",1,1,FALSE,TRUE,"IT","ITALY"
1142,"IT0813A",8,2010,"day",45.01,"IT0813A","ITALY","Traffic","urban",14.260555,37.067497,0,0,0,100,0,2700,0,0,0.236943,3155830,141.7290039,159545,9.9036703,0,0,0,1.98313,2.9933901,14,0,0,44072.80078,147685,13966.7002,"IT0813A",14.2606811519472,37.0675048826509,"EEA AirBase v8 ArcGIS","station_european_code",1,1,FALSE,TRUE,"IT","ITALY"
1143,"IT0815A",8,2010,"day",9.797,"IT0815A","ITALY","Industrial","suburban",14.283334,37.062778,0,2700,0,0,900,0,0,360.6170044,0.494928,6817100,395.7380066,0,0,0,0,0,2.00424,3.2304499,14,17.3022003,0,38876.39844,368857,52.3096008,"IT0815A",14.2833251955198,37.0629272458589,"EEA AirBase v8 ArcGIS","station_european_code",1,1,FALSE,TRUE,"IT","ITALY"
1144,"IT0816A",8,2010,"day",6.236,"IT0816A","ITALY","Background","rural",14.316944,37.058334,0,7800,0,0,0,0,0,950.71698,1.03011,665684,40.4940987,0,0,0,0,0,1.9667799,3.4804699,44,17.1233006,0,23287.40039,60643.80078,0,"IT0816A",14.3170776370125,37.0582885740112,"EEA AirBase v8 ArcGIS","station_european_code",1,1,FALSE,TRUE,"IT","ITALY"
1145,"IT0817A",8,2010,"day",56.533,"IT0817A","ITALY","Traffic","urban",14.391111,37.146946,0,0,0,0,0,2900,0,0,0.902946,0,0,159545,9.9036703,0,0,0,1.91212,4.17062,317,16.1494007,0.732506,28483.69922,0,13652.7998,"IT0817A",14.3911132810967,37.1470947263859,"EEA AirBase v8 ArcGIS","station_european_code",1,1,FALSE,TRUE,"IT","ITALY"
1146,"IT0821A",8,2010,"day",24.665,"IT0821A","ITALY","Industrial","suburban",13.215555,45.813332,0,3600,0,0,800,200,0,304.0270081,0.52882,1577870,80.539299,7587.470215,0.465958,0,0,0,2.0039799,4.0272698,3,13.4103003,0.584306,31178.09961,100597,3347.810059,"IT0821A",13.2156982422066,45.8134765624244,"EEA AirBase v8 ArcGIS","station_european_code",1,1,FALSE,TRUE,"IT","ITALY"
1147,"IT0824A",8,2010,"day",17.68,"IT0824A","ITALY","Background","suburban",13.576944,46.503334,0,1400,600,0,0,2200,0,152.0130005,0.616766,178825,4.7375998,83462.10156,5.1255398,0,0,0,1.299,4.8954601,739,5.7273998,0,29830.90039,4280.740234,4132.459961,"IT0824A",13.5770874024814,46.5034790036656,"EEA AirBase v8 ArcGIS","station_european_code",1,1,FALSE,TRUE,"IT","ITALY"
1148,"IT0828A",8,2010,"day",64.256,"IT0828A","ITALY","Traffic","urban",12.508889,41.883053,0,0,0,200,200,1900,0,0,0.076038,7844900,158.9459991,257363,16.6007004,0,200,13,1.99453,4.3872199,47,14.8851995,2.5111499,131449,161241,19145.30078,"IT0828A",12.5089111329652,41.8831176755311,"EEA AirBase v8 ArcGIS","station_european_code",1,1,FALSE,TRUE,"IT","ITALY"
1149,"IT0832A",8,2010,"day",44.682,"IT0832A","ITALY","Traffic","urban",11.876667,43.462502,0,0,0,0,0,2900,0,0,0.227203,2270090,9.4573898,203297,11.9413996,0,0,0,1.91328,4.9408598,268,12.3438997,0.685549,80832.20313,61357.19922,30915,"IT0832A",11.876708984011,43.462524413872,"EEA AirBase v8 ArcGIS","station_european_code",1,1,FALSE,TRUE,"IT","ITALY"
1150,"IT0837A",8,2010,"day",36.614,"IT0837A","ITALY","Background","urban",9.556389,45.633053,0,5600,200,0,0,400,0,782.2109985,1.1259201,4781900,70.1734009,10128.2002,0.691265,0,0,0,1.9996901,5.15871,185,12.3737001,0.801053,27136.5,93462.79688,5806.359863,"IT0837A",9.55651855500835,45.6331176755988,"EEA AirBase v8 ArcGIS","station_european_code",1,1,FALSE,TRUE,"IT","ITALY"
1151,"IT0839A",8,2010,"day",29.339,"IT0839A","ITALY","Background","urban",9.705,45.367222,0,2800,100,0,0,2400,0,314.75,2.2911401,1591310,58.2904015,90294.60156,5.9155102,0,0,0,2.0043199,5.0755401,75,13.4703999,0.93496,40223.60156,79907.10156,12031.2002,"IT0839A",9.70507812514429,45.3673095705406,"EEA AirBase v8 ArcGIS","station_european_code",1,1,FALSE,TRUE,"IT","ITALY"
1152,"IT0840A",8,2010,"day",29.082,"IT0840A","ITALY","Traffic","suburban",9.864167,45.284721,0,1300,0,0,400,2000,0,62.9500999,3.0558801,238071,16.2870007,67720.89844,4.4366298,0,0,0,2.0043199,5.0614901,65,13.3709002,0.987156,9815.339844,12128.7998,11822,"IT0840A",9.86431884726471,45.2847290039717,"EEA AirBase v8 ArcGIS","station_european_code",1,1,FALSE,TRUE,"IT","ITALY"
1153,"IT0842A",8,2010,"day",25.169,"IT0842A","ITALY","Background","rural",10.007222,45.279167,0,7500,100,0,0,100,0,1699.650024,3.3549399,87710.20313,1.71442,0,0,0,0,0,2.0034399,5.0784402,51,13.3661003,1.00221,12124.7998,4994.189941,1046.189941,"IT0842A",10.0073242184406,45.2792968751717,"EEA AirBase v8 ArcGIS","station_european_code",1,1,FALSE,TRUE,"IT","ITALY"
1154,"IT0846A",8,2010,"day",31.478,"IT0846A","ITALY","Industrial","suburban",10.313056,45.504723,0,3100,0,0,1000,200,0,318.5310059,1.53374,3973420,133.7700043,0,0,0,0,0,1.89894,5.1858602,142,12.6778002,0.843183,48306.89844,113440,7898.75,"IT0846A",10.313110351286,45.5046997071567,"EEA AirBase v8 ArcGIS","station_european_code",1,1,FALSE,TRUE,"IT","ITALY"
1155,"IT0853A",8,2010,"day",44.386,"IT0853A","ITALY","Traffic","urban",8.886111,44.418335,0,0,0,0,100,2000,0,0,0.11189,10043500,355.0409851,286701,17.6599998,0,72,0,1.75086,3.04318,23,13.9926996,1.51773,98538.29688,176937,14019,"IT0853A",8.88610839800725,44.418273925729,"EEA AirBase v8 ArcGIS","station_european_code",1,1,FALSE,TRUE,"IT","ITALY"
1156,"IT0856A",8,2010,"day",22.864,"IT0856A","ITALY","Background","urban",8.941112,44.407501,0,0,0,400,200,2000,0,0,0.0133447,3413800,130.5299988,208510,12.8436003,0,0,0,1.7396899,3.01265,32,13.9963999,1.50762,102772,56363,22545.40039,"IT0856A",8.94110107409998,44.407470703139,"EEA AirBase v8 ArcGIS","station_european_code",1,1,FALSE,TRUE,"IT","ITALY"
1157,"IT0858A",8,2010,"day",29.5,"IT0858A","ITALY","Background","urban",8.992223,44.396389,0,0,0,400,100,1600,0,0,0.112403,1731640,46.990799,130318,8.0272503,0,0,0,1.7307301,2.8010299,57,0,1.50772,61201.5,24257.5,22336.19922,"IT0858A",8.99230957010887,44.3964843746853,"EEA AirBase v8 ArcGIS","station_european_code",1,1,FALSE,TRUE,"IT","ITALY"
1158,"IT0863A",8,2010,"day",30.939,"IT0863A","ITALY","Traffic","urban",12.109167,42.421947,0,100,0,0,0,2800,0,0,0.543309,776787,5.0605402,150917,9.75986,0,0,15,1.93457,4.6017199,338,13.5717001,2.7807901,53695.69922,22117.09961,27096.40039,"IT0863A",12.1093139646436,42.4218749998038,"EEA AirBase v8 ArcGIS","station_european_code",1,1,FALSE,TRUE,"IT","ITALY"
1159,"IT0864A",8,2010,"day",25.045,"IT0864A","ITALY","Traffic","urban",12.415,42.289165,0,2000,600,0,0,2100,0,150.1679993,1.0479701,456933,8.6752195,116090,7.5075798,0,0,0,1.81089,4.6708102,132,13.8310003,1.87728,43303,9988.389648,9886.509766,"IT0864A",12.415100097489,42.2893066406676,"EEA AirBase v8 ArcGIS","station_european_code",1,1,FALSE,TRUE,"IT","ITALY"
1160,"IT0868A",8,2010,"day",58.338,"IT0868A","ITALY","Traffic","urban",12.893333,41.47139,0,800,0,0,0,2900,0,0,1.2173001,3102770,88.9337997,139230,8.8302298,0,74,0,2.00419,3.8633599,24,14.9146996,1.28049,51771.10156,47801.60156,24480.90039,"IT0868A",12.8933105467163,41.471496581743,"EEA AirBase v8 ArcGIS","station_european_code",1,1,FALSE,TRUE,"IT","ITALY"
1161,"IT0871A",8,2010,"day",49.155,"IT0871A","ITALY","Traffic","urban",13.250278,41.690002,0,2200,0,0,0,2100,0,87.8777008,0.720866,0,0,118671,8.9822302,0,0,0,1.7077,4.6384301,282,12.6717997,1.86022,47922,0,10043.40039,"IT0871A",13.2503051755706,41.6901245119583,"EEA AirBase v8 ArcGIS","station_european_code",1,1,FALSE,TRUE,"IT","ITALY"
1162,"IT0880A",8,2010,"day",48.703,"IT0880A","ITALY","Background","urban",11.021111,43.730278,0,1500,0,0,0,2200,0,63.7599983,0.568702,1313330,34.8944016,245671,14.9384003,0,0,0,1.81115,4.77003,29,13.9786997,1.21794,57544.80078,56363,10461.90039,"IT0880A",11.021118164099,43.7302856443983,"EEA AirBase v8 ArcGIS","station_european_code",1,1,FALSE,TRUE,"IT","ITALY"
1163,"IT0882A",8,2010,"day",59.119,"IT0882A","ITALY","Traffic","urban",10.948889,43.718891,0,0,0,0,0,2700,0,0,0.295725,1970000,67.7361984,319372,19.4199009,0,0,0,2.00333,4.7239299,30,14.0481005,1.23979,51193.69922,86328.20313,23330.09961,"IT0882A",10.9489135740248,43.7188720705482,"EEA AirBase v8 ArcGIS","station_european_code",1,1,FALSE,TRUE,"IT","ITALY"
1164,"IT0883A",8,2010,"day",12.883,"IT0883A","ITALY","Background","rural",11.323889,43.789165,0,5800,300,0,0,200,0,573.8400269,0.784464,53243.10156,1.02631,49134.10156,2.9876699,0,0,0,1.73728,4.9256802,213,12.7636003,1.2571,17321.19922,1426.910034,3713.979981,"IT0883A",11.3239135744966,43.7893066405688,"EEA AirBase v8 ArcGIS","station_european_code",1,1,FALSE,TRUE,"IT","ITALY"
1165,"IT0887A",8,2010,"day",30.224,"IT0887A","ITALY","Traffic","urban",12.726388,41.995556,0,400,0,0,800,1200,0,0,0.916258,7983500,193.9680023,128682,8.3003597,0,104,0,1.90663,4.6552701,88,14.2132998,2.20263,51001.30078,193347,9154.169922,"IT0887A",12.7265014644282,41.9954833981102,"EEA AirBase v8 ArcGIS","station_european_code",1,1,FALSE,TRUE,"IT","ITALY"
1166,"IT0888A",8,2010,"day",40.455,"IT0888A","ITALY","Traffic","urban",13.004444,41.730835,0,0,0,0,1000,900,0,0,1.01004,3742270,114.9440002,77209,4.9802198,0,140,0,1.81696,4.5741601,217,13.0162001,2.0883999,39261.39844,89182,13182,"IT0888A",13.004516601575,41.7308959958114,"EEA AirBase v8 ArcGIS","station_european_code",1,1,FALSE,TRUE,"IT","ITALY"
1167,"IT0892A",8,2010,"day",33.634,"IT0892A","ITALY","Background","urban",11.355,44.483334,0,0,0,1100,100,1500,0,0,0.244582,2435830,108.8820038,170199,10.5832996,0,166,0,1.92679,4.8674998,72,13.7268,0,83334.20313,116293,22231.59961,"IT0892A",11.3551025394771,44.4832763674789,"EEA AirBase v8 ArcGIS","station_european_code",1,1,FALSE,TRUE,"IT","ITALY"
1168,"IT0895A",8,2010,"day",36.609,"IT0895A","ITALY","Traffic","urban",12.186666,44.428612,0,3500,0,0,0,1800,0,793.9780273,1.54737,1022280,0,128958,7.9527702,0,33,0,2.0043199,3.94716,1,14.6379004,0.708623,58892,38526.60156,17837.59961,"IT0895A",12.1867065428759,44.4287109377352,"EEA AirBase v8 ArcGIS","station_european_code",1,1,FALSE,TRUE,"IT","ITALY"
1169,"IT0897A",8,2010,"day",37.943,"IT0897A","ITALY","Traffic","urban",14.228055,40.844444,0,0,0,100,0,2800,0,0,0.588896,1002110,24.6646996,289820,16.0419998,0,0,0,1.7807699,3.15588,189,16.1350994,1.55308,87760.70313,38526.60156,29293.40039,"IT0897A",14.2280883788924,40.8444824221973,"EEA AirBase v8 ArcGIS","station_european_code",1,1,FALSE,TRUE,"IT","ITALY"
1170,"IT0898A",8,2010,"day",60.342,"IT0898A","ITALY","Traffic","urban",14.251389,40.852776,0,0,0,0,600,2100,0,0,0,2590060,83.8598022,156057,8.6380196,0,173,0,1.87691,3.12884,67,16.0160999,1.54661,78715.20313,109872,26677.90039,"IT0898A",14.2515258792027,40.8529052734458,"EEA AirBase v8 ArcGIS","station_european_code",1,1,FALSE,TRUE,"IT","ITALY"
1171,"IT0903A",8,2010,"day",30.004,"IT0903A","ITALY","Background","suburban",10.73389,44.516109,0,500,0,0,400,1700,0,0,1.51274,3632820,160.1580048,114890,7.1581302,0,0,0,1.85853,4.8803401,161,12.6633997,0.990432,23479.80078,81334,8631.080078,"IT0903A",10.733886719074,44.5161132812768,"EEA AirBase v8 ArcGIS","station_european_code",1,1,FALSE,TRUE,"IT","ITALY"
1172,"IT0905A",8,2010,"day",20.466,"IT0905A","ITALY","Background","suburban",9.395833,46.32,0,1100,100,0,0,2500,0,38.8359985,0.295778,0,0,108948,7.5462499,0,0,0,0.123313,5.3318,328,4.6314802,1.16565,26559.19922,0,9938.820313,"IT0905A",9.39587402301701,46.3201293946857,"EEA AirBase v8 ArcGIS","station_european_code",1,1,FALSE,TRUE,"IT","ITALY"
1173,"IT0908A",8,2010,"day",19.703,"IT0908A","ITALY","Background","urban",10.3725,46.47028,0,900,100,0,0,2500,0,38.8359985,0.308964,1017140,23.7884998,118027,8.1751003,0,0,0,0.510533,5.2894802,1219,0.156235,0,30023.40039,7134.560059,7951.049805,"IT0908A",10.3724975587992,46.4702758787341,"EEA AirBase v8 ArcGIS","station_european_code",1,1,FALSE,TRUE,"IT","ITALY"
1174,"IT0912A",8,2010,"day",51.413,"IT0912A","ITALY","Background","urban",9.164721,45.19389,0,1100,0,0,0,2600,0,93.4494019,0.372164,3546820,156.348999,94150.10156,6.2634501,0,0,0,2.00425,4.94734,82,13.3065004,0,72556.5,130563,23277.80078,"IT0912A",9.16467285135702,45.1939086914544,"EEA AirBase v8 ArcGIS","station_european_code",1,1,FALSE,TRUE,"IT","ITALY"
1175,"IT0938A",8,2010,"day",30.19,"IT0938A","ITALY","Traffic","urban",14.808333,40.666668,0,800,0,0,200,1900,0,111.7409973,1.00616,637021,27.8607998,116485,6.6139102,0,0,0,1.65534,3.04845,25,14.2503996,0.687554,45612.5,41380.5,12815.7998,"IT0938A",14.8082885742018,40.6666870120514,"EEA AirBase v8 ArcGIS","station_european_code",1,1,FALSE,TRUE,"IT","ITALY"
1176,"IT0940A",8,2010,"day",32.887,"IT0940A","ITALY","Background","urban",10.664721,44.690834,0,4000,0,0,0,1300,0,550.1010132,0.846196,6136530,192.1900024,63827.80078,3.9767399,0,0,0,2.0043199,4.9433198,46,13.4661999,1.49068,78137.79688,199054,10671.2002,"IT0940A",10.6646728514476,44.6909179685246,"EEA AirBase v8 ArcGIS","station_european_code",1,1,FALSE,TRUE,"IT","ITALY"
1177,"IT0944A",8,2010,"day",33.176,"IT0944A","ITALY","Background","urban",11.079444,43.849998,0,1300,0,0,1000,1200,0,26.3521996,0.476024,3648860,319.9230042,16300.2998,1.0767699,0,112,0,1.99678,4.8179598,41,13.125,0.625232,48499.30078,291090,7271.029785,"IT0944A",11.0795288085752,43.8500976560681,"EEA AirBase v8 ArcGIS","station_european_code",1,1,FALSE,TRUE,"IT","ITALY"
1178,"IT0945A",8,2010,"day",48.303,"IT0945A","ITALY","Traffic","urban",11.105278,43.874722,0,0,0,0,0,2900,0,0,0.282855,968066,22.9944992,211903,13.9980001,0,0,0,1.83296,4.8344998,63,12.8888998,0.626673,92572.10156,69918.70313,29031.80078,"IT0945A",11.105285644863,43.8746948244192,"EEA AirBase v8 ArcGIS","station_european_code",1,1,FALSE,TRUE,"IT","ITALY"
1179,"IT0950A",8,2010,"day",22.12,"IT0950A","ITALY","Background","urban",11.888888,43.461113,0,600,0,0,0,2800,0,15.2195997,0.394513,0,0,203297,11.9413996,0,0,0,1.80964,4.9377599,266,12.3246002,0.687294,58892,5707.649902,23173.09961,"IT0950A",11.8889160152354,43.4611206054599,"EEA AirBase v8 ArcGIS","station_european_code",1,1,FALSE,TRUE,"IT","ITALY"
1180,"IT0952A",8,2010,"day",14.255,"IT0952A","ITALY","Background","rural",12.266389,41.889446,0,7700,200,0,0,0,0,1047.390015,1.53343,166323,0,0,0,0,0,0,1.96386,3.8653901,59,15.2827997,0.71343,17128.69922,4280.740234,52.3096008,"IT0952A",12.2664794922194,41.8895263672134,"EEA AirBase v8 ArcGIS","station_european_code",1,1,FALSE,TRUE,"IT","ITALY"
1181,"IT0957A",8,2010,"day",34.639,"IT0957A","ITALY","Background","suburban",12.659166,41.931389,0,5200,0,0,100,400,0,722.3410034,0.837685,4268960,82.6160965,51472.69922,3.3201499,0,0,0,1.99069,4.55966,48,14.4723997,2.3204801,52540.89844,106305,10200.40039,"IT0957A",12.6593017580094,41.9315185545032,"EEA AirBase v8 ArcGIS","station_european_code",1,1,FALSE,TRUE,"IT","ITALY"
1182,"IT0963A",8,2010,"day",30.388,"IT0963A","ITALY","Background","urban",12.262222,45.499168,0,0,0,1600,200,1000,0,0,0.776965,3995720,75.9208984,64091.39844,3.8513401,0,0,0,2.0043199,4.1145301,0,14.0087996,0.609314,58507.10156,115580,20923.80078,"IT0963A",12.2623291013336,45.4990844725243,"EEA AirBase v8 ArcGIS","station_european_code",1,1,FALSE,TRUE,"IT","ITALY"
1183,"IT0965A",8,2010,"day",38.683,"IT0965A","ITALY","Traffic","urban",11.86389,43.471947,0,1800,0,0,200,1600,0,76.0980988,0.293606,7195760,286.0859985,156382,9.1856604,0,0,0,1.98089,4.9411502,249,12.3234997,0.683416,70824.39844,158387,13600.5,"IT0965A",11.8638916014499,43.4719238281782,"EEA AirBase v8 ArcGIS","station_european_code",1,1,FALSE,TRUE,"IT","ITALY"
1184,"IT0977A",8,2010,"day",4.477,"IT0977A","ITALY","Background","rural",6.977778,45.729168,0,0,2900,0,0,0,0,208.9689941,0.200734,0,0,0,0,0,0,0,1.03904,5.2941599,1925,1.66379,1.13405,22132.59961,0,0,"IT0977A",6.97790527305337,45.7293090820984,"EEA AirBase v8 ArcGIS","station_european_code",1,1,FALSE,TRUE,"IT","ITALY"
1185,"IT0978A",8,2010,"day",25.815,"IT0978A","ITALY","Traffic","suburban",7.036944,45.7575,0,2500,0,0,0,2100,0,36.0290985,0.177099,0,0,121970,8.6352596,0,0,18,0.258273,5.2932801,926,1.9397,1.1338201,50808.80078,9988.389648,4969.410156,"IT0978A",7.03692626976456,45.7575073243816,"EEA AirBase v8 ArcGIS","station_european_code",1,1,FALSE,TRUE,"IT","ITALY"
1186,"IT0979A",8,2010,"day",5.428,"IT0979A","ITALY","Background","rural",7.235278,45.815834,0,3800,800,0,0,0,0,165.7339935,0.198436,0,0,0,0,0,0,0,0.780964,5.2859302,1316,2.6112001,0.389467,11739.90039,0,523.0960083,"IT0979A",7.2352905269368,45.8159179686893,"EEA AirBase v8 ArcGIS","station_european_code",1,1,FALSE,TRUE,"IT","ITALY"
1187,"IT0980A",8,2010,"day",27.194,"IT0980A","ITALY","Background","suburban",7.298889,45.730278,0,1900,0,0,0,1100,0,122.4990005,0.0988077,3210800,78.2686005,33264.39844,2.3550701,0,0,0,1.00432,5.2611198,571,3.19168,0.383643,72749,44947.69922,18988.40039,"IT0980A",7.29888916046941,45.7302856444393,"EEA AirBase v8 ArcGIS","station_european_code",1,1,FALSE,TRUE,"IT","ITALY"
1188,"IT0982A",8,2010,"day",24.549,"IT0982A","ITALY","Background","urban",7.322222,45.737778,0,0,0,0,0,2800,0,0,0.0782911,6535260,234.8059998,144146,10.2053003,0,0,0,1.12823,5.26051,587,3.24951,0.384418,91802.29688,82047.5,18883.80078,"IT0982A",7.32232665988132,45.7379150393206,"EEA AirBase v8 ArcGIS","station_european_code",1,1,FALSE,TRUE,"IT","ITALY"
1189,"IT0983A",8,2010,"day",30.772,"IT0983A","ITALY","Traffic","urban",7.324167,45.735832,0,0,0,0,600,1500,0,0,0.0789477,6648920,256.6749878,77617,5.4951601,0,0,0,1.12823,5.25985,581,3.24951,0.384418,89300.29688,83474.39844,17419.09961,"IT0983A",7.32427978505688,45.7359008788594,"EEA AirBase v8 ArcGIS","station_european_code",1,1,FALSE,TRUE,"IT","ITALY"
1190,"IT0988A",8,2010,"day",23.139,"IT0988A","ITALY","Background","rural",7.760278,45.5975,0,1500,1700,0,0,300,0,180.1459961,0.181202,227313,2.3020201,0,0,0,0,0,0.575043,5.1792798,350,6.61589,0,20593,5707.649902,2877.030029,"IT0988A",7.76031494165081,45.5974731442353,"EEA AirBase v8 ArcGIS","station_european_code",1,1,FALSE,TRUE,"IT","ITALY"
1191,"IT0989A",8,2010,"day",7.629,"IT0989A","ITALY","Background","rural",12.961945,42.572498,0,5800,0,0,0,500,0,222.5240021,0.632706,0,0,23607.19922,1.4599299,0,60,17,1.6109,4.9283299,949,10.0874996,1.68045,25019.5,0,2877.030029,"IT0989A",12.962097168407,42.5725097655282,"EEA AirBase v8 ArcGIS","station_european_code",1,1,FALSE,TRUE,"IT","ITALY"
1192,"IT0990A",8,2010,"day",25.522,"IT0990A","ITALY","Background","urban",13.043612,41.695835,0,6500,0,0,0,300,0,939.0430298,1.51442,0,0,51472.69922,3.3201499,0,74,0,1.62637,4.5459499,262,13.0606003,1.97893,39646.30078,0,1046.189941,"IT0990A",13.0437011717605,41.6959228517745,"EEA AirBase v8 ArcGIS","station_european_code",1,1,FALSE,TRUE,"IT","ITALY"
1193,"IT0992A",8,2010,"day",7.566,"IT0992A","ITALY","Background","rural",13.674445,41.670002,0,4700,800,0,0,400,0,366.1570129,0.873001,0,0,39557,2.9940801,0,0,0,1.48352,4.6571102,399,11.5236998,1.7289799,29638.5,0,261.5480042,"IT0992A",13.6744995117421,41.6701049804865,"EEA AirBase v8 ArcGIS","station_european_code",1,1,FALSE,TRUE,"IT","ITALY"
1194,"IT0995A",8,2010,"day",60.815,"IT0995A","ITALY","Traffic","urban",9.172222,45.541668,0,0,0,100,300,1800,0,0,0.19873,9210150,294.7260132,324546,23.5849991,0,0,0,2.00422,5.10217,151,12.8390999,0.464224,59469.39844,191206,19093,"IT0995A",9.17230224575997,45.5416870117642,"EEA AirBase v8 ArcGIS","station_european_code",1,1,FALSE,TRUE,"IT","ITALY"
1195,"IT1001A",8,2010,"day",35.146,"IT1001A","ITALY","Traffic","urban",10.512222,43.843889,0,0,0,500,0,2300,0,0,0.123946,5654350,66.9561005,152106,9.5620604,0,0,0,1.9900399,4.3120499,18,13.4787998,2.64902,65050.69922,96316.60156,26102.5,"IT1001A",10.5123291012279,43.8438720702559,"EEA AirBase v8 ArcGIS","station_european_code",1,1,FALSE,TRUE,"IT","ITALY"
1196,"IT1017A",8,2010,"day",53.829,"IT1017A","ITALY","Background","suburban",9.247778,45.49889,0,100,0,2100,0,800,0,0,0.262324,6420020,150.3699951,40568.30078,2.9481299,0,0,0,2.0035901,5.0897899,127,13.0702,0.469428,67937.5,176224,19145.30078,"IT1017A",9.24792480511604,45.498901366885,"EEA AirBase v8 ArcGIS","station_european_code",1,1,FALSE,TRUE,"IT","ITALY"
1197,"IT1026A",8,2010,"day",49.124,"IT1026A","ITALY","Traffic","urban",8.946389,44.572777,0,800,100,0,300,1100,0,93.5628967,0.510691,3067480,130.5299988,130318,8.0272503,0,0,0,1.56257,4.2467599,358,12.3191004,1.39351,46767.19922,34245.89844,5178.649902,"IT1026A",8.94647216765907,44.5728759768597,"EEA AirBase v8 ArcGIS","station_european_code",1,1,FALSE,TRUE,"IT","ITALY"
1198,"IT1027A",8,2010,"day",27.806,"IT1027A","ITALY","Traffic","urban",11.699444,44.35,0,1100,0,0,0,2600,0,79.1988983,0.589541,1439900,33.7910995,316084,19.6546993,0,0,0,1.97549,4.68787,50,13.7798004,0,51193.69922,68491.79688,24847,"IT1027A",11.6995239254067,44.3500976559537,"EEA AirBase v8 ArcGIS","station_european_code",1,1,FALSE,TRUE,"IT","ITALY"
1199,"IT1028A",8,2010,"day",37.805,"IT1028A","ITALY","Traffic","urban",11.710556,44.358056,0,0,0,0,0,2900,0,0,0.330821,4403690,237.4759979,316084,19.6546993,0,0,0,2.00108,4.6779399,50,13.8546,0.648063,61201.5,214750,21656.19922,"IT1028A",11.7106933593589,44.3580932620285,"EEA AirBase v8 ArcGIS","station_european_code",1,1,FALSE,TRUE,"IT","ITALY"
1200,"IT1030A",8,2010,"day",21.054,"IT1030A","ITALY","Background","urban",11.870556,44.283333,0,300,0,0,0,2800,0,0,1.3891701,2070770,35.9595985,186273,11.4872999,0,0,15,2.0043199,4.5712199,38,13.9945002,0,56967.5,40667,20191.5,"IT1030A",11.8704833985806,44.283325195417,"EEA AirBase v8 ArcGIS","station_european_code",1,1,FALSE,TRUE,"IT","ITALY"
1201,"IT1034A",8,2010,"day",54.988,"IT1034A","ITALY","Traffic","urban",9.156944,45.660835,0,0,0,0,1300,100,0,0,0.656965,4883710,215.2879944,0,0,0,0,0,2.0025899,5.1445699,224,12.4296999,0.41867,40031.19922,80620.60156,25527.09961,"IT1034A",9.15692138668671,45.6608886718812,"EEA AirBase v8 ArcGIS","station_european_code",1,1,FALSE,TRUE,"IT","ITALY"
1202,"IT1035A",8,2010,"day",39.441,"IT1035A","ITALY","Background","urban",9.368611,45.614166,0,0,0,0,0,2900,0,0,1.95243,5530220,189.3739929,166036,12.0032997,0,0,0,2.00422,5.13866,195,12.5564003,0.844956,48499.30078,92749.29688,17680.59961,"IT1035A",9.36871337865496,45.6140747071799,"EEA AirBase v8 ArcGIS","station_european_code",1,1,FALSE,TRUE,"IT","ITALY"
1203,"IT1041A",8,2010,"day",26.067,"IT1041A","ITALY","Traffic","urban",14.785001,40.702225,0,1700,600,200,100,1500,0,502.8349915,1.49519,682992,33.3485985,90599.5,5.1441498,0,0,0,1.55609,3.5255799,108,14.0204,0.677307,38876.39844,54222.69922,9101.870117,"IT1041A",14.7850952144263,40.7022705078298,"EEA AirBase v8 ArcGIS","station_european_code",1,1,FALSE,TRUE,"IT","ITALY"
1204,"IT1042A",8,2010,"day",35.088,"IT1042A","ITALY","Background","urban",12.559722,44.048332,0,0,0,0,0,2900,0,0,0.375509,4306910,115.5,212137,13.5030003,0,150,0,1.98871,3.4600599,8,14.4015999,0.730721,80447.29688,36386.30078,26782.5,"IT1042A",12.5596923830385,44.0482788085585,"EEA AirBase v8 ArcGIS","station_european_code",1,1,FALSE,TRUE,"IT","ITALY"
1205,"IT1048A",8,2010,"day",32.445,"IT1048A","ITALY","Background","urban",12.048889,44.219166,0,0,0,0,0,2900,0,0,0.177535,1275930,16.5613003,214612,13.9987001,0,188,0,2.0043199,4.4022298,29,14.1515999,0,79485,20690.19922,35989,"IT1048A",12.0488891598581,44.2192993163917,"EEA AirBase v8 ArcGIS","station_european_code",1,1,FALSE,TRUE,"IT","ITALY"
1206,"IT1061A",8,2010,"day",23.216,"IT1061A","ITALY","Background","urban",11.305278,45.639168,0,400,100,0,0,2800,0,36.9261017,1.36422,0,0,117491,7.62391,0,0,0,1.40614,4.9356999,242,10.8704996,0.842817,46574.80078,0,13809.7002,"IT1061A",11.3052978515425,45.6392822267842,"EEA AirBase v8 ArcGIS","station_european_code",1,1,FALSE,TRUE,"IT","ITALY"
1207,"IT1065A",8,2010,"day",27.222,"IT1065A","ITALY","Background","urban",11.736667,45.760834,0,0,0,0,0,2900,0,0,0.307955,2561370,32.9547997,117491,7.62391,0,0,0,1.8779401,4.8002601,114,11.7893,0.395166,78715.20313,32105.5,33425.80078,"IT1065A",11.7366943361813,45.7609252930832,"EEA AirBase v8 ArcGIS","station_european_code",1,1,FALSE,TRUE,"IT","ITALY"
1208,"IT1071A",8,2010,"day",28.911,"IT1071A","ITALY","Background","suburban",10.771667,43.713055,0,1400,0,0,0,2300,0,95.1909027,0.525635,5308520,172.8359985,141269,8.4131699,0,0,0,2.0043199,4.59308,18,14.1636,1.87234,52540.89844,156247,15745.2002,"IT1071A",10.7717285154205,43.7130737302836,"EEA AirBase v8 ArcGIS","station_european_code",1,1,FALSE,TRUE,"IT","ITALY"
1209,"IT1079A",8,2010,"day",58.573,"IT1079A","ITALY","Traffic","urban",13.354167,38.124443,0,0,0,300,300,2100,0,0,0.0011067,2164120,100.6740036,102995,5.9665999,0,61,0,1.9267401,3.02654,29,16.9508991,1.72438,92764.60156,89895.5,23905.5,"IT1079A",13.354309081962,38.1245117184101,"EEA AirBase v8 ArcGIS","station_european_code",1,1,FALSE,TRUE,"IT","ITALY"
1210,"IT1088A",8,2010,"day",20.998,"IT1088A","ITALY","Background","suburban",9.689167,45.711113,0,400,0,0,800,1400,0,0,0.50679,5429770,226.8399963,40512.60156,2.7650599,14,0,0,1.82994,5.1912298,271,11.3239002,0.373431,27713.90039,104165,18360.69922,"IT1088A",9.68908691383607,45.7111206055702,"EEA AirBase v8 ArcGIS","station_european_code",1,1,FALSE,TRUE,"IT","ITALY"
1211,"IT1090A",8,2010,"day",23.451,"IT1090A","ITALY","Industrial","suburban",13.7875,45.623055,0,0,0,0,600,1300,0,0,0.0237029,4051260,122.1240005,195270,12.5731001,0,0,0,1.90026,2.90646,20,12.3163996,0.662623,73133.89844,172656,12502,"IT1090A",13.7874755863754,45.6231079103292,"EEA AirBase v8 ArcGIS","station_european_code",1,1,FALSE,TRUE,"IT","ITALY"
1212,"IT1091A",8,2010,"day",21.858,"IT1091A","ITALY","Background","suburban",13.794445,45.61861,0,500,0,0,100,2400,0,0,0.0447721,5900290,182.697998,306852,19.7577991,0,0,0,1.84484,2.8621399,66,12.2273998,0.662819,73903.70313,221885,11874.2998,"IT1091A",13.7944946285434,45.6187133792093,"EEA AirBase v8 ArcGIS","station_european_code",1,1,FALSE,TRUE,"IT","ITALY"
1213,"IT1099A",8,2010,"day",40.038,"IT1099A","ITALY","Traffic","urban",12.658055,45.962223,0,0,0,0,0,2900,0,0,0.215771,0,0,117246,7.0838499,0,133,0,2.00267,4.6345301,31,12.3029003,0,59661.89844,4280.740234,31804.19922,"IT1099A",12.6580810544378,45.9622802731756,"EEA AirBase v8 ArcGIS","station_european_code",1,1,FALSE,TRUE,"IT","ITALY"
1214,"IT1100A",8,2010,"day",39.745,"IT1100A","ITALY","Traffic","urban",10.548056,43.67778,0,1100,0,0,0,2900,0,0,0.715908,2532690,91.3845978,166955,9.9428396,0,0,0,1.91842,4.3250198,13,14.3476,2.0339601,43110.5,68491.79688,9781.889648,"IT1100A",10.5480957030298,43.6779174807217,"EEA AirBase v8 ArcGIS","station_european_code",1,1,FALSE,TRUE,"IT","ITALY"
1215,"IT1101A",8,2010,"day",91.684,"IT1101A","ITALY","Traffic","urban",12.381945,43.115276,0,300,0,800,200,1800,0,0,0.352516,1915180,40.7277985,70611.60156,3.8737099,0,0,0,1.71787,4.9784198,400,12.9330997,0,86990.89844,41380.5,16582.09961,"IT1101A",12.3820800784986,43.1152954104413,"EEA AirBase v8 ArcGIS","station_european_code",1,1,FALSE,TRUE,"IT","ITALY"
1216,"IT1104A",8,2010,"day",34.968,"IT1104A","ITALY","Traffic","urban",9.146944,45.185558,0,0,0,0,0,2900,0,0,0.469306,1011220,45.9005013,101996,6.7854099,0,0,0,2.0029399,4.9414601,75,13.3059998,0,76213.20313,45661.19922,23016.19922,"IT1104A",9.14709472657351,45.1854858397862,"EEA AirBase v8 ArcGIS","station_european_code",1,1,FALSE,TRUE,"IT","ITALY"
1217,"IT1110A",8,2010,"day",18.786,"IT1110A","ITALY","Background","urban",10.401667,43.738888,0,6100,0,0,0,700,0,418.8399963,0.73289,648368,0.993311,38528,2.2945001,0,0,0,2.0007999,4.0005598,0,14.8050003,2.1429701,51193.69922,19976.80078,11717.2998,"IT1110A",10.4016723634705,43.738891601414,"EEA AirBase v8 ArcGIS","station_european_code",1,1,FALSE,TRUE,"IT","ITALY"
1218,"IT1120A",8,2010,"day",36.986,"IT1120A","ITALY","Background","suburban",7.55,45.007221,0,1100,0,100,0,2200,0,127.4469986,0.38319,2584210,183.2120056,204267,12.2609997,0,0,0,2.0042,5.02917,272,12.7573996,0.350838,48691.80078,132703,10932.7002,"IT1120A",7.55010986315782,45.0073242184856,"EEA AirBase v8 ArcGIS","station_european_code",1,1,FALSE,TRUE,"IT","ITALY"
1219,"IT1121A",8,2010,"day",16.199,"IT1121A","ITALY","Background","rural",7.56,45.175556,0,5700,600,0,0,100,0,892.1270142,0.597776,0,0,0,0,0,0,0,1.90552,5.0801201,335,11.3140001,0.351264,7313.390137,0,209.2380066,"IT1121A",7.56011962867199,45.1754760743989,"EEA AirBase v8 ArcGIS","station_european_code",1,1,FALSE,TRUE,"IT","ITALY"
1220,"IT1125A",8,2010,"day",34.798,"IT1125A","ITALY","Background","suburban",7.636111,44.961113,0,7000,200,0,0,0,0,892.1270142,0.470614,1907970,80.6593018,0,0,0,0,0,2.0043199,4.9934001,228,12.8922997,0.354053,13857,112013,5806.359863,"IT1125A",7.63610839883006,44.9611206052849,"EEA AirBase v8 ArcGIS","station_european_code",1,1,FALSE,TRUE,"IT","ITALY"
1221,"IT1131A",8,2010,"day",38.684,"IT1131A","ITALY","Traffic","suburban",7.815834,45.017223,0,400,0,200,300,1900,0,0,0.367862,917756,39.1773987,163413,9.8087597,0,0,12,1.97261,4.9733701,300,12.6529999,0,25019.5,45661.19922,19040.69922,"IT1131A",7.81591796908016,45.017272948933,"EEA AirBase v8 ArcGIS","station_european_code",1,1,FALSE,TRUE,"IT","ITALY"
1222,"IT1137A",8,2010,"day",59.086,"IT1137A","ITALY","Traffic","urban",13.772222,45.657223,0,0,0,0,0,1600,0,0,0.125099,976457,17.5858994,195270,12.5731001,0,150,0,1.73465,2.5,9,12.3521996,0.649578,60046.80078,66351.39844,20453,"IT1137A",13.7722778318048,45.6572875979213,"EEA AirBase v8 ArcGIS","station_european_code",1,1,FALSE,TRUE,"IT","ITALY"
1223,"IT1140A",8,2010,"day",64.772,"IT1140A","ITALY","Traffic","urban",13.775,45.645557,0,0,0,500,100,1800,0,0,0.0223861,1329640,44.9417992,251061,16.1653996,0,0,0,1.79012,2.9286699,51,12.3751001,0.649672,100655,107018,22963.90039,"IT1140A",13.7750854488517,45.6456909179156,"EEA AirBase v8 ArcGIS","station_european_code",1,1,FALSE,TRUE,"IT","ITALY"
1224,"IT1144A",8,2010,"day",14.345,"IT1144A","ITALY","Industrial","suburban",8.411388,44.293888,0,1100,300,0,0,2000,0,315.79599,1.25919,1802790,47.1306992,152887,10.0668001,0,0,0,1.4866101,3.4724901,36,13.9568005,2.3349099,33487.60156,20690.19922,5597.120117,"IT1144A",8.41149902346283,44.2938842771282,"EEA AirBase v8 ArcGIS","station_european_code",1,1,FALSE,TRUE,"IT","ITALY"
1225,"IT1145A",8,2010,"day",24.793,"IT1145A","ITALY","Traffic","urban",8.473055,44.312778,0,100,0,0,600,1800,0,0,0.589825,374165,15.2482004,107021,7.0467501,0,0,0,1.73971,2.9771199,12,14.2242002,2.38606,72941.39844,28538.30078,19197.59961,"IT1145A",8.4730834957879,44.3129272462861,"EEA AirBase v8 ArcGIS","station_european_code",1,1,FALSE,TRUE,"IT","ITALY"
1226,"IT1150A",8,2010,"day",41.072,"IT1150A","ITALY","Traffic","urban",11.093888,43.884445,0,0,0,0,0,2900,0,0,0.140935,1015450,53.9869995,211903,13.9980001,0,0,0,1.83417,4.8298502,64,12.8413,0.626553,91417.39844,59216.89844,32745.80078,"IT1150A",11.0938720703762,43.8845214846827,"EEA AirBase v8 ArcGIS","station_european_code",1,1,FALSE,TRUE,"IT","ITALY"
1227,"IT1151A",8,2010,"day",35.166,"IT1151A","ITALY","Traffic","urban",13.245,46.057777,0,0,0,0,0,1300,0,0,0.129064,673224,29.2152004,45524.80078,2.7957499,0,0,13,2.00354,4.5693698,114,12.1232996,0.93777,83719.10156,59930.30078,28613.30078,"IT1151A",13.2451171874126,46.0579223635609,"EEA AirBase v8 ArcGIS","station_european_code",1,1,FALSE,TRUE,"IT","ITALY"
1228,"IT1152A",8,2010,"day",39.963,"IT1152A","ITALY","Background","suburban",10.883611,44.794998,0,800,0,0,0,2900,0,0,1.19126,1287700,30.9314995,197160,12.3808002,0,0,0,2.0043199,5.0307102,26,13.9383001,1.5261101,59469.39844,34245.89844,20191.5,"IT1152A",10.8837280270169,44.7951049804217,"EEA AirBase v8 ArcGIS","station_european_code",1,1,FALSE,TRUE,"IT","ITALY"
1229,"IT1153A",8,2010,"day",30.432,"IT1153A","ITALY","Traffic","urban",10.016667,45.132778,0,400,0,0,0,2500,0,0,1.03031,2393240,60.8620987,97819.10156,6.4084601,0,95,0,2.00419,5.0255198,46,13.5312004,1.0159301,71594.20313,100597,19093,"IT1153A",10.0167236326181,45.1328735354537,"EEA AirBase v8 ArcGIS","station_european_code",1,1,FALSE,TRUE,"IT","ITALY"
1230,"IT1167A",8,2010,"day",24.116,"IT1167A","ITALY","Traffic","urban",13.107779,45.676113,0,1800,0,0,0,1900,0,173.7299957,0.229574,294535,22.1088009,68287.20313,4.1936202,0,0,0,2.00172,3.02654,2,13.8973999,0.597322,34065,16409.5,14489.7998,"IT1167A",13.1079101566297,45.6760864260517,"EEA AirBase v8 ArcGIS","station_european_code",1,1,FALSE,TRUE,"IT","ITALY"
1231,"IT1168A",8,2010,"day",19.239,"IT1168A","ITALY","Industrial","suburban",13.393333,45.973335,0,2100,0,0,0,2600,0,43.4323997,0.432307,2345760,77.3808975,91049.60156,5.5914898,0,0,0,2.0043199,4.3590002,61,12.5431004,0.997218,30793.19922,126995,8944.94043,"IT1168A",13.3933105467465,45.973327636803,"EEA AirBase v8 ArcGIS","station_european_code",1,1,FALSE,TRUE,"IT","ITALY"
1232,"IT1170A",8,2010,"day",23.637,"IT1170A","ITALY","Background","rural",13.225277,46.035,0,4700,0,0,0,1000,0,412.6080017,0.278116,2209010,116.8610001,22762.40039,1.3978699,0,0,0,2.0042601,4.5455499,89,12.4341002,0.93641,59084.5,122001,13809.7002,"IT1170A",13.2252807617851,46.0350952149889,"EEA AirBase v8 ArcGIS","station_european_code",1,1,FALSE,TRUE,"IT","ITALY"
1233,"IT1172A",8,2010,"day",30.238,"IT1172A","ITALY","Industrial","suburban",11.387222,45.466389,0,3300,0,0,1200,0,0,147.7039948,1.35232,4205240,164.7740021,0,0,0,0,0,1.93837,4.8737898,59,12.8808002,0.482809,37336.80078,59930.30078,5963.290039,"IT1172A",11.3873291017299,45.4664916990333,"EEA AirBase v8 ArcGIS","station_european_code",1,1,FALSE,TRUE,"IT","ITALY"
1234,"IT1174A",8,2010,"day",24.137,"IT1174A","ITALY","Background","rural",8.989445,45.282776,0,600,700,300,0,1700,0,364.0039978,2.41676,189621,10.5258999,324546,23.5849991,0,83,0,1.99777,4.9823198,98,13.2664003,0,22325.09961,6421.109863,8683.389648,"IT1174A",8.98950195306199,45.2828979490326,"EEA AirBase v8 ArcGIS","station_european_code",1,1,FALSE,TRUE,"IT","ITALY"
1235,"IT1176A",8,2010,"day",44.836,"IT1176A","ITALY","Background","urban",12.541667,41.886112,0,400,0,100,0,2400,0,0,0.0823745,7013280,105.9639969,257363,16.6007004,0,61,0,2.00263,4.4184699,39,14.8210001,2.5072999,102965,169089,22963.90039,"IT1176A",12.541687011421,41.8861083983767,"EEA AirBase v8 ArcGIS","station_european_code",1,1,FALSE,TRUE,"IT","ITALY"
1236,"IT1178A",8,2010,"day",34.467,"IT1178A","ITALY","Background","rural",8.941944,44.556667,0,0,2500,0,0,0,0,467.8139954,0.539194,1533740,0,0,0,0,0,0,1.55836,4.19906,499,12.4754,1.39928,46382.30078,14269.09961,2197,"IT1178A",8.9420776371369,44.5567016603697,"EEA AirBase v8 ArcGIS","station_european_code",1,1,FALSE,TRUE,"IT","ITALY"
1237,"IT1179A",8,2010,"day",15.848,"IT1179A","ITALY","Background","rural",11.961111,44.839722,0,8100,0,0,0,0,0,1187.310059,2.3951399,0,0,0,0,0,0,0,2.0043199,4.3744702,0,14.2002001,1.32672,3656.699951,0,0,"IT1179A",11.9611206053096,44.839721679958,"EEA AirBase v8 ArcGIS","station_european_code",1,1,FALSE,TRUE,"IT","ITALY"
1238,"IT1182A",8,2010,"day",34.42,"IT1182A","ITALY","Traffic","suburban",12.441389,43.09,0,0,0,200,200,2300,0,0,0.496968,3681770,117.1819992,129455,7.10181,0,0,0,1.8953,4.97367,200,12.9160995,0,36951.89844,109872,8003.359863,"IT1182A",12.4415283202471,43.0900878904306,"EEA AirBase v8 ArcGIS","station_european_code",1,1,FALSE,TRUE,"IT","ITALY"
1239,"IT1183A",8,2010,"day",44.767,"IT1183A","ITALY","Traffic","urban",13.830556,41.490002,0,0,0,0,0,2900,0,0,0.602143,2316020,20.9188995,171414,12.9743004,0,0,0,1.74657,4.4498801,42,13.2475004,1.33284,70247,50655.39844,11822,"IT1183A",13.830688476281,41.4901123044506,"EEA AirBase v8 ArcGIS","station_european_code",1,1,FALSE,TRUE,"IT","ITALY"
1240,"IT1184A",8,2010,"day",42.89,"IT1184A","ITALY","Traffic","suburban",12.946111,41.531387,0,1500,0,0,0,2800,0,85.6355972,2.8664501,2225220,52.3139992,139230,8.8302298,0,111,0,1.9099801,4.1816301,18,14.2775002,1.25453,30985.69922,49228.5,8788.009766,"IT1184A",12.9461059570988,41.5314941403514,"EEA AirBase v8 ArcGIS","station_european_code",1,1,FALSE,TRUE,"IT","ITALY"
1241,"IT1186A",8,2010,"day",34.432,"IT1186A","ITALY","Background","urban",10.245,43.883889,0,100,0,0,0,2900,0,0,0.0980741,4215060,102.2600021,164781,10.3589001,0,0,0,1.97847,3.01265,3,14.5288,1.30519,79292.5,103451,19406.90039,"IT1186A",10.2451171872313,43.8839111327213,"EEA AirBase v8 ArcGIS","station_european_code",1,1,FALSE,TRUE,"IT","ITALY"
1242,"IT1188A",8,2010,"day",16.485,"IT1188A","ITALY","Background","rural",10.742778,45.2075,0,3800,1600,0,0,0,0,1938.479981,2.89434,1529180,10.7990999,0,0,0,0,0,2.0032401,5.08566,31,13.6581001,1.57485,25596.90039,35672.80078,1830.829956,"IT1188A",10.7429199215513,45.2075195312621,"EEA AirBase v8 ArcGIS","station_european_code",1,1,FALSE,TRUE,"IT","ITALY"
1243,"IT1190A",8,2010,"day",25.993,"IT1190A","ITALY","Background","urban",9.566389,46.131664,0,100,400,0,0,2500,0,38.8359985,0.264013,889999,3.39836,108948,7.5462499,0,0,0,0.836778,5.2947898,258,5.8303699,0.725769,46382.30078,7134.560059,14803.59961,"IT1190A",9.56652832052253,46.1317138673008,"EEA AirBase v8 ArcGIS","station_european_code",1,1,FALSE,TRUE,"IT","ITALY"
1244,"IT1191A",8,2010,"day",5.601,"IT1191A","ITALY","Background","rural",10.958611,46.082775,0,400,2900,0,0,0,0,465.5130005,1.08876,0,0,0,0,0,0,0,1.45069,5.1240802,1598,7.5780001,0.356901,11547.5,0,0,"IT1191A",10.9586791990043,46.0828857421321,"EEA AirBase v8 ArcGIS","station_european_code",1,1,FALSE,TRUE,"IT","ITALY"
1245,"IT1203A",8,2010,"day",28.032,"IT1203A","ITALY","Background","suburban",8.848611,45.546665,0,2500,0,0,0,2700,0,91.0009003,2.5755401,1083550,51.1259003,527388,38.3256989,0,0,0,2.00388,5.0945601,181,12.8396997,0,16166.40039,25684.40039,10671.2002,"IT1203A",8.84869384759636,45.5466918946586,"EEA AirBase v8 ArcGIS","station_european_code",1,1,FALSE,TRUE,"IT","ITALY"
1246,"IT1204A",8,2010,"day",20.74,"IT1204A","ITALY","Background","urban",12.225555,44.420002,0,900,0,0,400,1900,0,0,1.3891701,8754920,279.8110046,128958,7.9527702,0,0,0,2.0043199,3.79408,1,14.7109003,0.715706,62163.80078,190493,8055.669922,"IT1204A",12.2255249022594,44.4201049807639,"EEA AirBase v8 ArcGIS","station_european_code",1,1,FALSE,TRUE,"IT","ITALY"
1247,"IT1207A",8,2010,"day",40.688,"IT1207A","ITALY","Traffic","urban",13.344167,38.136948,0,0,0,300,0,2600,0,0,0.0442701,2078690,72.0512009,205989,11.9331999,0,29,0,1.9332,3.2334299,33,17.0599995,1.77902,113742,74912.89844,27514.80078,"IT1207A",13.3442993164478,38.1370849607718,"EEA AirBase v8 ArcGIS","station_european_code",1,1,FALSE,TRUE,"IT","ITALY"
1248,"IT1208A",8,2010,"day",34.095,"IT1208A","ITALY","Background","suburban",14.198334,42.450832,0,0,0,100,0,2800,0,0,0.130913,3778000,183.6380005,196711,11.7202997,0,0,0,1.98637,3.4301701,6,14.4393997,1.21376,92572.10156,219031,17942.19922,"IT1208A",14.1984863282855,42.4509277341858,"EEA AirBase v8 ArcGIS","station_european_code",1,1,FALSE,TRUE,"IT","ITALY"
1249,"IT1212A",8,2010,"day",18.748,"IT1212A","ITALY","Background","suburban",12.334167,44.950832,0,1900,0,0,0,2200,0,134.8079987,1.62577,0,0,87982.5,5.6760998,0,0,0,2.0029099,4.0426102,0,14.8583002,2.1433001,35219.80078,0,8107.979981,"IT1212A",12.3342895508732,44.9509277345278,"EEA AirBase v8 ArcGIS","station_european_code",1,1,FALSE,TRUE,"IT","ITALY"
1250,"IT1215A",8,2010,"day",38.842,"IT1215A","ITALY","Traffic","urban",11.783334,45.074722,0,100,0,0,0,2900,0,0,1.20166,1224980,44.847599,95314.39844,6.1491098,0,0,0,2.0043199,4.63481,5,13.8332996,1.83838,64665.80078,46374.69922,22440.80078,"IT1215A",11.7833251953688,45.0747070310009,"EEA AirBase v8 ArcGIS","station_european_code",1,1,FALSE,TRUE,"IT","ITALY"
1251,"IT1222A",8,2010,"day",29.527,"IT1222A","ITALY","Background","urban",12.591666,45.630276,0,200,0,0,100,1900,0,0,1.4378901,3395320,142.2429962,192274,11.5539999,0,0,0,2.0043199,4.15837,1,13.9441996,0.587842,61394,104878,14280.5,"IT1222A",12.5916748047566,45.6303100587109,"EEA AirBase v8 ArcGIS","station_european_code",1,1,FALSE,TRUE,"IT","ITALY"
1252,"IT1225A",8,2010,"day",33.688,"IT1225A","ITALY","Background","urban",11.078333,43.887779,0,0,0,0,0,2900,0,0,0.137978,1604420,116.9720001,211903,13.9980001,0,0,0,1.9315701,4.82201,62,12.8695002,0.626133,88723,101311,24742.40039,"IT1225A",11.0783081059019,43.8878784181031,"EEA AirBase v8 ArcGIS","station_european_code",1,1,FALSE,TRUE,"IT","ITALY"
1253,"IT1232A",8,2010,"day",26.551,"IT1232A","ITALY","Industrial","suburban",8.280556,44.3825,0,2500,0,0,200,1100,0,350.8840027,1.13193,5306340,167.7299957,91732.39844,6.0400701,0,0,0,1.76797,4.23314,335,12.0578003,0,30408.30078,84901.29688,3766.290039,"IT1232A",8.28070068351138,44.3825073244098,"EEA AirBase v8 ArcGIS","station_european_code",1,1,FALSE,TRUE,"IT","ITALY"
1254,"IT1233A",8,2010,"day",17.213,"IT1233A","ITALY","Background","rural",8.201388,44.390556,0,1800,500,0,0,1500,0,491.2380066,1.29255,1802790,26.3376999,152887,10.0668001,0,0,0,1.63457,4.35815,409,11.6356001,1.2503099,24057.19922,34245.89844,5492.5,"IT1233A",8.20147705037084,44.3906860350413,"EEA AirBase v8 ArcGIS","station_european_code",1,1,FALSE,TRUE,"IT","ITALY"
1255,"IT1237A",8,2010,"day",11.819,"IT1237A","ITALY","Industrial","suburban",10.440833,43.382221,0,700,0,0,600,1100,0,33.9178009,0.358493,4682570,108.8119965,101204,6.2103701,0,0,0,2.00421,2.6505201,0,0,0,23094.90039,146972,10618.7998,"IT1237A",10.4409179687896,43.382324218931,"EEA AirBase v8 ArcGIS","station_european_code",1,1,FALSE,TRUE,"IT","ITALY"
1256,"IT1238A",8,2010,"day",15.218,"IT1238A","ITALY","Background","urban",10.436111,43.397224,0,1900,0,0,0,2500,0,67.8356018,0.500194,1133900,4.6162601,173492,10.6464005,0,0,0,1.98448,2.90309,19,15.0180998,0,42725.60156,33532.39844,20819.19922,"IT1238A",10.4360961914335,43.3972778319945,"EEA AirBase v8 ArcGIS","station_european_code",1,1,FALSE,TRUE,"IT","ITALY"
1257,"IT1239A",8,2010,"day",15.85,"IT1239A","ITALY","Industrial","suburban",10.467222,43.389446,0,2200,0,0,1000,300,0,50.8767014,0.939833,4997540,103.5360031,43373,2.6615901,0,0,0,1.9900399,3.4301701,28,14.8311996,0,35989.60156,163382,4707.859863,"IT1239A",10.467285156414,43.3895263674078,"EEA AirBase v8 ArcGIS","station_european_code",1,1,FALSE,TRUE,"IT","ITALY"
1258,"IT1248A",8,2010,"day",44.777,"IT1248A","ITALY","Traffic","urban",8.051111,45.564167,0,500,0,0,100,2400,0,24.0569992,0.175781,1751680,124.3290024,123686,7.9636998,0,86,0,1.7973,5.13834,421,10.3149004,0.352196,59854.30078,112013,19406.90039,"IT1248A",8.05108642622496,45.5640869138747,"EEA AirBase v8 ArcGIS","station_european_code",1,1,FALSE,TRUE,"IT","ITALY"
1259,"IT1251A",8,2010,"day",67.181,"IT1251A","ITALY","Traffic","urban",10.231944,45.538612,0,300,0,100,500,1800,0,45.5043983,0.590553,3933480,122.5289993,74521.79688,4.8722501,0,115,0,1.804,5.1861,149,12.4217997,0.842222,69477.20313,119861,20976.09961,"IT1251A",10.2318725587346,45.538696289158,"EEA AirBase v8 ArcGIS","station_european_code",1,1,FALSE,TRUE,"IT","ITALY"
1260,"IT1259A",8,2010,"day",17.615,"IT1259A","ITALY","Industrial","suburban",13.066667,46.220833,0,6200,0,0,600,0,0,412.6080017,0.592781,1882920,77.3808975,0,0,0,0,0,1.85563,4.7572999,163,10.8753004,0,20208.09961,94889.70313,1046.189941,"IT1259A",13.066711426135,46.220886230541,"EEA AirBase v8 ArcGIS","station_european_code",1,1,FALSE,TRUE,"IT","ITALY"
1261,"IT1264A",8,2010,"day",54.364,"IT1264A","ITALY","Traffic","urban",14.213056,42.466667,0,0,0,100,0,2600,0,0,0.0357035,1714080,53.7853012,181579,10.8186998,0,0,0,2.0039001,2.7657399,8,14.6357002,1.21696,81602,87041.70313,20139.19922,"IT1264A",14.2130737306212,42.4666748044607,"EEA AirBase v8 ArcGIS","station_european_code",1,1,FALSE,TRUE,"IT","ITALY"
1262,"IT1278A",8,2010,"day",14.356,"IT1278A","ITALY","Industrial","suburban",8.98389,39.238335,0,200,0,0,1100,0,0,34.575901,0.513989,2978120,109.4189987,0,0,0,0,0,2.0043199,3.82019,11,16.7091007,1.7515301,34257.5,259698,836.9530029,"IT1278A",8.98388671896825,39.2382812499025,"EEA AirBase v8 ArcGIS","station_european_code",1,1,FALSE,TRUE,"IT","ITALY"
1263,"IT1287A",8,2010,"day",38.852,"IT1287A","ITALY","Traffic","urban",9.698334,45.158611,0,800,0,0,0,2800,0,51.0724983,1.8125499,2543960,67.3551025,118466,8.0931702,0,0,0,2.0043199,4.98701,61,13.3430004,0.99541,35604.69922,84901.29688,17366.80078,"IT1287A",9.69848632801362,45.1586914062927,"EEA AirBase v8 ArcGIS","station_european_code",1,1,FALSE,TRUE,"IT","ITALY"
1264,"IT1288A",8,2010,"day",24.366,"IT1288A","ITALY","Background","rural",9.586111,45.308609,0,8100,0,0,0,0,0,1481.099976,2.9346199,387125,0,0,0,0,0,0,2.0043199,5.0416098,61,13.3526001,0.991237,11547.5,12128.7998,209.2380066,"IT1288A",9.58612060561528,45.3087158204886,"EEA AirBase v8 ArcGIS","station_european_code",1,1,FALSE,TRUE,"IT","ITALY"
1265,"IT1309A",8,2010,"day",27.185,"IT1309A","ITALY","Traffic","urban",9.501667,40.928333,0,0,0,700,0,1400,0,0,0.0174798,4099890,68.2401962,14979.5,0.877425,0,0,0,2.0002999,2,4,15.9278002,4.14575,53888.10156,99170.39844,18569.90039,"IT1309A",9.50170898431663,40.9282836916083,"EEA AirBase v8 ArcGIS","station_european_code",1,1,FALSE,TRUE,"IT","ITALY"
1266,"IT1328A",8,2010,"day",28.039,"IT1328A","ITALY","Background","urban",12.308056,45.890556,0,900,0,0,0,2600,0,64.2332001,0.926474,4571810,168.1779938,158675,10.6132002,0,0,0,1.9731801,4.7003999,60,12.1708002,0.416228,69669.70313,72772.5,17314.5,"IT1328A",12.3081054686498,45.8906860351565,"EEA AirBase v8 ArcGIS","station_european_code",1,1,FALSE,TRUE,"IT","ITALY"
1267,"IT1330A",8,2010,"day",37.142,"IT1330A","ITALY","Traffic","urban",12.3075,45.978333,0,700,0,0,400,2000,0,0,1.17591,753310,34.3460999,109852,7.34762,0,0,0,1.75957,4.7691102,118,11.3727999,0.381956,42340.69922,14982.59961,20191.5,"IT1330A",12.3074951173132,45.9782714841152,"EEA AirBase v8 ArcGIS","station_european_code",1,1,FALSE,TRUE,"IT","ITALY"
1268,"IT1334A",8,2010,"day",39.759,"IT1334A","ITALY","Traffic","urban",11.340278,46.495277,0,0,0,0,0,2900,0,0,0.336046,8324170,119.052002,238480,16.6532001,0,132,0,1.13943,5.1584501,264,7.41993,0.737824,61009.10156,72059.10156,29398,"IT1334A",11.3402709957085,46.4953002927185,"EEA AirBase v8 ArcGIS","station_european_code",1,1,FALSE,TRUE,"IT","ITALY"
1269,"IT1340A",8,2010,"day",36.046,"IT1340A","ITALY","Background","urban",11.286112,45.400002,0,800,0,0,0,2700,0,179.0469971,1.80697,3481460,72.9135971,156074,9.6310902,0,0,0,2.0032301,4.90837,30,13.0439997,1.4653701,57544.80078,84901.29688,16111.2998,"IT1340A",11.2860717772518,45.400085449427,"EEA AirBase v8 ArcGIS","station_european_code",1,1,FALSE,TRUE,"IT","ITALY"
1270,"IT1341A",8,2010,"day",47.212,"IT1341A","ITALY","Traffic","urban",11.087222,45.413612,0,1400,0,0,600,400,0,537.1420288,2.31041,4017070,109.3700027,12005.7002,0.740853,0,0,0,2.00367,4.9846902,45,12.8702002,1.45193,56390.10156,131276,4864.790039,"IT1341A",11.0872802732455,45.4136962892087,"EEA AirBase v8 ArcGIS","station_european_code",1,1,FALSE,TRUE,"IT","ITALY"
1271,"IT1342A",8,2010,"day",28.916,"IT1342A","ITALY","Background","urban",11.133611,45.256111,0,1100,0,0,0,2900,0,0,2.69698,38257.89844,0,156074,9.6310902,0,0,0,2.0043199,4.9590402,24,13.6429996,1.63044,55042.89844,1426.910034,15326.7002,"IT1342A",11.133728027032,45.256103515499,"EEA AirBase v8 ArcGIS","station_european_code",1,1,FALSE,TRUE,"IT","ITALY"
1272,"IT1343A",8,2010,"day",26.594,"IT1343A","ITALY","Background","suburban",10.912222,45.4625,0,5700,0,0,400,500,0,1790.469971,2.4632399,3271050,36.4567986,0,0,0,0,0,2.00314,5.04566,88,12.6230001,1.37242,48691.80078,119861,5021.720215,"IT1343A",10.9122924803515,45.462524414119,"EEA AirBase v8 ArcGIS","station_european_code",1,1,FALSE,TRUE,"IT","ITALY"
1273,"IT1346A",8,2010,"day",25.784,"IT1346A","ITALY","Traffic","urban",15.286112,37.090832,0,0,0,0,0,2900,0,0,0.733461,0,0,109739,6.5037699,0,0,0,1.99507,3.07918,67,18.0016994,0,79100.10156,0,27253.30078,"IT1346A",15.2860717774934,37.0908813475363,"EEA AirBase v8 ArcGIS","station_european_code",1,1,FALSE,TRUE,"IT","ITALY"
1274,"IT1357A",8,2010,"day",22.06,"IT1357A","ITALY","Background","suburban",11.118889,43.873886,0,3000,0,0,0,900,0,197.6410065,0.56579,358794,25.9937,97801.60156,6.4606199,0,158,0,1.84408,4.84126,62,12.9319,0.626734,66397.89844,47801.60156,16634.40039,"IT1357A",11.1188964841617,43.873901367398,"EEA AirBase v8 ArcGIS","station_european_code",1,1,FALSE,TRUE,"IT","ITALY"
1275,"IT1359A",8,2010,"day",54.152,"IT1359A","ITALY","Traffic","urban",11.063611,43.911667,0,2800,0,0,200,1500,0,65.8805008,0.704673,1780430,154.9629974,163003,10.7677002,0,122,0,1.76726,4.81707,61,12.6718998,0.608826,47729.5,111299,7375.649902,"IT1359A",11.0637207035663,43.9116821290621,"EEA AirBase v8 ArcGIS","station_european_code",1,1,FALSE,TRUE,"IT","ITALY"
1276,"IT1372A",8,2010,"day",9.446,"IT1372A","ITALY","Industrial","suburban",8.784167,39.541389,0,3500,0,0,0,1800,0,246.2720032,0.401948,364630,13.0725002,50093.19922,2.4872301,0,0,0,2.0037601,4.4432001,49,16.0536003,1.63212,29253.59961,24971,9154.169922,"IT1372A",8.78430175822442,39.5415039059408,"EEA AirBase v8 ArcGIS","station_european_code",1,1,FALSE,TRUE,"IT","ITALY"
1277,"IT1375A",8,2010,"day",11.298,"IT1375A","ITALY","Industrial","rural",9.015278,39.443611,0,2500,0,0,0,2700,0,34.575901,0.724431,0,0,208819,11.1716995,0,0,0,1.98517,4.3935499,91,16.1949005,1.57098,24634.59961,0,3923.219971,"IT1375A",9.01531982448342,39.443725586153,"EEA AirBase v8 ArcGIS","station_european_code",1,1,FALSE,TRUE,"IT","ITALY"
1278,"IT1377A",8,2010,"day",17.805,"IT1377A","ITALY","Traffic","urban",8.594722,39.909168,0,0,0,0,0,2900,0,0,0.616399,58122.30078,0,80020.60156,4.3418999,0,0,0,2.0043199,3.7226501,6,16.2966995,0.840099,43687.89844,4994.189941,21603.90039,"IT1377A",8.59472656209644,39.9093017580249,"EEA AirBase v8 ArcGIS","station_european_code",1,1,FALSE,TRUE,"IT","ITALY"
1279,"IT1378A",8,2010,"day",16.511,"IT1378A","ITALY","Traffic","urban",8.597777,39.898891,0,0,0,0,0,2900,0,0,0.474549,697468,39.4132004,80020.60156,4.3418999,0,0,0,2.0043199,3.64446,12,16.3185997,0.839861,37144.30078,68491.79688,23905.5,"IT1378A",8.59790039084361,39.898925781213,"EEA AirBase v8 ArcGIS","station_european_code",1,1,FALSE,TRUE,"IT","ITALY"
1280,"IT1380A",8,2010,"day",30.528,"IT1380A","ITALY","Traffic","urban",8.568889,40.716389,0,400,0,0,700,1700,0,0,0.201339,1090180,68.8641968,50187.89844,2.7069299,0,41,0,1.9124399,4.0933099,240,16.0070992,2.82915,54850.39844,109872,20505.40039,"IT1380A",8.56890869157334,40.716491699539,"EEA AirBase v8 ArcGIS","station_european_code",1,1,FALSE,TRUE,"IT","ITALY"
1281,"IT1381A",8,2010,"day",46.305,"IT1381A","ITALY","Traffic","urban",8.562778,40.730278,0,100,0,0,100,2500,0,15.9899998,0.164541,1499700,65.1417999,100376,5.4138598,0,0,0,1.94257,4.03052,201,16.0697002,2.8254199,66397.89844,144832,20348.40039,"IT1381A",8.5629272457793,40.7302856444602,"EEA AirBase v8 ArcGIS","station_european_code",1,1,FALSE,TRUE,"IT","ITALY"
1282,"IT1383A",8,2010,"day",7.647,"IT1383A","ITALY","Industrial","suburban",8.393888,40.831944,0,3500,0,0,0,600,0,239.8509979,0.17926,260095,11.6324997,33458.60156,1.80462,0,71,0,2.00155,2.8450999,12,16.8841991,3.1605599,72364.10156,185499,6852.549805,"IT1383A",8.39392089867932,40.8320922848808,"EEA AirBase v8 ArcGIS","station_european_code",1,1,FALSE,TRUE,"IT","ITALY"
1283,"IT1388A",8,2010,"day",32.346,"IT1388A","ITALY","Industrial","rural",10.691944,45.410835,0,6400,0,0,0,100,0,1871.640015,3.1844499,286934,0,0,0,0,0,0,1.98014,5.10395,88,13.1751003,0.913959,25789.30078,10701.7998,3504.73999,"IT1388A",10.6920776363443,45.4108886719205,"EEA AirBase v8 ArcGIS","station_european_code",1,1,FALSE,TRUE,"IT","ITALY"
1284,"IT1389A",8,2010,"day",30.758,"IT1389A","ITALY","Industrial","rural",10.6975,45.390835,0,4800,0,0,0,1400,0,1002.659973,3.0951099,286934,0,48438.69922,3.20928,0,0,0,1.97789,5.1012998,82,13.2496004,0.941067,29638.5,10701.7998,8317.219727,"IT1389A",10.6975097659354,45.390930175792,"EEA AirBase v8 ArcGIS","station_european_code",1,1,FALSE,TRUE,"IT","ITALY"
1285,"IT1390A",8,2010,"day",27.658,"IT1390A","ITALY","Industrial","rural",11.136666,45.06472,0,200,0,0,0,2600,0,0,2.28391,1274320,67.4944992,89957.60156,5.9600902,0,0,0,1.9913599,4.9675102,15,13.7936001,2.2207,28291.30078,23544.09961,10775.7998,"IT1390A",11.1367187503782,45.0646972653413,"EEA AirBase v8 ArcGIS","station_european_code",1,1,FALSE,TRUE,"IT","ITALY"
1286,"IT1392A",8,2010,"day",22.543,"IT1392A","ITALY","Industrial","rural",11.204444,45.051388,0,5800,100,0,0,1000,0,1270.040039,2.6393299,426079,21.6504993,41518.89844,2.7508099,0,0,0,2.00036,4.9412498,14,13.8181,2.2592001,19823.09961,17123,2772.409912,"IT1392A",11.2045288090319,45.0515136719249,"EEA AirBase v8 ArcGIS","station_european_code",1,1,FALSE,TRUE,"IT","ITALY"
1287,"IT1393A",8,2010,"day",24.844,"IT1393A","ITALY","Industrial","suburban",10.824166,45.157223,0,2800,0,0,0,2300,0,401.0660095,1.2566,8792790,337.4719849,83037.79688,5.5016198,0,0,0,1.99224,5.0632501,24,13.7203999,1.56873,53695.69922,221171,6277.149902,"IT1393A",10.8242797852684,45.1572875974295,"EEA AirBase v8 ArcGIS","station_european_code",1,1,FALSE,TRUE,"IT","ITALY"
1288,"IT1396A",8,2010,"day",3.202,"IT1396A","ITALY","Industrial","suburban",8.386111,39.208611,0,1000,0,0,0,2900,0,0,0.180486,2271450,49.1664009,93058.60156,4.7733002,0,0,0,2.00301,2.8494799,22,17.3460007,1.0929,28483.69922,182645,9311.099609,"IT1396A",8.38610839887536,39.2086791990904,"EEA AirBase v8 ArcGIS","station_european_code",1,1,FALSE,TRUE,"IT","ITALY"
1289,"IT1407A",8,2010,"day",7.653,"IT1407A","ITALY","Industrial","suburban",9.032499,40.237221,0,5500,0,0,0,1500,0,154.5599976,0.280662,1463640,51.0005989,68941.5,3.66733,0,0,0,1.93723,4.67242,186,14.1801004,2.10604,30600.80078,145545,7480.27002,"IT1407A",9.03247070333127,40.2373046874469,"EEA AirBase v8 ArcGIS","station_european_code",1,1,FALSE,TRUE,"IT","ITALY"
1290,"IT1409A",8,2010,"day",39.018,"IT1409A","ITALY","Traffic","urban",10.410555,43.71389,0,0,0,0,0,2500,0,0,0.118871,384969,0,154112,9.17801,0,0,0,1.9849499,4.0225201,7,14.8621998,2.1410699,92572.10156,54936.10156,31961.09961,"IT1409A",10.410705566846,43.7139282224056,"EEA AirBase v8 ArcGIS","station_european_code",1,1,FALSE,TRUE,"IT","ITALY"
1291,"IT1422A",8,2010,"day",61.437,"IT1422A","ITALY","Traffic","urban",14.211389,42.465836,0,0,0,100,0,2500,0,0,0.0368936,1851710,61.4688988,196711,11.7202997,0,0,11,1.98901,2.8926599,10,14.5719995,1.21658,84873.79688,93462.79688,21865.40039,"IT1422A",14.2114868162476,42.4658813477873,"EEA AirBase v8 ArcGIS","station_european_code",1,1,FALSE,TRUE,"IT","ITALY"
1292,"IT1423A",8,2010,"day",22.505,"IT1423A","ITALY","Background","suburban",14.234722,42.456669,0,0,200,1200,0,700,0,95.339798,0.120202,1050970,43.7966003,30263.19922,1.80312,0,0,0,1.96706,2.1505201,5,0,1.22039,61586.39844,59216.89844,12606.59961,"IT1423A",14.2346801760231,42.4567260742811,"EEA AirBase v8 ArcGIS","station_european_code",1,1,FALSE,TRUE,"IT","ITALY"
1293,"IT1424A",8,2010,"day",8.83,"IT1424A","ITALY","Industrial","suburban",9.011389,40.239445,0,3500,0,0,800,400,0,99.3599014,0.29342,2043440,120.0009995,15320.2998,0.814962,0,0,0,2.0000401,4.6553702,161,14.3017998,2.1020899,5966.189941,204049,2406.23999,"IT1424A",9.01147460926596,40.2395019533858,"EEA AirBase v8 ArcGIS","station_european_code",1,1,FALSE,TRUE,"IT","ITALY"
1294,"IT1437A",8,2010,"day",36.251,"IT1437A","ITALY","Traffic","urban",10.386945,43.711113,0,500,0,0,100,1400,0,0,0.245786,2958180,105.2910004,89898.60156,5.3538399,0,137,0,2.0042701,3.9340301,3,15.0151997,2.16308,86221,129849,21028.40039,"IT1437A",10.3870849611348,43.7111206053207,"EEA AirBase v8 ArcGIS","station_european_code",1,1,FALSE,TRUE,"IT","ITALY"
1295,"IT1447A",8,2010,"day",39.377,"IT1447A","ITALY","Traffic","urban",10.866112,45.367775,0,400,0,0,1200,0,0,0,2.61607,4189240,127.598999,0,0,0,3,0,2.0043199,5.0526299,55,13.1959,1.46381,32525.30078,149826,1778.530029,"IT1447A",10.8660888670997,45.3679199218063,"EEA AirBase v8 ArcGIS","station_european_code",1,1,FALSE,TRUE,"IT","ITALY"
1296,"IT1456A",8,2010,"day",45.247,"IT1456A","ITALY","Traffic","urban",9.832778,44.112778,0,0,0,0,100,2700,0,0,0.186343,510148,1.63079,200722,12.8037996,0,0,0,1.78034,2.5569699,10,0,1.8875999,59661.89844,41380.5,19511.5,"IT1456A",9.83288574174954,44.1129150392695,"EEA AirBase v8 ArcGIS","station_european_code",1,1,FALSE,TRUE,"IT","ITALY"
1297,"IT1458A",8,2010,"day",43.313,"IT1458A","ITALY","Traffic","urban",10.526944,42.931389,0,0,0,0,1200,500,0,0,0.277348,4472590,120.0230026,14457.7002,0.887196,0,0,0,1.97489,2.9316599,27,16.6980991,1.07718,16936.30078,139837,12868.2002,"IT1458A",10.5269165035635,42.9315185548352,"EEA AirBase v8 ArcGIS","station_european_code",1,1,FALSE,TRUE,"IT","ITALY"
1298,"IT1460A",8,2010,"day",24.926,"IT1460A","ITALY","Industrial","rural",8.712777,45.565277,0,500,2800,0,0,0,0,579.2659912,1.57911,0,0,0,0,0,0,0,1.9852099,5.1013999,151,12.7788,0.445434,21940.19922,32105.5,1046.189941,"IT1460A",8.71289062488782,45.5653076169551,"EEA AirBase v8 ArcGIS","station_european_code",1,1,FALSE,TRUE,"IT","ITALY"
1299,"IT1465A",8,2010,"day",46.784,"IT1465A","ITALY","Background","suburban",10.216111,45.506943,0,4700,0,0,0,500,0,1001.099976,1.0685199,6189740,260.79599,18630.40039,1.21806,0,0,0,1.9817801,5.1756601,114,12.7806997,0.843757,82179.39844,170516,4760.169922,"IT1465A",10.216125487961,45.5070800778505,"EEA AirBase v8 ArcGIS","station_european_code",1,1,FALSE,TRUE,"IT","ITALY"
1300,"IT1468A",8,2010,"day",38.539,"IT1468A","ITALY","Background","urban",11.008056,45.443611,0,1000,0,400,500,1400,0,179.0469971,0.707207,5490000,112.8759995,60028.60156,3.7042699,0,114,0,1.96933,5.0142498,66,12.6693001,1.41478,81794.5,156247,19093,"IT1468A",11.0081176761369,45.4437255856737,"EEA AirBase v8 ArcGIS","station_european_code",1,1,FALSE,TRUE,"IT","ITALY"
1301,"IT1477A",8,2010,"day",25.952,"IT1477A","ITALY","Industrial","urban",13.78,45.599442,0,300,100,0,200,1100,0,60.7369003,0.405201,3137130,85.9756012,139478,8.9807997,0,168,0,1.8384399,0,0,12.3593998,0.662287,33680.10156,89702.70313,8944.94043,"IT1477A",13.7800903316088,45.5994873044493,"EEA AirBase v8 ArcGIS","station_european_code",1,1,FALSE,TRUE,"IT","ITALY"
1302,"IT1478A",8,2010,"day",8.105,"IT1478A","ITALY","Background","rural",12.468333,46.263054,0,1800,1500,0,0,0,0,568.6450195,0.817764,0,0,0,0,0,0,14,0.428801,4.9007401,552,6.8060699,0.377375,17321.19922,0,313.8569946,"IT1478A",12.4683227538072,46.2631225587354,"EEA AirBase v8 ArcGIS","station_european_code",1,1,FALSE,TRUE,"IT","ITALY"
1303,"IT1485A",8,2010,"day",29.997,"IT1485A","ITALY","Traffic","suburban",14.360001,41.07,0,2000,0,0,0,1300,0,866.2620239,1.75344,1047060,38.9160995,36313.89844,2.0253899,0,0,0,1.79062,4.415,75,14.3465004,1.82514,71016.89844,123428,13182,"IT1485A",14.3601074215172,41.0701293948354,"EEA AirBase v8 ArcGIS","station_european_code",1,1,FALSE,TRUE,"IT","ITALY"
1304,"IT1487A",8,2010,"day",30.73,"IT1487A","ITALY","Traffic","urban",14.3375,41.0825,0,200,0,100,500,2100,0,0,0.899275,1135550,46.4339981,72627.70313,4.0507798,0,0,0,1.87985,4.4281402,82,14.3699999,1.82373,66975.29688,86328.20313,18151.40039,"IT1487A",14.3375244139766,41.0825195315724,"EEA AirBase v8 ArcGIS","station_european_code",1,1,FALSE,TRUE,"IT","ITALY"
1305,"IT1491A",8,2010,"day",60.156,"IT1491A","ITALY","Traffic","urban",14.271667,40.853611,0,0,0,0,100,1300,0,0,0,5843040,186.6289978,89175.39844,4.9360099,0,95,0,1.96623,2.96471,17,15.8518,1.50342,106429,244002,14123.59961,"IT1491A",14.271728515632,40.8536987304183,"EEA AirBase v8 ArcGIS","station_european_code",1,1,FALSE,TRUE,"IT","ITALY"
1306,"IT1504A",8,2010,"day",43.791,"IT1504A","ITALY","Traffic","urban",14.769722,40.683891,0,0,0,0,100,2600,0,0,0.811298,591051,26.5944004,155313,8.8185501,0,0,0,1.6493599,2.9771199,56,14.3221998,0.680931,86605.89844,74912.89844,13443.59961,"IT1504A",14.769714355353,40.6838989255477,"EEA AirBase v8 ArcGIS","station_european_code",1,1,FALSE,TRUE,"IT","ITALY"
1307,"IT1515A",8,2010,"day",24.84,"IT1515A","ITALY","Background","suburban",8.268888,46.011944,0,6000,0,0,0,300,0,148.9589996,0.0727647,656343,72.7932968,8916.759766,0.525069,0,0,0,0.893774,5.2546101,225,6.1156998,0.681053,41570.89844,41380.5,5335.580078,"IT1515A",8.26892089822261,46.0120849611991,"EEA AirBase v8 ArcGIS","station_european_code",1,1,FALSE,TRUE,"IT","ITALY"
1308,"IT1519A",8,2010,"day",16.493,"IT1519A","ITALY","Background","rural",8.1675,44.413612,0,4300,0,0,0,1900,0,490.8970032,1.2851,0,0,117261,7.30546,0,0,0,1.53777,4.4230399,390,11.4334002,1.18305,25212,0,2929.340088,"IT1519A",8.16748046834346,44.4136962891258,"EEA AirBase v8 ArcGIS","station_european_code",1,1,FALSE,TRUE,"IT","ITALY"
1309,"IT1531A",8,2010,"day",36.337,"IT1531A","ITALY","Background","urban",8.406944,45.879166,0,100,400,0,0,2500,0,22.9167004,0.0566949,0,0,107001,6.3008299,0,0,0,1.23953,5.2129898,309,9.4906101,0.723536,42340.69922,0,15117.5,"IT1531A",8.40692138664137,45.8790893556157,"EEA AirBase v8 ArcGIS","station_european_code",1,1,FALSE,TRUE,"IT","ITALY"
1310,"IT1533A",8,2010,"day",43.742,"IT1533A","ITALY","Traffic","urban",8.415277,45.328331,0,0,0,0,0,2900,0,0,0.285322,1907050,60.4556007,107888,6.1842098,0,0,0,2.0039599,5.0138998,131,12.8429003,0.877911,58699.60156,102738,28456.40039,"IT1533A",8.41528320354663,45.3283081051691,"EEA AirBase v8 ArcGIS","station_european_code",1,1,FALSE,TRUE,"IT","ITALY"
1311,"IT1534A",8,2010,"day",29.183,"IT1534A","ITALY","Traffic","urban",11.472221,45.71611,0,3000,0,0,0,1700,0,443.1130066,0.911962,152918,0,63264.5,4.1051798,0,0,0,1.90947,4.89185,163,10.8570004,0.394983,63703.5,1426.910034,22126.90039,"IT1534A",11.4722900392315,45.7161254883681,"EEA AirBase v8 ArcGIS","station_european_code",1,1,FALSE,TRUE,"IT","ITALY"
1312,"IT1535A",8,2010,"day",27.046,"IT1535A","ITALY","Background","urban",11.311389,45.183613,0,700,0,0,0,2900,0,0,2.09165,325192,0.701092,156074,9.6310902,0,0,0,2.0043199,4.8877201,16,13.8410997,1.67503,46959.69922,8561.480469,14803.59961,"IT1535A",11.3115234378712,45.1837158202326,"EEA AirBase v8 ArcGIS","station_european_code",1,1,FALSE,TRUE,"IT","ITALY"
1313,"IT1536A",8,2010,"day",20.008,"IT1536A","ITALY","Background","urban",9.842777,44.117775,0,0,0,0,0,2900,0,0,0.306611,1530440,37.5082016,217449,13.8706999,0,0,3,1.78187,2.96471,8,14.2451,1.87773,60046.80078,44947.69922,21028.40039,"IT1536A",9.84289550816205,44.1179199219377,"EEA AirBase v8 ArcGIS","station_european_code",1,1,FALSE,TRUE,"IT","ITALY"
1314,"IT1537A",8,2010,"day",34.763,"IT1537A","ITALY","Traffic","urban",13.771111,45.650002,0,0,0,100,100,2200,0,0,0.0092178,1329640,36.1487999,334748,21.5538998,0,152,0,1.79012,2.45155,16,12.3751001,0.649672,88723,111299,21446.90039,"IT1537A",13.7711181642652,45.6500854490996,"EEA AirBase v8 ArcGIS","station_european_code",1,1,FALSE,TRUE,"IT","ITALY"
1315,"IT1542A",8,2010,"day",11.396,"IT1542A","ITALY","Background","rural",9.846666,44.169724,0,800,2600,0,0,0,0,965.7130127,0.854964,542033,0,0,0,0,0,0,1.55839,3.8199899,277,13.3625002,1.77264,51578.60156,11415.2998,1412.359985,"IT1542A",9.84667968734755,44.1696777342385,"EEA AirBase v8 ArcGIS","station_european_code",1,1,FALSE,TRUE,"IT","ITALY"
1316,"IT1544A",8,2010,"day",38.414,"IT1544A","ITALY","Industrial","urban",9.857779,44.106667,0,100,0,0,0,0,0,0,0.162586,4368140,141.8789978,0,0,0,75,0,1.84582,2.1505201,2,0,1.88234,72556.5,155533,6015.600098,"IT1544A",9.85791015643334,44.1066894533955,"EEA AirBase v8 ArcGIS","station_european_code",1,1,FALSE,TRUE,"IT","ITALY"
1317,"IT1546A",8,2010,"day",16.039,"IT1546A","ITALY","Industrial","suburban",9.838888,44.06472,0,700,1100,0,0,300,0,499.5069885,0.320717,31884.30078,1.63079,16726.80078,1.06698,0,0,0,1.72568,0,0,0,1.91343,20015.59961,15696,2301.620117,"IT1546A",9.83892822267724,44.0646972653876,"EEA AirBase v8 ArcGIS","station_european_code",1,1,FALSE,TRUE,"IT","ITALY"
1318,"IT1547A",8,2010,"day",13.444,"IT1547A","ITALY","Industrial","suburban",9.865833,44.128609,0,3900,1400,0,0,0,0,965.7130127,0.603572,2104360,0,0,0,0,0,0,1.7167,3.38358,140,14.0268002,1.7944,51771.10156,25684.40039,6695.629883,"IT1547A",9.8659057616383,44.1287231443984,"EEA AirBase v8 ArcGIS","station_european_code",1,1,FALSE,TRUE,"IT","ITALY"
1319,"IT1548A",8,2010,"day",11.051,"IT1548A","ITALY","Background","rural",9.897778,44.183056,0,500,2900,0,0,0,0,965.7130127,0.732053,502971,0,0,0,0,0,0,1.71172,3.9516799,199,13.0663996,1.70842,24057.19922,20690.19922,2197,"IT1548A",9.89788818335644,44.1831054690695,"EEA AirBase v8 ArcGIS","station_european_code",1,1,FALSE,TRUE,"IT","ITALY"
1320,"IT1551A",8,2010,"day",34.068,"IT1551A","ITALY","Background","urban",11.192778,43.756943,0,100,0,500,300,1700,0,0,0.298483,3247830,85.1835022,147402,8.9630299,0,0,0,1.95033,4.8635302,45,13.3663998,0,52156,114153,18256,"IT1551A",11.1926879886095,43.7570800784221,"EEA AirBase v8 ArcGIS","station_european_code",1,1,FALSE,TRUE,"IT","ITALY"
1321,"IT1552A",8,2010,"day",78.54,"IT1552A","ITALY","Traffic","urban",13.328889,38.121387,0,0,0,0,500,1400,0,0,0.0951807,2107170,89.8172989,34331.60156,1.98887,21,0,0,1.81165,3.5093501,61,16.8831005,1.77342,84296.39844,156960,24951.69922,"IT1552A",13.3289184573745,38.1215209963127,"EEA AirBase v8 ArcGIS","station_european_code",1,1,FALSE,TRUE,"IT","ITALY"
1322,"IT1553A",8,2010,"day",25.879,"IT1553A","ITALY","Background","rural",11.006945,43.916111,0,5400,0,0,0,1200,0,1181.709961,4.0589299,4986700,172.5570068,70186.89844,4.6265101,0,27,0,1.90066,4.7866802,50,12.6871004,1.82419,46959.69922,124141,8735.700195,"IT1553A",11.0070800779664,43.9160766602708,"EEA AirBase v8 ArcGIS","station_european_code",1,1,FALSE,TRUE,"IT","ITALY"
1323,"IT1554A",8,2010,"day",34.714,"IT1554A","ITALY","Traffic","suburban",10.765278,43.888889,0,300,0,0,0,2900,0,0,4.2576299,275929,0,152072,10.0241003,0,0,0,1.77433,4.6186099,48,12.8032999,1.80524,42340.69922,4994.189941,18988.40039,"IT1554A",10.7653198245892,43.8889160153463,"EEA AirBase v8 ArcGIS","station_european_code",1,1,FALSE,TRUE,"IT","ITALY"
1324,"IT1555A",8,2010,"day",28.618,"IT1555A","ITALY","Background","urban",10.769166,43.876663,0,0,0,0,0,2900,0,0,2.6845801,3188510,114.9710007,152072,10.0241003,0,0,0,1.95877,4.61865,21,12.9899998,1.8091,52348.5,57790,21446.90039,"IT1555A",10.7692871091757,43.8767089844225,"EEA AirBase v8 ArcGIS","station_european_code",1,1,FALSE,TRUE,"IT","ITALY"
1325,"IT1559A",8,2010,"day",24.622,"IT1559A","ITALY","Industrial","urban",10.327222,43.566666,0,0,0,0,400,1700,0,0,0.0763009,9407130,205.753006,130119,7.9847698,0,41,0,2.00425,2.99561,7,15.6299,0,99693.10156,405957,13652.7998,"IT1559A",10.327270507686,43.566711425631,"EEA AirBase v8 ArcGIS","station_european_code",1,1,FALSE,TRUE,"IT","ITALY"
1326,"IT1560A",8,2010,"day",44.167,"IT1560A","ITALY","Traffic","urban",10.329722,43.554722,0,0,0,0,0,2900,0,0,0.152602,4745560,67.2656021,187950,11.5335999,0,201,0,2.00386,3.2881701,14,15.6449003,0,70824.39844,182645,27044,"IT1560A",10.3297119139309,43.5546875001192,"EEA AirBase v8 ArcGIS","station_european_code",1,1,FALSE,TRUE,"IT","ITALY"
1327,"IT1564A",8,2010,"day",48.388,"IT1564A","ITALY","Traffic","urban",13.514722,43.607777,0,0,0,0,200,2100,0,0,0.249591,2675150,43.456501,193585,11.2889004,0,109,6,1.81836,3.0536101,33,15.3540001,2.34582,89492.79688,78480.20313,18726.80078,"IT1564A",13.5147094725204,43.6079101561161,"EEA AirBase v8 ArcGIS","station_european_code",1,1,FALSE,TRUE,"IT","ITALY"
1328,"IT1565A",8,2010,"day",32.544,"IT1565A","ITALY","Traffic","urban",15.289445,37.083054,0,0,0,0,0,2900,0,0,0.421878,532220,0,109739,6.5037699,0,71,0,1.99753,2.9286699,60,17.9909992,0,84488.89844,10701.7998,27253.30078,"IT1565A",15.2894897458769,37.0831298831439,"EEA AirBase v8 ArcGIS","station_european_code",1,1,FALSE,TRUE,"IT","ITALY"
1329,"IT1571A",8,2010,"day",26.236,"IT1571A","ITALY","Background","urban",10.905277,43.940834,0,0,0,0,0,2900,0,0,3.13959,2514020,24.5272007,152072,10.0241003,0,0,0,1.87475,4.7314901,85,12.3697004,1.77685,70247,32819,23905.5,"IT1571A",10.9052734372852,43.9409179687781,"EEA AirBase v8 ArcGIS","station_european_code",1,1,FALSE,TRUE,"IT","ITALY"
1330,"IT1572A",8,2010,"day",39.4,"IT1572A","ITALY","Traffic","urban",10.914166,43.930557,0,0,0,0,800,1500,0,0,1.79405,5518580,225.3439941,58489.10156,3.8554299,0,0,0,1.9648,4.7343001,73,12.5618,1.80414,89685.29688,93462.79688,22597.69922,"IT1572A",10.9143066406608,43.9304809570371,"EEA AirBase v8 ArcGIS","station_european_code",1,1,FALSE,TRUE,"IT","ITALY"
1331,"IT1573A",8,2010,"day",30.624,"IT1573A","ITALY","Background","suburban",13.005555,43.839165,0,0,0,0,0,2900,0,0,0.220926,2006770,24.2311001,224815,13.5135002,0,0,0,2.0002899,3.1631701,14,15.0132999,0.78825,64665.80078,43520.80078,24376.30078,"IT1573A",13.0056762691146,43.8392944336102,"EEA AirBase v8 ArcGIS","station_european_code",1,1,FALSE,TRUE,"IT","ITALY"
1332,"IT1574A",8,2010,"day",28.598,"IT1574A","ITALY","Traffic","urban",15.154444,37.084999,0,0,0,0,0,2900,0,0,2.5395401,831593,28.4088001,109739,6.5037699,0,70,0,1.99254,3.88358,118,17.1242008,0,44457.69922,29965.19922,12502,"IT1574A",15.1544799808044,37.0850830080848,"EEA AirBase v8 ArcGIS","station_european_code",1,1,FALSE,TRUE,"IT","ITALY"
1333,"IT1575A",8,2010,"day",5.398,"IT1575A","ITALY","Industrial","suburban",8.430278,39.177223,0,6000,200,0,0,500,0,309.0039978,0.477431,1586900,22.2418995,14316.7002,0.734354,0,0,0,1.99117,3.0667701,26,17.1958008,1.07638,13664.5,107732,1412.359985,"IT1575A",8.43029785181793,39.1773071288454,"EEA AirBase v8 ArcGIS","station_european_code",1,1,FALSE,TRUE,"IT","ITALY"
1334,"IT1578A",8,2010,"day",33.063,"IT1578A","ITALY","Background","suburban",12.918889,43.893333,0,2500,0,0,0,2100,0,187.2420044,0.282182,1557890,12.1155005,155641,9.3555202,0,5,0,1.83073,3.2116201,9,14.9292002,0.800732,58314.69922,26397.90039,18151.40039,"IT1578A",12.918884277603,43.893310546775,"EEA AirBase v8 ArcGIS","station_european_code",1,1,FALSE,TRUE,"IT","ITALY"
1335,"IT1581A",8,2010,"day",28.865,"IT1581A","ITALY","Traffic","urban",11.356668,43.316944,0,4400,100,0,800,0,0,289.2990112,0.833155,1503530,52.4202003,0,0,0,0,0,1.8571301,4.81706,242,13.1219997,0,43495.39844,30678.59961,2877.030029,"IT1581A",11.3566894529524,43.3170776369653,"EEA AirBase v8 ArcGIS","station_european_code",1,1,FALSE,TRUE,"IT","ITALY"
1336,"IT1582A",8,2010,"day",30.652,"IT1582A","ITALY","Background","urban",8.433333,45.133335,0,4200,0,0,500,0,0,449.1929932,0.605914,1003340,32.2697983,0,0,0,0,0,1.94318,4.9144301,132,13.0347004,0,34065,39240.10156,7741.819824,"IT1582A",8.4332885742658,45.1334838864527,"EEA AirBase v8 ArcGIS","station_european_code",1,1,FALSE,TRUE,"IT","ITALY"
1337,"IT1586A",8,2010,"day",24.919,"IT1586A","ITALY","Industrial","suburban",15.811666,40.625275,0,1600,1200,100,0,300,0,246.4259949,0.280956,1483440,63.3648987,0,0,0,0,0,1.73877,4.79919,718,11.4500999,0.684761,72556.5,78480.20313,7271.029785,"IT1586A",15.8117065426458,40.6253051755626,"EEA AirBase v8 ArcGIS","station_european_code",1,1,FALSE,TRUE,"IT","ITALY"
1338,"IT1588A",8,2010,"day",37.275,"IT1588A","ITALY","Traffic","urban",8.820278,45.816944,0,200,0,0,0,2900,0,0,0.273529,909099,68.4992981,113981,7.82582,0,119,0,1.89087,5.1882801,388,11.8212996,0,63126.10156,7848.02002,27201,"IT1588A",8.82031249966272,45.8170776369236,"EEA AirBase v8 ArcGIS","station_european_code",1,1,FALSE,TRUE,"IT","ITALY"
1339,"IT1589A",8,2010,"day",39.386,"IT1589A","ITALY","Traffic","urban",13.321667,43.600277,0,300,0,500,100,2300,0,0,0.924767,3037880,63.906601,174227,10.1599998,0,87,0,2.0041699,3.77456,23,14.8347998,0.755188,48884.19922,59216.89844,7951.049805,"IT1589A",13.3217163089072,43.6002807614533,"EEA AirBase v8 ArcGIS","station_european_code",1,1,FALSE,TRUE,"IT","ITALY"
1340,"IT1592A",8,2010,"day",55.136,"IT1592A","ITALY","Traffic","urban",11.110001,42.762501,0,0,0,0,0,2500,0,0,0.242238,2135460,2.9601099,177509,11.0522003,0,0,0,2.0042901,4.0686898,13,14.7559996,0.894341,22902.5,93462.79688,31647.30078,"IT1592A",11.1101074222191,42.7625122069501,"EEA AirBase v8 ArcGIS","station_european_code",1,1,FALSE,TRUE,"IT","ITALY"
1341,"IT1594A",8,2010,"day",25.585,"IT1594A","ITALY","Background","urban",12.216944,46.141392,0,0,0,0,0,2900,0,0,0.174473,4302640,68.520401,132313,8.2711897,0,0,0,1.4244601,4.8928499,396,8.4443398,0.362917,65628.10156,32105.5,19197.59961,"IT1594A",12.2169189457178,46.1414794924278,"EEA AirBase v8 ArcGIS","station_european_code",1,1,FALSE,TRUE,"IT","ITALY"
1342,"IT1595A",8,2010,"day",21.828,"IT1595A","ITALY","Background","rural",11.95,45.700001,0,8100,0,0,0,0,0,1862.76001,1.76811,961120,0,0,0,0,0,0,2.0043199,4.66259,48,12.9412003,0.43383,42533.10156,12128.7998,1464.670044,"IT1595A",11.9500732425232,45.7000732419868,"EEA AirBase v8 ArcGIS","station_european_code",1,1,FALSE,TRUE,"IT","ITALY"
1343,"IT1596A",8,2010,"day",15.817,"IT1596A","ITALY","Background","rural",12.510278,45.836945,0,7400,100,0,0,0,0,1862.76001,2.07184,831239,7.1061001,0,0,0,0,0,2.0028501,4.5777302,7,12.5503998,0,27521.40039,17836.40039,104.6190033,"IT1596A",12.5103149410395,45.8370971681927,"EEA AirBase v8 ArcGIS","station_european_code",1,1,FALSE,TRUE,"IT","ITALY"
1344,"IT1598A",8,2010,"day",26.742,"IT1598A","ITALY","Traffic","suburban",15.909444,41.62833,0,100,0,0,0,2900,0,0,0.287901,107148,0,151517,8.6159897,0,0,0,1.9628201,2.6989701,0,0,0.852983,45997.39844,7134.560059,20296.09961,"IT1598A",15.9094848636068,41.6284790037561,"EEA AirBase v8 ArcGIS","station_european_code",1,1,FALSE,TRUE,"IT","ITALY"
1345,"IT1599A",8,2010,"day",21.784,"IT1599A","ITALY","Traffic","urban",15.911944,41.625275,0,0,0,0,0,2200,0,0,0.189358,0,0,104897,5.96491,0,0,0,1.9520299,2,0,0,0.853105,39068.89844,0,16896,"IT1599A",15.9119262698517,41.625305175588,"EEA AirBase v8 ArcGIS","station_european_code",1,1,FALSE,TRUE,"IT","ITALY"
1346,"IT1600A",8,2010,"day",12.34,"IT1600A","ITALY","Industrial","suburban",15.928612,41.638058,0,0,0,0,0,2600,0,0,0.22607,3482300,76.7867966,151517,8.6159897,0,0,0,1.88081,2.5,0,15.1190996,0.852708,31755.5,119147,12606.59961,"IT1600A",15.9287109378975,41.638122558448,"EEA AirBase v8 ArcGIS","station_european_code",1,1,FALSE,TRUE,"IT","ITALY"
1347,"IT1602A",8,2010,"day",18.479,"IT1602A","ITALY","Background","suburban",16.561943,41.204445,0,1000,0,0,1200,0,0,0,1.46486,4191330,171.8609924,0,0,0,0,0,2.00421,3.1722,28,16.1460991,0.90361,45227.5,157674,2197,"IT1602A",16.5620727534931,41.204528808627,"EEA AirBase v8 ArcGIS","station_european_code",1,1,FALSE,TRUE,"IT","ITALY"
1348,"IT1603A",8,2010,"day",34.025,"IT1603A","ITALY","Traffic","urban",16.605,41.200279,0,0,0,0,0,2800,0,0,0.376086,233663,0,258372,14.8497,0,0,0,2.0043199,2.3494799,26,16.1949997,1.80382,18860.80078,13555.7002,17680.59961,"IT1603A",16.605102538896,41.2003173825976,"EEA AirBase v8 ArcGIS","station_european_code",1,1,FALSE,TRUE,"IT","ITALY"
1349,"IT1604A",8,2010,"day",15.597,"IT1604A","ITALY","Background","suburban",16.768333,41.109444,0,2100,0,0,800,0,0,611.3359985,1.2053601,6995280,284.5440063,0,0,0,69,0,2.0042901,3.6688299,60,15.7798004,1.78992,43687.89844,329617,209.2380066,"IT1604A",16.7683105465013,41.109497069993,"EEA AirBase v8 ArcGIS","station_european_code",1,1,FALSE,TRUE,"IT","ITALY"
1350,"IT1607A",8,2010,"day",19.723,"IT1607A","ITALY","Traffic","suburban",17.173611,40.526112,0,6800,0,0,0,0,0,2176.25,2.06565,5445410,37.7220001,0,0,0,0,1,2.0036199,3.38096,24,16.5170994,0,43880.30078,195487,0,"IT1607A",17.1737060543176,40.5261230467009,"EEA AirBase v8 ArcGIS","station_european_code",1,1,FALSE,TRUE,"IT","ITALY"
1351,"IT1608A",8,2010,"day",13.094,"IT1608A","ITALY","Industrial","suburban",17.203335,40.5625,0,4100,0,0,100,1000,0,1608.530029,2.2179799,1103800,14.9778996,34241.69922,1.9464099,0,0,0,1.98604,3.85233,126,16.2366009,0,18668.40039,31392.09961,9572.650391,"IT1608A",17.2033081058229,40.5625000001178,"EEA AirBase v8 ArcGIS","station_european_code",1,1,FALSE,TRUE,"IT","ITALY"
1352,"IT1609A",8,2010,"day",13.352,"IT1609A","ITALY","Industrial","suburban",17.204168,40.521111,0,0,0,0,1300,0,0,0,0.699322,16826800,257.3970032,0,0,0,0,0,1.98077,3.5643599,22,16.5305004,0,65820.5,628555,0,"IT1609A",17.2042846679615,40.5211181640835,"EEA AirBase v8 ArcGIS","station_european_code",1,1,FALSE,TRUE,"IT","ITALY"
1353,"IT1611A",8,2010,"day",31.712,"IT1611A","ITALY","Industrial","suburban",17.225834,40.488613,0,800,0,0,300,1600,0,94.6194992,0.18464,10547400,143.121994,77043.79688,4.3794098,0,108,0,2.0007999,2.6152201,18,0,0,54273.10156,311067,3923.219971,"IT1611A",17.2258911133635,40.4887084957653,"EEA AirBase v8 ArcGIS","station_european_code",1,1,FALSE,TRUE,"IT","ITALY"
1354,"IT1614A",8,2010,"day",9.279,"IT1614A","ITALY","Background","urban",17.283888,40.411945,0,4100,0,0,100,1400,0,1324.670044,1.89025,809453,11.6493998,42802.10156,2.4330101,0,0,0,2.0043199,3.43608,20,16.9193993,0,41955.80078,18549.90039,12449.7002,"IT1614A",17.2838745119041,40.4119262694636,"EEA AirBase v8 ArcGIS","station_european_code",1,1,FALSE,TRUE,"IT","ITALY"
1355,"IT1617A",8,2010,"day",9.915,"IT1617A","ITALY","Industrial","suburban",17.84639,40.423336,0,3900,0,0,0,2000,0,625.2520142,2.0813501,0,0,92866.20313,5.5021901,0,0,0,2.0043199,4.1799302,57,16.2971992,0.954655,27136.5,0,9363.410156,"IT1617A",17.84649658243,40.4232788087003,"EEA AirBase v8 ArcGIS","station_european_code",1,1,FALSE,TRUE,"IT","ITALY"
1356,"IT1620A",8,2010,"day",26.93,"IT1620A","ITALY","Traffic","suburban",16.885555,41.118053,0,0,0,100,100,2000,0,0,0.133511,2307420,97.280098,238497,13.7074003,0,60,0,2.00407,2.3494799,8,16.0342999,1.81469,52540.89844,89182,12188.09961,"IT1620A",16.885681152555,41.1181030272735,"EEA AirBase v8 ArcGIS","station_european_code",1,1,FALSE,TRUE,"IT","ITALY"
1357,"IT1624A",8,2010,"day",25.352,"IT1624A","ITALY","Background","suburban",16.859722,41.100555,0,100,0,0,200,2300,0,0,0.492673,4790090,149.9730072,218623,12.5650997,0,0,0,2.0041001,3.4702599,27,15.8927002,1.80844,90647.5,178364,17366.80078,"IT1624A",16.8596801757326,41.1005249025434,"EEA AirBase v8 ArcGIS","station_european_code",1,1,FALSE,TRUE,"IT","ITALY"
1358,"IT1628A",8,2010,"day",27.21,"IT1628A","ITALY","Traffic","urban",10.491944,43.6875,0,200,0,0,0,2900,0,0,0.632788,344446,3.9732399,166955,9.9428396,0,0,0,1.94131,4.22789,5,14.5778999,2.0966699,28098.80078,8561.480469,19563.80078,"IT1628A",10.4918823242639,43.6875000002853,"EEA AirBase v8 ArcGIS","station_european_code",1,1,FALSE,TRUE,"IT","ITALY"
1359,"IT1634A",8,2010,"day",38.455,"IT1634A","ITALY","Traffic","urban",9.126111,39.217224,0,0,0,0,200,2500,0,0,0.0191311,1654510,48.3298988,160630,8.5935802,0,0,0,1.96295,3.01265,16,16.5196991,1.75955,60624.19922,113440,19249.90039,"IT1634A",9.12609863250817,39.2172851562334,"EEA AirBase v8 ArcGIS","station_european_code",1,1,FALSE,TRUE,"IT","ITALY"
1360,"IT1635A",8,2010,"day",39.494,"IT1635A","ITALY","Traffic","urban",9.098055,39.234444,0,0,0,0,200,1800,0,0,0.029972,2799950,82.3542023,144567,7.73422,0,0,0,1.9536099,3.3621399,22,16.5442009,1.75325,58122.19922,197627,10514.2002,"IT1635A",9.09808349627483,39.2344970699672,"EEA AirBase v8 ArcGIS","station_european_code",1,1,FALSE,TRUE,"IT","ITALY"
1361,"IT1636A",8,2010,"day",16.32,"IT1636A","ITALY","Background","suburban",9.103333,39.230556,0,0,0,0,100,400,100,0,0.0159426,2952670,80.4209976,0,0,0,0,0,1.9447,3.2657399,61,16.5153008,1.75438,67937.5,221885,13914.2998,"IT1636A",9.10327148443291,39.2305297848348,"EEA AirBase v8 ArcGIS","station_european_code",1,1,FALSE,TRUE,"IT","ITALY"
1362,"IT1638A",8,2010,"day",38.998,"IT1638A","ITALY","Traffic","urban",9.139167,39.205555,0,0,0,300,100,1900,0,0,0.101395,1179370,35.1842003,144567,7.73422,0,0,0,1.95497,2.9933901,10,16.5305004,1.79672,45420,71345.60156,13234.2998,"IT1638A",9.13928222676955,39.2056884763644,"EEA AirBase v8 ArcGIS","station_european_code",1,1,FALSE,TRUE,"IT","ITALY"
1363,"IT1641A",8,2010,"day",14.675,"IT1641A","ITALY","Traffic","rural",16.838612,41.085831,0,2300,0,700,300,700,0,152.8339996,1.47802,2409650,76.2026978,39749.5,2.28457,0,134,0,2.00123,3.6871901,52,15.7334995,1.80115,58122.19922,101311,3243.189941,"IT1641A",16.8386840816672,41.0858764651208,"EEA AirBase v8 ArcGIS","station_european_code",1,1,FALSE,TRUE,"IT","ITALY"
1364,"IT1646A",8,2010,"day",25.855,"IT1646A","ITALY","Background","rural",9.713889,45.851944,0,200,2900,0,0,0,0,907.3649902,1.57271,0,0,0,0,0,0,0,1.20762,5.23314,869,8.8602505,0.714926,17128.69922,0,209.2380066,"IT1646A",9.71392822222053,45.8519287107657,"EEA AirBase v8 ArcGIS","station_european_code",1,1,FALSE,TRUE,"IT","ITALY"
1365,"IT1648A",8,2010,"day",49.51,"IT1648A","ITALY","Background","suburban",9.125834,45.727222,0,1700,0,0,400,1300,0,158.3760071,0.475326,1828650,64.1885986,50053.39844,3.4266601,0,0,0,1.95739,5.1654902,342,12.0228996,0.407936,61394,41380.5,20871.5,"IT1648A",9.12591552710717,45.727294921649,"EEA AirBase v8 ArcGIS","station_european_code",1,1,FALSE,TRUE,"IT","ITALY"
1366,"IT1650A",8,2010,"day",24.907,"IT1650A","ITALY","Background","urban",9.024166,45.626942,0,0,0,0,800,1600,0,0,0.242506,8556220,406.9670105,43839,3.0099299,0,0,0,2.0042601,5.1277299,215,12.6058998,0.430736,60046.80078,174797,18256,"IT1650A",9.02429199182701,45.627075195192,"EEA AirBase v8 ArcGIS","station_european_code",1,1,FALSE,TRUE,"IT","ITALY"
1367,"IT1651A",8,2010,"day",24.964,"IT1651A","ITALY","Industrial","suburban",13.787778,45.617496,0,600,0,0,200,800,0,182.2109985,0.0197524,5193920,123.1009979,83686.89844,5.3884802,0,0,0,1.90026,2.6505201,30,12.3163996,0.662623,61586.39844,204049,8264.910156,"IT1651A",13.787902832311,45.6174926760097,"EEA AirBase v8 ArcGIS","station_european_code",1,1,FALSE,TRUE,"IT","ITALY"
1368,"IT1654A",8,2010,"day",29.949,"IT1654A","ITALY","Background","urban",11.091944,43.872776,0,0,0,0,300,2100,0,0,0.101512,2234000,196.9530029,163003,10.7677002,0,0,0,1.94898,4.82723,57,12.9727001,0.626241,99885.5,146972,24062.40039,"IT1654A",11.0919189452006,43.8729248050029,"EEA AirBase v8 ArcGIS","station_european_code",1,1,FALSE,TRUE,"IT","ITALY"
1369,"IT1656A",8,2010,"day",38.115,"IT1656A","ITALY","Background","suburban",11.184722,43.848053,0,2000,200,300,0,1800,0,170.0269928,0.319852,7170080,258.6289978,221104,13.4445,0,0,0,1.77238,4.8700299,62,12.9164,0.625813,48691.80078,220458,9468.030273,"IT1656A",11.1846923825062,43.8480834960017,"EEA AirBase v8 ArcGIS","station_european_code",1,1,FALSE,TRUE,"IT","ITALY"
1370,"IT1662A",8,2010,"day",6.48,"IT1662A","ITALY","Background","suburban",9.798612,44.123608,0,1100,600,0,0,1000,0,333.0039978,0.734234,31884.30078,1.63079,100361,6.4018798,0,0,24,1.57263,3.48401,82,14.3882999,1.25587,79485,0,6695.629883,"IT1662A",9.79870605432119,44.1237182618047,"EEA AirBase v8 ArcGIS","station_european_code",1,1,FALSE,TRUE,"IT","ITALY"
1371,"IT1663A",8,2010,"day",13.798,"IT1663A","ITALY","Background","suburban",17.808332,40.565556,0,3200,0,0,0,1700,0,833.6690063,1.69148,1068590,12.4629002,74293,4.4017501,0,0,0,2.0043199,4.1166601,62,16.1860008,1.88449,49461.60156,29965.19922,15797.5,"IT1663A",17.8082885743831,40.5656738277898,"EEA AirBase v8 ArcGIS","station_european_code",1,1,FALSE,TRUE,"IT","ITALY"
1372,"IT1664A",8,2010,"day",8.208,"IT1664A","ITALY","Traffic","suburban",17.964167,40.428059,0,8100,0,0,0,0,0,1487.430054,1.4592,0,0,0,0,0,0,0,2.0043199,4.1649699,38,16.2453003,0.976396,25404.40039,0,1046.189941,"IT1664A",17.964294433521,40.42810058571,"EEA AirBase v8 ArcGIS","station_european_code",1,1,FALSE,TRUE,"IT","ITALY"
1373,"IT1665A",8,2010,"day",9.21,"IT1665A","ITALY","Background","rural",18.116112,40.458889,0,8000,100,0,0,0,0,1487.430054,1.50604,0,0,0,0,0,76,0,2.0043199,3.5696199,19,16.3703003,0.96696,10007.7998,0,156.9290009,"IT1665A",18.1160888675378,40.4589233399499,"EEA AirBase v8 ArcGIS","station_european_code",1,1,FALSE,TRUE,"IT","ITALY"
1374,"IT1666A",8,2010,"day",10.87,"IT1666A","ITALY","Background","suburban",18.029722,40.404446,0,6800,0,0,0,600,0,1179.689941,1.1373301,1715940,47.2995987,21273.30078,1.1689399,0,0,0,2.0002201,4.1086102,29,16.2807999,0.980734,19823.09961,47801.60156,8264.910156,"IT1666A",18.0297241210636,40.4044799803157,"EEA AirBase v8 ArcGIS","station_european_code",1,1,FALSE,TRUE,"IT","ITALY"
1375,"IT1667A",8,2010,"day",10.208,"IT1667A","ITALY","Background","suburban",18.304167,40.1325,0,5800,0,0,100,0,0,1179.689941,0.934367,9560260,301.8160095,0,0,0,0,0,2.0042701,4.1803398,85,16.6685009,0,52925.89844,110586,5021.720215,"IT1667A",18.3040771483939,40.1325073239502,"EEA AirBase v8 ArcGIS","station_european_code",1,1,FALSE,TRUE,"IT","ITALY"
1376,"IT1668A",8,2010,"day",18.134,"IT1668A","ITALY","Traffic","urban",18.194444,40.361111,0,0,0,0,0,2900,0,0,0.56086,735404,0,92184.10156,5.0654202,0,143,0,2.0043199,3.9464099,41,16.4009991,2.0174201,48691.80078,12842.2002,25840.90039,"IT1668A",18.1945190430424,40.3610839844196,"EEA AirBase v8 ArcGIS","station_european_code",1,1,FALSE,TRUE,"IT","ITALY"
1377,"IT1672A",8,2010,"day",5.657,"IT1672A","ITALY","Background","rural",10.430278,44.299721,0,200,2700,0,0,0,0,997.059021,2.19766,0,0,0,0,0,0,0,1.56516,4.62183,1115,9.6422701,1.03229,13087.09961,0,0,"IT1672A",10.4302978519388,44.2996826170672,"EEA AirBase v8 ArcGIS","station_european_code",1,1,FALSE,TRUE,"IT","ITALY"
1378,"IT1674A",8,2010,"day",9.657,"IT1674A","ITALY","Industrial","suburban",15.872778,40.64389,0,7300,0,0,0,800,0,272.3659973,0.506972,147641,6.5711699,66615,3.6905301,0,0,0,1.67635,4.8228502,716,11.7868004,0.686135,27136.5,13555.7002,941.5720215,"IT1674A",15.8729248050672,40.6439208984982,"EEA AirBase v8 ArcGIS","station_european_code",1,1,FALSE,TRUE,"IT","ITALY"
1379,"IT1678A",8,2010,"day",66.617,"IT1678A","ITALY","Traffic","suburban",11.621111,46.679169,0,1900,1600,0,0,0,0,446.7330017,1.30723,2651400,65.8587036,0,0,3,0,9,1.01359,5.17946,562,4.03755,0.85641,38299.10156,28538.30078,156.9290009,"IT1678A",11.6210937499021,46.6793212890957,"EEA AirBase v8 ArcGIS","station_european_code",1,1,FALSE,TRUE,"IT","ITALY"
1380,"IT1679A",8,2010,"day",11.575,"IT1679A","ITALY","Background","suburban",17.423889,40.537777,0,5400,0,0,200,600,0,1797.77002,1.96641,1177390,24.4083996,17120.80078,0.973203,0,0,0,1.9955601,3.9860301,97,15.9666996,0,51963.60156,47088.10156,11298.90039,"IT1679A",17.4238891597337,40.5379028320326,"EEA AirBase v8 ArcGIS","station_european_code",1,1,FALSE,TRUE,"IT","ITALY"
1381,"IT1680A",8,2010,"day",29.274,"IT1680A","ITALY","Traffic","urban",17.331945,40.700832,0,600,0,100,0,2200,0,94.6194992,1.16092,956626,15.5326004,68483.39844,3.8928101,0,0,0,1.9721299,4.2761798,402,15.3934002,0.907645,45035.10156,30678.59961,23696.19922,"IT1680A",17.3320922854651,40.7009277344511,"EEA AirBase v8 ArcGIS","station_european_code",1,1,FALSE,TRUE,"IT","ITALY"
1382,"IT1681A",8,2010,"day",6.194,"IT1681A","ITALY","Background","rural",11.901667,43.660278,0,0,2900,0,0,0,0,441.368988,0.800745,0,0,0,0,0,0,0,1.67425,4.8442502,778,10.9583998,0,12894.7002,0,261.5480042,"IT1681A",11.9016723635611,43.6602783200324,"EEA AirBase v8 ArcGIS","station_european_code",1,1,FALSE,TRUE,"IT","ITALY"
1383,"IT1683A",8,2010,"day",31.011,"IT1683A","ITALY","Traffic","urban",17.632778,40.392502,0,300,0,0,0,2900,0,0,1.68022,0,0,111286,6.32582,0,0,0,2.0043199,3.9930501,84,16.4929008,0,32332.90039,0,18674.5,"IT1683A",17.6328735355534,40.3925170898996,"EEA AirBase v8 ArcGIS","station_european_code",1,1,FALSE,TRUE,"IT","ITALY"
1384,"IT1686A",8,2010,"day",12.878,"IT1686A","ITALY","Traffic","suburban",18.142778,40.385834,0,4000,0,0,0,1100,0,923.2319946,0.719391,6925060,105.8610001,28364.30078,1.5585901,0,0,0,2.0043199,3.99652,37,16.3444996,1.00968,27329,67064.89844,16216,"IT1686A",18.1428833010979,40.3859252928482,"EEA AirBase v8 ArcGIS","station_european_code",1,1,FALSE,TRUE,"IT","ITALY"
1385,"IT1687A",8,2010,"day",11.543,"IT1687A","ITALY","Traffic","suburban",18.095001,40.385834,0,6900,0,0,0,100,0,1179.689941,1.17336,8334580,101.3560028,0,0,0,0,0,2.0021501,4.0759101,56,16.3131008,0.973419,20977.90039,113440,418.4769897,"IT1687A",18.0950927734725,40.3859252928482,"EEA AirBase v8 ArcGIS","station_european_code",1,1,FALSE,TRUE,"IT","ITALY"
1386,"IT1692A",8,2010,"day",58.769,"IT1692A","ITALY","Background","urban",9.235833,45.478333,0,0,0,0,500,1300,0,0,0.151035,7422300,246.6069946,283978,20.6368999,0,0,0,2.00386,5.0813599,120,13.1104002,0.469161,87375.79688,196200,22702.40039,"IT1692A",9.23590087929262,45.4782714846561,"EEA AirBase v8 ArcGIS","station_european_code",1,1,FALSE,TRUE,"IT","ITALY"
1387,"IT1696A",8,2010,"day",28.241,"IT1696A","ITALY","Background","urban",11.339444,46.434444,0,4400,0,0,0,1800,0,223.3659973,1.06126,369963,0,183446,12.8101997,0,0,0,1.38256,5.1415801,226,7.55407,0.73337,26174.19922,7848.02002,11403.5,"IT1696A",11.3394775389709,46.4345092776222,"EEA AirBase v8 ArcGIS","station_european_code",1,1,FALSE,TRUE,"IT","ITALY"
1388,"IT1697A",8,2010,"day",21.759,"IT1697A","ITALY","Background","urban",11.17,46.647503,0,8000,0,0,0,0,0,588.875,0.877646,10297300,202.6419983,0,0,0,0,0,0.272033,5.2184401,270,4.8735299,0.762197,36759.39844,91322.39844,6852.549805,"IT1697A",11.1701049801706,46.6475219728302,"EEA AirBase v8 ArcGIS","station_european_code",1,1,FALSE,TRUE,"IT","ITALY"
1389,"IT1698A",8,2010,"day",68.249,"IT1698A","ITALY","Traffic","urban",8.968055,44.405003,0,0,0,0,400,1500,0,0,0.0564583,3908560,143.5829926,156382,9.6327,0,0,24,1.77966,3.1846099,56,14.0550003,1.50685,99885.5,54936.10156,27724.09961,"IT1698A",8.96807861306103,44.4050903321574,"EEA AirBase v8 ArcGIS","station_european_code",1,1,FALSE,TRUE,"IT","ITALY"
1390,"IT1704A",8,2010,"day",13.423,"IT1704A","ITALY","Industrial","suburban",17.978056,40.620277,0,5900,0,0,100,100,0,1667.339966,1.67204,8339630,169.1390076,9286.620117,0.550219,0,0,0,2.0043199,3.4152901,8,16.5072994,0.978641,13087.09961,235441,993.882019,"IT1704A",17.9780883791191,40.6203002932593,"EEA AirBase v8 ArcGIS","station_european_code",1,1,FALSE,TRUE,"IT","ITALY"
1391,"IT1709A",8,2010,"day",53.893,"IT1709A","ITALY","Traffic","suburban",15.061111,37.450279,0,0,200,0,1300,0,0,99.447197,0.861864,8475760,204.1439972,0,0,0,0,0,2.0042601,3.3494799,9,16.9286003,0,72364.10156,419512,104.6190033,"IT1709A",15.0610961912638,37.4503173824988,"EEA AirBase v8 ArcGIS","station_european_code",1,1,FALSE,TRUE,"IT","ITALY"
1392,"IT1725A",8,2010,"day",49.242,"IT1725A","ITALY","Background","urban",7.342222,45.733891,0,3000,0,0,400,100,0,86.4700012,0.0968381,7387690,224.4470062,0,0,28,0,0,1.15341,5.2575202,555,3.2848001,0.379915,71786.70313,112726,10932.7002,"IT1725A",7.34228515667434,45.7338867184818,"EEA AirBase v8 ArcGIS","station_european_code",1,1,FALSE,TRUE,"IT","ITALY"
1393,"IT1727A",8,2010,"day",2.995,"IT1727A","ITALY","Industrial","rural",16.203611,39.742222,0,8000,0,0,0,0,0,1426.560059,0.794215,0,0,0,0,0,0,0,1.63773,4.39152,385,13.8322001,0.648942,10200.2998,0,0,"IT1727A",16.2036743165644,39.7423095703912,"EEA AirBase v8 ArcGIS","station_european_code",1,1,FALSE,TRUE,"IT","ITALY"
1394,"IT1729A",8,2010,"day",17.376,"IT1729A","ITALY","Background","urban",13.481667,43.482502,0,1300,0,100,300,1900,0,36.8596001,0.957832,2199060,49.2080994,193585,11.2889004,0,0,0,1.86168,4.0669298,183,14.5629997,2.9258101,39646.30078,61357.19922,9049.55957,"IT1729A",13.4816894535299,43.4824829102825,"EEA AirBase v8 ArcGIS","station_european_code",1,1,FALSE,TRUE,"IT","ITALY"
1395,"IT1734A",8,2010,"day",29.047,"IT1734A","ITALY","Background","suburban",9.348888,45.840832,0,1400,0,0,0,2100,0,132.2630005,0.423721,2677460,180.4589996,95868.39844,6.5873599,0,0,0,1.25951,5.2088299,249,10.4435997,1.1533999,22710,45661.19922,10461.90039,"IT1734A",9.34887695302758,45.8408813474548,"EEA AirBase v8 ArcGIS","station_european_code",1,1,FALSE,TRUE,"IT","ITALY"
1396,"IT1736A",8,2010,"day",34.984,"IT1736A","ITALY","Background","rural",8.915,45.040833,0,5800,0,0,0,800,0,654.1459961,1.39782,211300,20.0814991,23537.5,1.56586,0,0,0,2.0043199,4.8365302,75,13.4336996,1.05495,22710,6421.109863,2563.169922,"IT1736A",8.91510009727755,45.0408935546147,"EEA AirBase v8 ArcGIS","station_european_code",1,1,FALSE,TRUE,"IT","ITALY"
1397,"IT1739A",8,2010,"day",37.005,"IT1739A","ITALY","Background","urban",10.045834,45.142223,0,1300,0,400,1200,200,0,0,1.55735,3032270,125.1529999,0,0,0,0,0,2.0043099,5.03408,44,13.5359001,1.00578,74481.10156,135557,13338.90039,"IT1739A",10.0458984372894,45.1422729492796,"EEA AirBase v8 ArcGIS","station_european_code",1,1,FALSE,TRUE,"IT","ITALY"
1398,"IT1740A",8,2010,"day",13.484,"IT1740A","ITALY","Industrial","rural",15.722777,41.066387,0,2600,0,0,700,0,0,142.6679993,0.35287,3121550,157.7079926,0,0,0,0,0,2.00175,4.67377,187,14.2024002,1.54983,32332.90039,251137,0,"IT1740A",15.722900390825,41.0665283200444,"EEA AirBase v8 ArcGIS","station_european_code",1,1,FALSE,TRUE,"IT","ITALY"
1399,"IT1742A",8,2010,"day",8.932,"IT1742A","ITALY","Industrial","rural",15.904722,40.313889,0,5400,100,0,0,0,0,363.1539917,0.468558,920998,49.2837982,0,0,0,0,0,1.87111,4.5524302,603,11.2076998,0.606635,29830.90039,84187.79688,104.6190033,"IT1742A",15.9047241213843,40.3139038088596,"EEA AirBase v8 ArcGIS","station_european_code",1,1,FALSE,TRUE,"IT","ITALY"
1400,"IT1745A",8,2010,"day",19.058,"IT1745A","ITALY","Industrial","suburban",12.713333,42.744724,0,2300,0,0,1300,0,0,74.6408997,0.565218,1849140,80.0266037,0,0,0,0,0,1.77355,4.9946299,285,12.0698004,1.8909,38299.10156,77053.29688,4184.77002,"IT1745A",12.7133178710652,42.7448730468574,"EEA AirBase v8 ArcGIS","station_european_code",1,1,FALSE,TRUE,"IT","ITALY"
1401,"IT1753A",8,2010,"day",34.076,"IT1753A","ITALY","Traffic","urban",14.663333,41.557777,0,500,0,100,500,1000,0,27.9270992,0.26409,1918580,60.7094002,26365.30078,1.54,0,0,0,1.85654,4.7399101,702,11.7686005,1.30848,81217.10156,59930.30078,20714.59961,"IT1753A",14.6633300778504,41.557922363086,"EEA AirBase v8 ArcGIS","station_european_code",1,1,FALSE,TRUE,"IT","ITALY"
1402,"IT1766A",8,2010,"day",3.997,"IT1766A","ITALY","Industrial","rural",16.205557,39.714169,0,8100,0,0,0,0,0,1426.560059,0.740467,679076,45.1030998,0,0,0,0,0,1.7937,4.3972602,235,13.8775997,0.651519,21170.30078,61357.19922,0,"IT1766A",16.2056884768737,39.7142944338115,"EEA AirBase v8 ArcGIS","station_european_code",1,1,FALSE,TRUE,"IT","ITALY"
1403,"IT1771A",8,2010,"day",41.648,"IT1771A","ITALY","Background","urban",10.926389,44.651669,0,0,0,400,100,2200,0,0,0.0879096,8379970,300.9880066,151662,9.5236797,0,0,0,2.0042,4.98844,39,13.7233,1.54486,101233,227593,16843.69922,"IT1771A",10.9265136718852,44.6516723634146,"EEA AirBase v8 ArcGIS","station_european_code",1,1,FALSE,TRUE,"IT","ITALY"
1404,"IT1773A",8,2010,"day",7.327,"IT1773A","ITALY","Background","rural",12.952222,43.468056,0,3500,1800,0,0,0,0,1068.930054,1.34075,0,0,0,0,0,0,0,1.50322,4.5465698,544,12.9209995,0.73203,20015.59961,0,0,"IT1773A",12.9522705073955,43.4680786130968,"EEA AirBase v8 ArcGIS","station_european_code",1,1,FALSE,TRUE,"IT","ITALY"
1405,"IT1782A",8,2010,"day",29.758,"IT1782A","ITALY","Traffic","urban",10.09611,44.079998,0,500,0,0,0,2600,0,0,0.43427,64977.5,0,132088,7.78684,0,76,2,1.35867,3.8036699,100,13.3662004,1.20007,49076.69922,22830.59961,9834.200195,"IT1782A",10.0961303711597,44.080078124855,"EEA AirBase v8 ArcGIS","station_european_code",1,1,FALSE,TRUE,"IT","ITALY"
1406,"IT1783A",8,2010,"day",38.461,"IT1783A","ITALY","Traffic","suburban",10.079444,44.048611,0,900,1200,0,300,300,0,158.0240021,0.174076,8398340,233.9499969,0,0,0,0,0,1.72269,3.4216199,35,14.1226997,1.22929,52540.89844,283956,7846.439941,"IT1783A",10.0795288085148,44.0487060545008,"EEA AirBase v8 ArcGIS","station_european_code",1,1,FALSE,TRUE,"IT","ITALY"
1407,"IT1791A",8,2010,"day",7.287,"IT1791A","ITALY","Background","rural",11.569166,45.848331,0,400,2800,0,0,0,0,1070.859985,1.79417,0,0,0,0,0,0,0,1.5272501,4.8994899,1364,9.6541796,0.381051,25404.40039,28538.30078,0,"IT1791A",11.5692749025566,45.848327636775,"EEA AirBase v8 ArcGIS","station_european_code",1,1,FALSE,TRUE,"IT","ITALY"
1408,"IT1792A",8,2010,"day",49.037,"IT1792A","ITALY","Traffic","urban",9.503333,45.528057,0,2200,0,0,1100,0,0,45.5004997,2.0297,3900770,144.3560028,0,0,0,137,0,2.0002301,5.1198502,131,13.0733004,0.893081,37721.69922,99883.89844,8683.389648,"IT1792A",9.50347900409122,45.5280761721705,"EEA AirBase v8 ArcGIS","station_european_code",1,1,FALSE,TRUE,"IT","ITALY"
1409,"IT1794A",8,2010,"day",12.126,"IT1794A","ITALY","Industrial","suburban",15.311666,38.208057,0,1100,0,0,1300,100,0,0,0.27646,2130260,174.8430023,0,0,0,0,0,1.96771,2.3494799,6,17.3111,0,53695.69922,91322.39844,6277.149902,"IT1794A",15.3117065426156,38.208129883147,"EEA AirBase v8 ArcGIS","station_european_code",1,1,FALSE,TRUE,"IT","ITALY"
1410,"IT1796A",8,2010,"day",11.296,"IT1796A","ITALY","Background","rural",13.674723,43.335556,0,5400,0,1400,0,0,0,424.9039917,0.606124,26646.80078,0,0,0,0,0,0,1.7986701,3.4216199,103,15.1197004,2.8996401,18475.90039,0,1360.050049,"IT1796A",13.6746826171431,43.3356933590622,"EEA AirBase v8 ArcGIS","station_european_code",1,1,FALSE,TRUE,"IT","ITALY"
1411,"IT1799A",8,2010,"day",27.458,"IT1799A","ITALY","Background","urban",14.672778,41.566944,0,600,0,0,100,2600,0,27.9270992,0.291625,2082180,48.8055992,105461,6.1599898,0,0,0,1.88352,4.7298498,729,11.8472004,1.3467799,66782.79688,67778.39844,19982.30078,"IT1799A",14.6729125974289,41.5670776368173,"EEA AirBase v8 ArcGIS","station_european_code",1,1,FALSE,TRUE,"IT","ITALY"
1412,"IT1801A",8,2010,"day",32.933,"IT1801A","ITALY","Traffic","urban",14.993334,41.998055,0,200,0,0,0,2900,0,0,0.125787,118982,0,114250,6.6733198,0,0,0,1.9595,2.7657399,34,15.9004002,0.863573,54080.60156,2853.830078,16059,"IT1801A",14.9932861326101,41.9981079102836,"EEA AirBase v8 ArcGIS","station_european_code",1,1,FALSE,TRUE,"IT","ITALY"
1413,"IT1804A",8,2010,"day",46.746,"IT1804A","ITALY","Traffic","urban",14.047223,41.484165,0,800,0,0,0,2800,0,20.1196003,0.579793,357604,3.8919799,141274,8.3512096,0,0,1,1.74272,4.5743799,186,12.5591002,0.925185,35027.30078,8561.480469,8421.839844,"IT1804A",14.0473022465037,41.4843139645419,"EEA AirBase v8 ArcGIS","station_european_code",1,1,FALSE,TRUE,"IT","ITALY"
1414,"IT1806A",8,2010,"day",5.887,"IT1806A","ITALY","Background","rural",14.525556,41.418892,0,3600,100,0,500,0,0,502.6870117,0.76536,148727,5.35671,0,0,0,0,0,1.35607,4.8082299,884,11.8367996,1.23172,19630.69922,17836.40039,0,"IT1806A",14.5256958011319,41.4188842772716,"EEA AirBase v8 ArcGIS","station_european_code",1,1,FALSE,TRUE,"IT","ITALY"
1415,"IT1815A",8,2010,"day",29.362,"IT1815A","ITALY","Industrial","suburban",13.630278,43.441113,0,1800,0,0,900,200,0,184.2980042,0.769468,2245590,53.6815987,19358.5,1.12889,0,0,0,1.91403,3.3332601,32,15.1560001,2.9416699,52733.39844,36386.30078,7061.790039,"IT1815A",13.6303100587995,43.4411010742508,"EEA AirBase v8 ArcGIS","station_european_code",1,1,FALSE,TRUE,"IT","ITALY"
1416,"IT1817A",8,2010,"day",28.31,"IT1817A","ITALY","Traffic","suburban",15.254167,40.67778,0,4000,700,0,0,300,0,1452.630005,2.2165501,0,0,38828.30078,2.2046399,0,0,0,1.49552,4.5171399,170,12.2403002,0,33487.60156,0,993.882019,"IT1817A",17.2902832027354,40.9567260742871,"EEA AirBase v8 ArcGIS","station_european_code",1,1,FALSE,TRUE,"IT","ITALY"
1417,"IT1822A",8,2010,"day",24.462,"IT1822A","ITALY","Traffic","urban",16.291666,41.231667,0,0,0,0,0,2900,0,0,0.311151,2026840,78.7914963,161242,9.1201096,0,0,0,2.00365,3.97031,156,15.4341002,1.64666,32332.90039,75626.39844,28247.19922,"IT1822A",16.2916870116476,41.2316894532964,"EEA AirBase v8 ArcGIS","station_european_code",1,1,FALSE,TRUE,"IT","ITALY"
1418,"IT1829A",8,2010,"day",39.088,"IT1829A","ITALY","Traffic","urban",15.552778,38.198334,0,0,0,0,0,2800,0,0,0.141581,0,0,127665,6.7745299,0,0,19,1.8411,2.6989701,32,0,0.874762,68707.39844,59216.89844,20871.5,"IT1829A",15.5529174806881,38.1984863278619,"EEA AirBase v8 ArcGIS","station_european_code",1,1,FALSE,TRUE,"IT","ITALY"
1419,"IT1830A",8,2010,"day",33.723,"IT1830A","ITALY","Traffic","suburban",8.620833,44.918335,0,100,0,0,700,1500,0,0,0.336794,2415950,160.3079987,72234.5,4.36164,0,0,0,2.0041399,4.74264,92,13.1816998,1.01981,88723,93462.79688,16268.2998,"IT1830A",8.62091064431986,44.9182739257746,"EEA AirBase v8 ArcGIS","station_european_code",1,1,FALSE,TRUE,"IT","ITALY"
1420,"IT1832A",8,2010,"day",12.981,"IT1832A","ITALY","Background","rural",11.900556,45.889168,0,1600,1700,0,0,0,0,1022.640015,1.11955,0,0,0,0,0,0,0,1.4956,4.8070402,847,10.8013,0.379529,39838.69922,0,0,"IT1832A",11.9006958005242,45.8892822266101,"EEA AirBase v8 ArcGIS","station_european_code",1,1,FALSE,TRUE,"IT","ITALY"
1421,"IT1833A",8,2010,"day",26.494,"IT1833A","ITALY","Industrial","urban",11.525,45.532223,0,3200,0,0,500,1100,0,295.4089966,0.816749,10513100,314.9020081,45189,2.9322701,0,46,0,1.86017,4.8210001,34,12.8656998,0.481739,64088.39844,131989,11612.7002,"IT1833A",11.525085449614,45.5322875975104,"EEA AirBase v8 ArcGIS","station_european_code",1,1,FALSE,TRUE,"IT","ITALY"
1422,"IT1834A",8,2010,"day",59.36,"IT1834A","ITALY","Traffic","urban",12.548889,41.910278,0,0,0,0,400,1700,0,0,0.143205,10894200,200.2539978,180154,11.6204996,0,3,20,2.00037,4.45925,33,14.7891998,2.4208901,93919.29688,212610,15117.5,"IT1834A",12.5488891598883,41.9102783200508,"EEA AirBase v8 ArcGIS","station_european_code",1,1,FALSE,TRUE,"IT","ITALY"
1423,"IT1835A",8,2010,"day",42.529,"IT1835A","ITALY","Background","urban",12.533611,41.947781,0,0,0,0,0,2800,0,0,0.0557612,3132420,52.0840988,334573,21.5809002,0,54,0,1.98722,4.4825201,41,14.8754997,2.41469,97383.60156,77766.70313,27567.09961,"IT1835A",12.5336914062161,41.9478759768402,"EEA AirBase v8 ArcGIS","station_european_code",1,1,FALSE,TRUE,"IT","ITALY"
1424,"IT1840A",8,2010,"day",12.914,"IT1840A","ITALY","Background","suburban",12.636389,43.730556,0,2800,1600,0,0,300,0,608.5369873,0.536247,1214630,37.1543007,17293.5,1.0395,0,0,0,1.66643,4.4397702,394,13.0354004,0.756909,41955.80078,24971,5230.959961,"IT1840A",12.6364746090359,43.7305297853886,"EEA AirBase v8 ArcGIS","station_european_code",1,1,FALSE,TRUE,"IT","ITALY"
1425,"IT1842A",8,2010,"day",4.325,"IT1842A","ITALY","Background","rural",13.336666,42.900558,0,2400,1800,0,0,0,0,1255.880005,1.36016,0,0,0,0,0,0,0,1.42632,4.6517901,942,10.5500002,1.08046,28291.30078,0,156.9290009,"IT1842A",13.3367309571785,42.9006958005606,"EEA AirBase v8 ArcGIS","station_european_code",1,1,FALSE,TRUE,"IT","ITALY"
1426,"IT1843A",8,2010,"day",48.225,"IT1843A","ITALY","Background","urban",13.619445,42.84861,0,400,200,0,1100,0,0,173.2250061,0.853331,6400280,192.6529999,0,0,0,0,0,1.76162,4.3877101,110,12.5862999,1.73217,48691.80078,157674,1621.599976,"IT1843A",13.6195068356494,42.8486938478512,"EEA AirBase v8 ArcGIS","station_european_code",1,1,FALSE,TRUE,"IT","ITALY"
1427,"IT1845A",8,2010,"day",29.302,"IT1845A","ITALY","Background","suburban",11.147223,43.822498,0,2800,0,100,300,1000,0,297.54599,0.386028,2591170,74.9204025,98268.29688,5.9753499,0,81,0,1.97812,4.8502798,37,13.1622,0.621557,51001.30078,89182,12188.09961,"IT1845A",11.1472778320953,43.8225097658708,"EEA AirBase v8 ArcGIS","station_european_code",1,1,FALSE,TRUE,"IT","ITALY"
1428,"IT1850A",8,2010,"day",60.55,"IT1850A","ITALY","Traffic","urban",8.901388,44.46278,0,400,100,0,700,1400,0,18.7126007,0.323352,9301380,308.0509949,156382,9.6327,0,157,0,1.4511499,3.73892,53,13.4131002,1.50431,57544.80078,73486,13077.40039,"IT1850A",8.90148925797884,44.4628906252294,"EEA AirBase v8 ArcGIS","station_european_code",1,1,FALSE,TRUE,"IT","ITALY"
1429,"IT1853A",8,2010,"day",23.593,"IT1853A","ITALY","Traffic","suburban",12.496111,45.949169,0,1500,0,0,0,2700,0,47.3871002,0.507298,75311.20313,0,108227,6.5389299,0,0,0,1.9125,4.6897202,25,11.9046001,0,39261.39844,3567.280029,19773,"IT1853A",12.4960937504042,45.9492797849433,"EEA AirBase v8 ArcGIS","station_european_code",1,1,FALSE,TRUE,"IT","ITALY"
1430,"IT1856A",8,2010,"day",21.72,"IT1856A","ITALY","Traffic","suburban",13.381945,42.364166,0,500,0,200,700,1100,0,15.7209997,0.206172,2227510,78.8953018,31265.30078,1.82739,0,0,0,1.6374201,4.7976198,667,8.90979,1.42514,60624.19922,114866,13286.59961,"IT1856A",13.382080078559,42.3640747070603,"EEA AirBase v8 ArcGIS","station_european_code",1,1,FALSE,TRUE,"IT","ITALY"
1431,"IT1857A",8,2010,"day",37.826,"IT1857A","ITALY","Traffic","urban",13.709444,42.657223,0,700,0,0,0,2800,0,48.9413986,0.703653,876181,47.2473984,121519,7.64185,0,0,0,1.62313,4.3804998,257,12.2082996,1.59495,74288.60156,31392.09961,14803.59961,"IT1857A",13.7094726559081,42.6572875979259,"EEA AirBase v8 ArcGIS","station_european_code",1,1,FALSE,TRUE,"IT","ITALY"
1432,"IT1859A",8,2010,"day",62.2,"IT1859A","ITALY","Traffic","urban",11.110278,46.104164,0,400,0,0,300,2000,0,0,0.513124,10942300,223.9450073,67645.5,4.45961,0,0,20,1.12997,5.0965099,195,8.1960897,0,60816.60156,164808,9729.580078,"IT1859A",11.1102905276201,46.104309082285,"EEA AirBase v8 ArcGIS","station_european_code",1,1,FALSE,TRUE,"IT","ITALY"
1433,"IT1862A",8,2010,"day",41.589,"IT1862A","ITALY","Traffic","urban",12.218333,45.490276,0,0,0,600,0,1700,0,0,0.562543,3933610,82.0295029,160229,9.6283398,0,0,0,2.0043199,4.1779199,2,13.9224005,0.604497,75058.5,134843,18046.80078,"IT1862A",12.2183227537921,45.4902954102962,"EEA AirBase v8 ArcGIS","station_european_code",1,1,FALSE,TRUE,"IT","ITALY"
1434,"IT1864A",8,2010,"day",4.614,"IT1864A","ITALY","Background","rural",11.803056,46.339722,0,4100,1400,0,0,0,0,252.6100006,0.663185,0,0,0,0,0,0,0,1.41798,5.0458498,2020,3.6896901,0.369306,12894.7002,0,0,"IT1864A",11.8031005858625,46.3397216799697,"EEA AirBase v8 ArcGIS","station_european_code",1,1,FALSE,TRUE,"IT","ITALY"
1435,"IT1866A",8,2010,"day",24.825,"IT1866A","ITALY","Background","suburban",10.796667,45.193611,0,1400,0,0,0,2700,0,133.6889954,2.07845,2166340,1.34989,89957.60156,5.9600902,0,0,0,2.0043199,5.0703301,29,13.6871996,1.58394,34257.5,48515,18674.5,"IT1866A",10.7966918949707,45.1937255860944,"EEA AirBase v8 ArcGIS","station_european_code",1,1,FALSE,TRUE,"IT","ITALY"
1436,"IT1867A",8,2010,"day",30.872,"IT1867A","ITALY","Industrial","rural",10.842222,45.155281,0,1200,0,0,500,0,0,267.3770142,1.4352601,9531900,344.2219849,0,0,0,0,0,2.0043199,5.0580502,26,13.7243996,1.56883,72364.10156,281102,4864.790039,"IT1867A",10.8422851559875,45.1552734375119,"EEA AirBase v8 ArcGIS","station_european_code",1,1,FALSE,TRUE,"IT","ITALY"
1437,"IT1868A",8,2010,"day",35.016,"IT1868A","ITALY","Background","urban",10.795556,45.160557,0,0,0,0,0,2900,0,0,0.777184,1809530,13.4989004,89957.60156,5.9600902,0,0,0,1.99569,5.0716701,26,13.7068996,1.58217,44072.80078,39953.60156,14855.90039,"IT1868A",10.7954711913991,45.1607055663807,"EEA AirBase v8 ArcGIS","station_european_code",1,1,FALSE,TRUE,"IT","ITALY"
1438,"IT1871A",8,2010,"day",28.789,"IT1871A","ITALY","Industrial","suburban",11.665833,45.226665,0,800,0,0,0,2300,0,182.3959961,1.8835599,5096370,110.9140015,120180,7.67274,0,0,0,1.97458,4.69134,10,13.6623001,1.70147,60046.80078,69918.70313,12188.09961,"IT1871A",11.6658935550797,45.22668457045,"EEA AirBase v8 ArcGIS","station_european_code",1,1,FALSE,TRUE,"IT","ITALY"
1439,"IT1874A",8,2010,"day",21.729,"IT1874A","ITALY","Industrial","urban",8.754723,45.281113,0,4200,0,0,0,1300,0,467.2470093,1.42179,739550,55.9412003,54920.89844,3.6536801,0,0,0,2.0043099,4.9763799,111,13.1526003,0,24442.09961,27824.80078,3452.429932,"IT1874A",8.75469970671916,45.2811279293992,"EEA AirBase v8 ArcGIS","station_european_code",1,1,FALSE,TRUE,"IT","ITALY"
1440,"IT1875A",8,2010,"day",31.234,"IT1875A","ITALY","Background","urban",8.744445,45.253887,0,1200,0,0,0,2900,0,0,1.0534101,1026310,70.2851028,101996,6.7854099,0,0,0,2.0043199,4.9623699,107,13.1816998,0.494977,40993.5,34959.39844,14489.7998,"IT1875A",8.74450683580399,45.2539062498105,"EEA AirBase v8 ArcGIS","station_european_code",1,1,FALSE,TRUE,"IT","ITALY"
1441,"IT1878A",8,2010,"day",26.435,"IT1878A","ITALY","Background","suburban",8.402499,45.31889,0,1300,0,0,0,2700,0,26.5002995,0.415225,2276540,114.6880035,107888,6.1842098,0,0,0,2.0043199,5.0108099,131,12.8473997,0.882108,50231.39844,104878,15954.40039,"IT1878A",8.40252685522091,45.3189086912674,"EEA AirBase v8 ArcGIS","station_european_code",1,1,FALSE,TRUE,"IT","ITALY"
1442,"IT1883A",8,2010,"day",20.816,"IT1883A","ITALY","Background","urban",8.485556,44.315277,0,700,0,0,0,2800,0,0,0.423401,374165,15.2482004,198753,13.0867996,0,0,0,1.76591,2.45155,55,0,2.39167,63318.60156,25684.40039,14751.2998,"IT1883A",8.48547363241332,44.3153076172788,"EEA AirBase v8 ArcGIS","station_european_code",1,1,FALSE,TRUE,"IT","ITALY"
1443,"IT1885A",8,2010,"day",40.758,"IT1885A","ITALY","Traffic","urban",8.959722,44.433334,0,0,500,0,300,1200,0,93.5628967,0.337723,4205410,190.5740051,182446,11.2382002,21,85,0,1.4395,3.5667701,34,13.6375999,1.49552,48306.89844,41380.5,12763.5,"IT1885A",8.95971679705407,44.4332885739917,"EEA AirBase v8 ArcGIS","station_european_code",1,1,FALSE,TRUE,"IT","ITALY"
1444,"IT1887A",8,2010,"day",61.941,"IT1887A","ITALY","Traffic","urban",8.911944,44.413891,0,0,0,300,0,1200,0,0,0.0651837,3314850,127.9189987,156382,9.6327,12,179,0,1.7990299,2,10,14.0696001,1.51366,81794.5,97743.5,15954.40039,"IT1887A",8.91192626942871,44.4138793942835,"EEA AirBase v8 ArcGIS","station_european_code",1,1,FALSE,TRUE,"IT","ITALY"
1445,"IT1890A",8,2010,"day",1.333,"IT1890A","ITALY","Background","urban",14.266666,37.549999,0,8100,0,0,0,0,0,749.3989868,0.810212,0,0,0,0,0,0,0,1.68677,4.7024298,693,14.3851004,0.632815,39838.69922,0,1569.290039,"IT1890A",14.266723632875,37.5501098636152,"EEA AirBase v8 ArcGIS","station_european_code",1,1,FALSE,TRUE,"IT","ITALY"
1446,"IT1895A",8,2010,"day",14.722,"IT1895A","ITALY","Industrial","rural",16.548332,40.42028,0,1300,0,0,1300,0,0,0,0.762288,1664300,81.7176971,0,0,0,25,0,1.90521,4.3804998,61,15.1612997,0,22902.5,145545,784.6439819,"IT1895A",16.5482788087934,40.4202880861439,"EEA AirBase v8 ArcGIS","station_european_code",1,1,FALSE,TRUE,"IT","ITALY"
1447,"IT1897A",8,2010,"day",13.48,"IT1897A","ITALY","Industrial","urban",15.785278,41.047779,0,2200,0,0,500,900,0,77.8188019,0.466325,534319,35.6721001,44410,2.46035,0,0,0,1.8919899,4.6669402,305,14.2321997,1.53234,21940.19922,42807.39844,5858.669922,"IT1897A",15.7852783198877,41.0479125979143,"EEA AirBase v8 ArcGIS","station_european_code",1,1,FALSE,TRUE,"IT","ITALY"
1448,"IT1898A",8,2010,"day",11.839,"IT1898A","ITALY","Unknown","urban",12.916389,38.023056,0,700,300,0,0,2300,0,110.814003,0.60521,0,0,64454,3.8567901,0,0,0,1.7440799,2.4771199,35,16.9361992,0.94887,26751.59961,0,7218.720215,"IT1898A",12.9165039064918,38.0230712890162,"EEA AirBase v8 ArcGIS","station_european_code",1,1,FALSE,TRUE,"IT","ITALY"
1449,"IT1899A",8,2010,"day",21.695,"IT1899A","ITALY","Unknown","urban",15.026944,37.516388,0,2100,0,0,1200,0,0,298.3420105,0.84529,4617960,144.9210052,0,0,0,0,0,1.95183,3.7704101,161,16.2674999,0,67552.60156,137697,10252.7002,"IT1899A",15.0269165038354,37.5164794923017,"EEA AirBase v8 ArcGIS","station_european_code",1,1,FALSE,TRUE,"IT","ITALY"
1450,"IT1901A",8,2010,"day",21.744,"IT1901A","ITALY","Traffic","urban",12.5765,43.352839,0,400,0,0,0,2800,0,14.9281998,0.574495,0,0,152992,8.3930397,0,0,0,1.66854,4.81252,503,11.9091997,0.740852,41763.30078,0,15326.7002,"IT1901A",12.5764770510843,43.3529052732736,"EEA AirBase v8 ArcGIS","station_european_code",1,1,FALSE,TRUE,"IT","ITALY"
1451,"IT1902A",8,2010,"day",12.05,"IT1902A","ITALY","Background","rural",12.468055,43.066944,0,8100,0,0,0,0,0,432.9169922,0.789848,577856,4.2871399,0,0,0,0,0,1.90244,4.97609,298,12.9288998,0,192.4579926,25684.40039,1150.810059,"IT1902A",12.4680786132725,43.0670776367624,"EEA AirBase v8 ArcGIS","station_european_code",1,1,FALSE,TRUE,"IT","ITALY"
1452,"IT1909A",8,2010,"day",20.967,"IT1909A","ITALY","Background","rural",12.061666,44.130276,0,3300,0,0,0,1800,0,333.1640015,1.71453,2211620,48.0276985,148577,9.6913996,0,5,0,1.8940901,4.4436102,56,13.5164003,0,37721.69922,30678.59961,6224.839844,"IT1909A",12.0617065433175,44.1303100585279,"EEA AirBase v8 ArcGIS","station_european_code",1,1,FALSE,TRUE,"IT","ITALY"
1453,"IT1910A",8,2010,"day",26.145,"IT1910A","ITALY","Background","suburban",10.370833,44.926113,0,3800,0,0,0,1700,0,260.0669861,0.870904,1677460,69.3234024,134638,8.0264301,0,0,0,2.0042,4.9981298,27,13.5565996,1.54299,37529.19922,34959.39844,8055.669922,"IT1910A",10.3709106444256,44.9260864255064,"EEA AirBase v8 ArcGIS","station_european_code",1,1,FALSE,TRUE,"IT","ITALY"
1454,"IT1912A",8,2010,"day",25.492,"IT1912A","ITALY","Background","urban",10.049167,44.862221,0,2500,0,0,0,2400,0,108.3610001,0.731032,1839790,20.1667995,164558,9.8100901,0,0,0,2.00155,4.9150801,82,13.1879997,1.0064501,58122.19922,36386.30078,14855.90039,"IT1912A",10.0493164065712,44.8623046878162,"EEA AirBase v8 ArcGIS","station_european_code",1,1,FALSE,TRUE,"IT","ITALY"
1455,"IT1913A",8,2010,"day",38.288,"IT1913A","ITALY","Traffic","urban",10.730277,44.588055,0,2100,0,0,400,1400,0,171.9069977,1.77281,2405520,113.3430023,102124,6.3627801,0,0,0,1.94111,4.9125299,102,13.0971003,1.50545,49269.19922,38526.60156,6747.930176,"IT1913A",10.7302856443912,44.5880737303145,"EEA AirBase v8 ArcGIS","station_european_code",1,1,FALSE,TRUE,"IT","ITALY"
1456,"IT1915A",8,2010,"day",10.993,"IT1915A","ITALY","Background","rural",12.627501,43.932777,0,7900,0,0,0,200,0,916.4970093,2.15396,0,0,32636.5,2.0773799,0,0,0,1.87626,3.88762,167,13.9405003,0,22902.5,0,156.9290009,"IT1915A",12.6275024416923,43.9329223633162,"EEA AirBase v8 ArcGIS","station_european_code",1,1,FALSE,TRUE,"IT","ITALY"
1457,"IT1919A",8,2010,"day",15.523,"IT1919A","ITALY","Background","rural",11.942223,44.741669,0,5400,0,0,0,300,0,1023.539978,2.0736101,0,0,0,0,0,0,0,2.0043199,4.3784299,0,14.2286997,1.27054,28098.80078,0,2406.23999,"IT1919A",11.9423217769545,44.7416992185849,"EEA AirBase v8 ArcGIS","station_european_code",1,1,FALSE,TRUE,"IT","ITALY"
1458,"IT1920A",8,2010,"day",48.397,"IT1920A","ITALY","Traffic","urban",10.81,44.544998,0,0,0,0,800,1200,0,0,0.626132,10262000,379.506012,75830.89844,4.7618399,0,0,0,1.96761,4.91574,111,13.0797997,1.00538,50039,269686,12606.59961,"IT1920A",10.8101196288684,44.5451049801623,"EEA AirBase v8 ArcGIS","station_european_code",1,1,FALSE,TRUE,"IT","ITALY"
1459,"IT1921A",8,2010,"day",15.702,"IT1921A","ITALY","Background","rural",11.179167,44.929447,0,6300,0,0,0,700,0,717.2659912,2.4642601,0,0,30332.40039,1.90474,0,0,0,2.0043199,4.9363399,7,13.8908997,2.2311599,9622.879883,0,2301.620117,"IT1921A",11.1790771484125,44.9295043942429,"EEA AirBase v8 ArcGIS","station_european_code",1,1,FALSE,TRUE,"IT","ITALY"
1460,"IT1922A",8,2010,"day",28.19,"IT1922A","ITALY","Background","suburban",11.003889,44.486668,0,3000,0,100,0,1000,0,456.4419861,1.34556,2912190,120.1569977,45498.60156,2.85711,0,0,0,1.97641,4.9502301,118,13.1392002,0.521842,40993.5,99883.89844,13809.7002,"IT1922A",11.0039062501175,44.4866943361725,"EEA AirBase v8 ArcGIS","station_european_code",1,1,FALSE,TRUE,"IT","ITALY"
1461,"IT1923A",8,2010,"day",48.833,"IT1923A","ITALY","Traffic","urban",9.693334,45.048889,0,0,0,0,0,2900,0,0,0.139924,1728360,38.7783012,156110,8.7707796,0,0,0,2.0033901,4.9334502,63,13.3781004,0,76983.10156,54936.10156,29973.40039,"IT1923A",9.6934814452565,45.0488891598797,"EEA AirBase v8 ArcGIS","station_european_code",1,1,FALSE,TRUE,"IT","ITALY"
1462,"IT1924A",8,2010,"day",18.429,"IT1924A","ITALY","Background","rural",10.019166,44.989445,0,8100,0,0,0,0,0,689.2089844,1.31813,0,0,0,0,0,0,0,2.0043199,4.9670601,41,13.5735998,0,34065,0,156.9290009,"IT1924A",10.0192871091304,44.9895019528116,"EEA AirBase v8 ArcGIS","station_european_code",1,1,FALSE,TRUE,"IT","ITALY"
1463,"IT1925A",8,2010,"day",26.162,"IT1925A","ITALY","Background","suburban",11.421667,44.606667,0,4600,0,0,0,1400,0,131.9980011,1.52545,443969,4.6932101,194513,12.0951996,0,0,0,2.0043199,4.8178601,18,14.1381998,1.73327,43880.30078,33532.39844,2406.23999,"IT1925A",11.4216918945593,44.6066894531821,"EEA AirBase v8 ArcGIS","station_european_code",1,1,FALSE,TRUE,"IT","ITALY"
1464,"IT1927A",8,2010,"day",13.969,"IT1927A","ITALY","Background","rural",11.982222,44.641392,0,8100,0,0,0,0,0,1187.310059,2.4201701,0,0,0,0,0,0,0,2.0043199,4.3254099,0,14.4011002,1.3251899,14819.2002,0,0,"IT1927A",11.982299804776,44.6414794919883,"EEA AirBase v8 ArcGIS","station_european_code",1,1,FALSE,TRUE,"IT","ITALY"
1465,"IT1928A",8,2010,"day",17.206,"IT1928A","ITALY","Background","suburban",12.332222,44.28389,0,3200,0,2300,0,100,0,360.8989868,1.8093801,0,0,0,0,0,0,0,2.0043199,3.1631701,0,14.8660002,0.698345,45035.10156,0,6695.629883,"IT1928A",12.332275390564,44.2838745117492,"EEA AirBase v8 ArcGIS","station_european_code",1,1,FALSE,TRUE,"IT","ITALY"
1466,"IT1930A",8,2010,"day",24.892,"IT1930A","ITALY","Background","rural",11.114722,46.196945,0,8100,0,0,0,0,0,465.5130005,0.774461,3388590,140.3390045,0,0,0,0,0,0.931775,5.1176,207,7.8972101,0,55235.30078,46374.69922,3609.360107,"IT1930A",11.1146850590405,46.1970825192457,"EEA AirBase v8 ArcGIS","station_european_code",1,1,FALSE,TRUE,"IT","ITALY"
1467,"IT1932A",8,2010,"day",26.654,"IT1932A","ITALY","Traffic","urban",18.173056,40.364445,0,300,0,0,0,2900,0,0,0.445566,0,0,92184.10156,5.0654202,0,83,0,2.0043199,3.99579,50,16.3705997,2.0186601,44842.60156,0,27881,"IT1932A",18.1730957030414,40.3645019530329,"EEA AirBase v8 ArcGIS","station_european_code",1,1,FALSE,TRUE,"IT","ITALY"
1468,"IT1935A",8,2010,"day",23.735,"IT1935A","ITALY","Background","urban",12.127837,45.440274,0,2600,0,300,300,1500,0,354.1700134,1.96007,1635550,62.8311005,64091.39844,3.8513401,0,0,0,2.0042601,4.26647,2,13.8422003,0,44457.69922,41380.5,12083.5,"IT1935A",12.1289062497363,45.442077636553,"EEA AirBase v8 ArcGIS","station_european_code",1,1,FALSE,TRUE,"IT","ITALY"
1469,"IT1936A",8,2010,"day",31.392,"IT1936A","ITALY","Industrial","suburban",12.205555,45.438335,0,2300,0,100,400,1200,0,309.8989868,1.49086,3395320,69.8124008,96137.10156,5.77701,0,0,0,2.00384,4.1104202,0,14.0390997,0,81217.10156,266833,6277.149902,"IT1936A",12.205688476632,45.4384765627395,"EEA AirBase v8 ArcGIS","station_european_code",1,1,FALSE,TRUE,"IT","ITALY"
1470,"IT1940A",8,2010,"day",19.567,"IT1940A","ITALY","Background","suburban",16.258333,38.237221,0,2200,0,0,0,2600,0,201.397995,1.00423,0,0,158681,8.4256401,0,0,0,2.0035901,2.90646,19,0,0,35219.80078,0,13025.09961,"IT1940A",16.2584838863579,38.237304687842,"EEA AirBase v8 ArcGIS","station_european_code",1,1,FALSE,TRUE,"IT","ITALY"
1471,"IT1942A",8,2010,"day",4.71,"IT1942A","ITALY","Background","rural",11.094167,42.670555,0,7300,100,0,0,0,0,596.8980103,0.906559,0,0,0,0,0,0,0,1.8035001,3.6282401,32,15.4212999,0.945464,14819.2002,0,1046.189941,"IT1942A",11.0942993163119,42.6704711917343,"EEA AirBase v8 ArcGIS","station_european_code",1,1,FALSE,TRUE,"IT","ITALY"
1472,"IT1944A",8,2010,"day",15.888,"IT1944A","ITALY","Background","suburban",8.643055,44.391392,0,2200,400,0,100,1100,0,112.2750015,0.273601,3778690,66.6511993,104255,6.4218001,0,165,0,1.63017,2.5569699,22,0,1.49913,42533.10156,37099.69922,4812.479981,"IT1944A",8.64312744105849,44.3914794918851,"EEA AirBase v8 ArcGIS","station_european_code",1,1,FALSE,TRUE,"IT","ITALY"
1473,"IT1952A",8,2010,"day",16.236,"IT1952A","ITALY","Background","suburban",18,40.48,0,2700,0,0,0,1900,0,347.3619995,2.0156,0,0,92866.20313,5.5021901,0,0,0,2.0043199,3.92542,38,16.2395992,0.94866,22710,0,10305,"IT1952A",18.0001220704566,40.4801025389971,"EEA AirBase v8 ArcGIS","station_european_code",1,1,FALSE,TRUE,"IT","ITALY"
1474,"IT1953A",8,2010,"day",31.023,"IT1953A","ITALY","Industrial","suburban",18.304998,40.336109,0,8100,0,0,0,0,0,1487.430054,1.50363,0,0,0,0,0,0,0,2.0042601,3.5767601,27,16.5884991,1.00722,16743.80078,0,209.2380066,"IT1953A",18.3051147456662,40.3361206051689,"EEA AirBase v8 ArcGIS","station_european_code",1,1,FALSE,TRUE,"IT","ITALY"
1475,"IT1955A",8,2010,"day",14.542,"IT1955A","ITALY","Background","suburban",18.172777,40.358055,0,0,0,0,0,2900,0,0,0.224584,0,0,92184.10156,5.0654202,0,0,0,2.0041399,4.0180101,50,16.3638,2.0170801,59277,0,33582.69922,"IT1955A",18.1729125976404,40.3580932619324,"EEA AirBase v8 ArcGIS","station_european_code",1,1,FALSE,TRUE,"IT","ITALY"
1476,"IT1962A",8,2010,"day",30.284,"IT1962A","ITALY","Background","urban",14.033334,41.478889,0,4300,0,0,0,800,0,321.9140015,0.572504,272461,0,32601.69922,1.9272,0,0,0,1.67435,4.5598502,199,12.6182003,0.922375,32332.90039,22830.59961,7375.649902,"IT1962A",14.0333251955047,41.4788818361354,"EEA AirBase v8 ArcGIS","station_european_code",1,1,FALSE,TRUE,"IT","ITALY"
1477,"IT1966A",8,2010,"day",30.532,"IT1966A","ITALY","Traffic","urban",9.622222,45.25111,0,5600,0,0,0,1400,0,766.0880127,2.9410701,0,0,63789.30078,4.3578601,0,0,0,2.0040801,5.0198998,65,13.3480997,0.991277,21940.19922,14982.59961,2144.689941,"IT1966A",9.62231445335288,45.2510986327034,"EEA AirBase v8 ArcGIS","station_european_code",1,1,FALSE,TRUE,"IT","ITALY"
1478,"IT1967A",8,2010,"day",27.243,"IT1967A","ITALY","Background","urban",9.880278,46.168613,0,800,0,0,0,2900,0,0,0.237042,4259280,176.7149963,118027,8.1751003,0,0,0,1.21513,5.3185802,292,4.3477898,0.741933,60046.80078,27111.30078,14228.2002,"IT1967A",9.88031005857297,46.1687011716978,"EEA AirBase v8 ArcGIS","station_european_code",1,1,FALSE,TRUE,"IT","ITALY"
1479,"IT1975A",8,2010,"day",29.754,"IT1975A","ITALY","Background","urban",9.669167,45.038334,0,2200,0,1700,0,500,0,142.5950012,0.616239,1046530,17.5599995,0,0,0,22,0,2.00278,4.92378,63,13.3395996,0,57929.80078,33532.39844,17523.69922,"IT1975A",9.66931152334231,45.038330078167,"EEA AirBase v8 ArcGIS","station_european_code",1,1,FALSE,TRUE,"IT","ITALY"
1480,"IT1989A",8,2010,"day",27.146,"IT1989A","ITALY","Traffic","urban",15.645278,38.105831,0,0,0,0,300,2400,0,0,0.0413959,3327150,55.4034996,122063,6.4812598,0,0,0,1.8766299,2.6989701,38,16.3717995,0,75443.39844,83474.39844,18674.5,"IT1989A",15.6453247071917,38.1058959964247,"EEA AirBase v8 ArcGIS","station_european_code",1,1,FALSE,TRUE,"IT","ITALY"
1481,"IT1992A",8,2010,"day",9.668,"IT1992A","ITALY","Traffic","urban",8.541389,39.311111,0,200,0,0,0,2900,0,0,0.402313,0,0,93058.60156,4.7733002,0,0,0,1.81451,3.96504,180,16.382,0.989973,48499.30078,55649.60156,16111.2998,"IT1992A",8.54150390667663,39.3110961915196,"EEA AirBase v8 ArcGIS","station_european_code",1,1,FALSE,TRUE,"IT","ITALY"
1482,"IT1994A",8,2010,"day",14.37,"IT1994A","ITALY","Industrial","urban",8.794168,39.546665,0,800,0,0,0,2700,0,49.2542992,0.397676,364630,5.6529698,75139.79688,3.73085,0,0,0,2.0043199,4.4545898,57,16.0503006,1.63499,33487.60156,24971,12868.2002,"IT1994A",8.79431152373859,39.5466918948632,"EEA AirBase v8 ArcGIS","station_european_code",1,1,FALSE,TRUE,"IT","ITALY"
1483,"IT2003A",8,2010,"day",25.989,"IT2003A","ITALY","Traffic","urban",16.28611,41.316666,0,0,0,0,0,2800,0,0,0.110733,2529220,138.1710052,161242,9.1201096,0,35,0,2.0007,2.8266101,16,16.0541992,1.7020299,69092.29688,117720,17209.80078,"IT2003A",16.2860717775539,41.3167114260571,"EEA AirBase v8 ArcGIS","station_european_code",1,1,FALSE,TRUE,"IT","ITALY"
1484,"IT2018A",8,2010,"day",15.883,"IT2018A","ITALY","Traffic","suburban",17.587502,40.5275,0,100,0,0,0,2900,0,0,1.92695,1045360,30.2668991,120726,7.1528502,0,0,0,2.0043199,4.3529701,145,15.8780003,0,48691.80078,22117.09961,15169.7998,"IT2018A",17.587524414173,40.5275268557606,"EEA AirBase v8 ArcGIS","station_european_code",1,1,FALSE,TRUE,"IT","ITALY"
1485,"IT2026A",8,2010,"day",13.357,"IT2026A","ITALY","Industrial","suburban",16.070002,38.400833,0,2100,0,0,0,2600,0,201.397995,1.58991,558759,2.07763,158681,8.4256401,0,0,0,1.8709199,4.1814299,226,14.4490995,0,39838.69922,13555.7002,8840.320313,"IT2026A",16.0701293946998,38.4008789065287,"EEA AirBase v8 ArcGIS","station_european_code",1,1,FALSE,TRUE,"IT","ITALY"
1486,"IT2028A",8,2010,"day",26.385,"IT2028A","ITALY","Background","urban",15.638611,38.105,0,100,0,200,0,1400,0,0,0.0091991,2133440,29.0867996,73237.5,3.8887501,0,172,0,1.94005,2.1505201,11,0,0,56390.10156,57790,13862,"IT2028A",15.6386718749273,38.1051025389674,"EEA AirBase v8 ArcGIS","station_european_code",1,1,FALSE,TRUE,"IT","ITALY"
1487,"IT2038A",8,2010,"day",25.606,"IT2038A","ITALY","Traffic","urban",8.206944,44.051945,0,5100,0,0,0,1000,0,526.3270264,1.0756299,0,0,61154.89844,4.02671,0,0,13,1.9043601,3.1461301,7,14.9182997,2.34659,41570.89844,0,8160.290039,"IT2038A",8.20709228536289,44.0518798826954,"EEA AirBase v8 ArcGIS","station_european_code",1,1,FALSE,TRUE,"IT","ITALY"
1488,"IT2039A",8,2010,"day",43.067,"IT2039A","ITALY","Traffic","urban",9.2225,44.351665,0,0,0,0,0,2900,0,0,0.310007,0,0,338828,20.8708992,0,0,0,1.41801,2.858,7,13.9989004,1.40776,56582.5,0,14646.7002,"IT2039A",9.22247314449658,44.35168457022,"EEA AirBase v8 ArcGIS","station_european_code",1,1,FALSE,TRUE,"IT","ITALY"
1489,"LT00002",8,2010,"day",12.167,"LT00002","LITHUANIA","Background","urban",25.210835,54.686111,0,0,0,1900,0,300,0,0,0.0329094,1371110,25.8589001,0,0,0,46,0,1.96106,5.4326801,172,6.96732,1.8708301,37345.5,31079.30078,3194.909912,"LT00002",25.2108764646773,54.6860961915616,"EEA AirBase v8 ArcGIS","station_european_code",1,1,FALSE,TRUE,"LT","LITHUANIA"
1490,"LT00003",8,2010,"day",25.9,"LT00003","LITHUANIA","Traffic","urban",25.289444,54.715279,0,0,0,0,1200,100,0,0,0.0103292,3716430,85.5578003,0,0,0,21,18,1.9800299,5.4303098,120,6.92941,1.87708,40120.39844,87240.20313,3394.600098,"LT00003",25.2894897464812,54.7152709958638,"EEA AirBase v8 ArcGIS","station_european_code",1,1,FALSE,TRUE,"LT","LITHUANIA"
1491,"LT00004",8,2010,"day",16.443,"LT00004","LITHUANIA","Industrial","urban",25.248903,54.673333,0,0,0,0,100,2800,0,0,0.007807,3292470,75.0226974,110158,3.02038,0,0,0,1.98053,5.43612,123,6.9463701,1.8764,38733,82332.89844,3066.550049,"LT00004",25.2489013673231,54.6732788084148,"EEA AirBase v8 ArcGIS","station_european_code",1,1,FALSE,TRUE,"LT","LITHUANIA"
1492,"LT00012",8,2010,"day",14.472,"LT00012","LITHUANIA","Background","urban",24.36557,55.725,0,0,0,0,100,2400,0,0,0.011475,1461610,20.9470997,33030,0.59199,7,35,0,2.0041399,5.1587801,52,7.5907998,1.77563,45785.80078,62703.89844,6104.569824,"LT00012",24.3654785156805,55.7250976560887,"EEA AirBase v8 ArcGIS","station_european_code",1,1,FALSE,TRUE,"LT","LITHUANIA"
1493,"LT00033",8,2010,"day",21.385,"LT00033","LITHUANIA","Traffic","urban",21.17946,55.69,0,0,0,0,600,1200,0,0,0.0484731,6380750,69.4997025,26087,0.62749,0,0,28,2.0043199,3.6923599,12,8.3951302,3.5741999,40467.30078,100599,3095.070068,"LT00033",21.1795043949524,55.6901245118418,"EEA AirBase v8 ArcGIS","station_european_code",1,1,FALSE,TRUE,"LT","LITHUANIA"
1494,"LT00041",8,2010,"day",17.478,"LT00041","LITHUANIA","Traffic","urban",23.986222,54.895128,0,0,0,0,1000,400,0,0,0.0008738,1803040,58.8619003,18501.90039,0.362813,0,0,10,1.9900399,5.2912402,32,7.53087,0.901658,23471,100054,2496.030029,"LT00041",23.9863281252212,54.895080566564,"EEA AirBase v8 ArcGIS","station_european_code",1,1,FALSE,TRUE,"LT","LITHUANIA"
1495,"LT00042",8,2010,"day",10.197,"LT00042","LITHUANIA","Industrial","urban",24.283894,55.072222,0,500,0,0,0,2600,0,0,0.108129,516306,10.3267002,80174.79688,1.57219,0,0,0,1.98882,5.3186698,41,7.5407701,0.898716,30061.40039,60250.30078,4164.799805,"LT00042",24.2838745114287,55.0723266602216,"EEA AirBase v8 ArcGIS","station_european_code",1,1,FALSE,TRUE,"LT","LITHUANIA"
1496,"LT00043",8,2010,"day",8.916,"LT00043","LITHUANIA","Industrial","urban",23.95778,55.28,0,0,0,0,0,2600,0,0,0.144827,294456,12.3920002,80174.79688,1.57219,0,0,0,2.00352,5.2627301,45,7.6237302,1.79062,26014.69922,18265.90039,4307.430176,"LT00043",23.9578857421539,55.2800903319835,"EEA AirBase v8 ArcGIS","station_european_code",1,1,FALSE,TRUE,"LT","LITHUANIA"
1497,"LT00044",8,2010,"day",8.916,"LT00044","LITHUANIA","Background","urban",23.835835,54.883614,0,6800,0,0,100,100,0,456.7219849,0.178686,375129,13.2180996,0,0,0,0,0,2.0042801,5.2714801,74,7.5476999,0.902497,22430.40039,26444.69922,841.5170288,"LT00044",23.8358764650434,54.8837280271509,"EEA AirBase v8 ArcGIS","station_european_code",1,1,FALSE,TRUE,"LT","LITHUANIA"
1498,"LT00054",8,2010,"day",3.359,"LT00054","LITHUANIA","Background","rural",21.030848,55.376389,0,0,1900,0,0,0,0,454.4790039,0.117206,0,0,0,0,0,0,0,1.99261,2,0,0,2.6147399,7862.209961,0,0,"LT00054",21.0308837887845,55.3765258787985,"EEA AirBase v8 ArcGIS","station_european_code",1,1,FALSE,TRUE,"LT","LITHUANIA"
1499,"LU0100A",8,2010,"day",59.526,"LU0100A","LUXEMBOURG","Traffic","urban",6.126953,49.611389,0,0,0,500,0,1800,0,0,0.033895,5530590,88.5413971,188353,23.8990002,0,87,11,1.91188,5.30721,308,10.3458996,2.0490999,515250,82794.89844,38037.39844,"LU0100A",6.12707519536383,49.6115112307008,"EEA AirBase v8 ArcGIS","station_european_code",1,1,FALSE,TRUE,"LU","LUXEMBOURG"
1500,"LU0103A",8,2010,"day",11.819,"LU0103A","LUXEMBOURG","Background","rural",6.176397,49.94389,0,100,1500,0,0,0,100,309.6900024,0.869111,65065.69922,2.37164,0,0,0,85,0,1.70375,5.2473898,500,9.7253704,4.3329401,162777,935.5360107,85.4773026,"LU0103A",6.17651367159817,49.9439086914763,"EEA AirBase v8 ArcGIS","station_european_code",1,1,FALSE,TRUE,"LU","LUXEMBOURG"
1501,"LU0105A",8,2010,"day",14.55,"LU0105A","LUXEMBOURG","Background","rural",6.305281,49.7225,0,6300,300,0,0,0,0,561.3129883,0.912083,21688.59961,0,0,0,0,73,0,1.95924,5.3036399,317,10.3032999,4.0629601,169108,467.7680054,1538.589966,"LU0105A",6.30529785124039,49.7224731447229,"EEA AirBase v8 ArcGIS","station_european_code",1,1,FALSE,TRUE,"LU","LUXEMBOURG"
1502,"LV00RP5",8,2010,"day",34.232,"LV00RP5","LATVIA","Background","urban",24.115872,56.950606,0,0,0,1200,500,600,0,0,0.584788,1391930,54.6557999,27528.80078,0.912961,0,0,15,1.99933,4.0734701,13,7.50104,1.00755,32336.30078,53705.89844,11419.40039,"LV00RP5",24.115905761601,56.9506835936556,"EEA AirBase v8 ArcGIS","station_european_code",1,1,FALSE,TRUE,"LV","LATVIA"
1503,"LV00VN1",8,2010,"day",29.312,"LV00VN1","LATVIA","Background","urban",21.591989,57.404633,0,0,200,0,0,2700,0,22.1476002,0.0445235,2093480,10.8846998,89650.5,1.5124201,0,0,0,2.0042801,3.22124,9,7.8460302,0,25252.59961,133431,9389.290039,"LV00VN1",21.5921020503378,57.4047241211396,"EEA AirBase v8 ArcGIS","station_european_code",1,1,FALSE,TRUE,"LV","LATVIA"
1504,"LV0RKE2",8,2010,"day",22.362,"LV0RKE2","LATVIA","Background","urban",24.156508,56.935928,0,0,0,400,100,2400,0,0,0.892572,1992170,96.6100006,302817,10.0425997,0,0,0,2.00089,4.1697602,12,7.4728098,1.0047801,20818.5,104076,9280.530273,"LV0RKE2",24.1564941407591,56.9359130858755,"EEA AirBase v8 ArcGIS","station_european_code",1,1,FALSE,TRUE,"LV","LATVIA"
1515,"MT00005",8,2010,"day",34.798,"MT00005","MALTA","Traffic","urban",14.489986,35.895836,0,0,0,0,100,1700,0,0,0.203235,2575750,70.8592987,137433,4.69697,0,93,12,1.96446,0,0,19.1986008,2.34357,227611,351953,5204.330078,"MT00005",14.490112304731,35.895874023103,"EEA AirBase v8 ArcGIS","station_european_code",1,1,FALSE,TRUE,"MT","MALTA"
1516,"NL00002",8,2010,"day",58.713,"NL00002","NETHERLANDS","Traffic","urban",4.87612,52.385002,0,0,0,800,100,1700,0,0,0,1151130,106.2009964,385394,35.6516991,0,95,0,1.99893,4.34585,4,11.0460997,3.7277,130235,176549,28120.09961,"NL00002",4.87609863314968,52.3850708007672,"EEA AirBase v8 ArcGIS","station_european_code",1,1,FALSE,TRUE,"NL","NETHERLANDS"
1517,"NL00003",8,2010,"day",26.552,"NL00003","NETHERLANDS","Background","urban",4.943897,52.388889,0,0,800,200,200,1300,100,975.65802,0.42812,580748,86.5341034,214108,19.8064995,0,0,0,2.0029199,4.4243302,2,11.0349998,3.7204001,102556,83119.70313,27253.40039,"NL00003",4.94390869180345,52.3889160155547,"EEA AirBase v8 ArcGIS","station_european_code",1,1,FALSE,TRUE,"NL","NETHERLANDS"
1518,"NL00007",8,2010,"day",58.079,"NL00007","NETHERLANDS","Traffic","urban",4.845011,52.381111,0,0,0,0,500,1800,0,0,0,1996320,245.8350067,342572,31.6903992,10,0,0,2.0040901,4.30686,5,11.0538998,3.8550701,152086,206833,28890.59961,"NL00007",4.84509277357017,52.3811035153589,"EEA AirBase v8 ArcGIS","station_european_code",1,1,FALSE,TRUE,"NL","NETHERLANDS"
1519,"NL00012",8,2010,"day",44.833,"NL00012","NETHERLANDS","Traffic","urban",4.888058,52.390003,0,0,0,0,0,900,100,0,0,1166680,105.2180023,171286,15.8451996,0,0,8,1.9972,4.3598399,4,11.0434999,3.7265201,133440,195879,16949.09961,"NL00012",4.8881225589731,52.3900756833727,"EEA AirBase v8 ArcGIS","station_european_code",1,1,FALSE,TRUE,"NL","NETHERLANDS"
1520,"NL00014",8,2010,"day",31.266,"NL00014","NETHERLANDS","Background","urban",4.808897,52.359997,0,0,0,500,300,400,100,0,0.378172,487413,28.5168991,42821.5,3.9612999,0,165,0,2.0036099,4.2688498,5,11.0693998,3.8099,119746,54124.39844,32357.40039,"NL00014",4.80889892583254,52.3601074217877,"EEA AirBase v8 ArcGIS","station_european_code",1,1,FALSE,TRUE,"NL","NETHERLANDS"
1521,"NL00017",8,2010,"day",44.774,"NL00017","NETHERLANDS","Traffic","urban",4.9,52.358055,0,0,0,200,400,2200,0,0,0,653341,60.9672012,342572,31.6903992,0,0,0,2.00422,4.38972,8,11.0523996,3.6617,162575,57346.10156,48632.39844,"NL00017",4.90008544966286,52.3580932614604,"EEA AirBase v8 ArcGIS","station_european_code",1,1,FALSE,TRUE,"NL","NETHERLANDS"
1522,"NL00019",8,2010,"day",34.294,"NL00019","NETHERLANDS","Background","urban",4.905003,52.373055,0,0,0,0,0,1700,0,0,0,954086,96.3675003,299751,27.7290993,0,122,0,2.0019701,4.3881798,8,11.0466003,3.7198901,141015,103094,32742.59961,"NL00019",4.90509033241998,52.3731079101001,"EEA AirBase v8 ArcGIS","station_european_code",1,1,FALSE,TRUE,"NL","NETHERLANDS"
1523,"NL00020",8,2010,"day",49.572,"NL00020","NETHERLANDS","Traffic","urban",4.860842,52.375832,0,0,0,200,0,2400,0,0,0,1213350,118.0009995,513859,47.5355988,0,86,0,2.0043099,4.3313198,3,11.0522003,3.85412,138101,129512,43817.30078,"NL00020",4.86090087857909,52.3759155272801,"EEA AirBase v8 ArcGIS","station_european_code",1,1,FALSE,TRUE,"NL","NETHERLANDS"
1524,"NL00021",8,2010,"day",25.291,"NL00021","NETHERLANDS","Background","urban",4.988894,52.321388,0,500,0,1600,0,700,100,0,2.6628699,772602,71.7839966,171286,15.8451996,0,61,0,2.0040801,4.4997902,0,11.0481005,0,107801,91496.10156,15697.2002,"NL00021",4.98889160148364,52.3214721680698,"EEA AirBase v8 ArcGIS","station_european_code",1,1,FALSE,TRUE,"NL","NETHERLANDS"
1525,"NL00022",8,2010,"day",24.237,"NL00022","NETHERLANDS","Background","urban",4.79362,52.378887,0,100,0,400,0,2400,0,0,1.34858,720750,57.0337982,513859,47.5355988,0,0,0,2.0039799,4.2302499,0,11.0672998,3.8584599,104013,99872.5,27253.40039,"NL00022",4.79370117216028,52.3789062501338,"EEA AirBase v8 ArcGIS","station_european_code",1,1,FALSE,TRUE,"NL","NETHERLANDS"
1526,"NL00107",8,2010,"day",21.55,"NL00107","NETHERLANDS","Background","rural",6.043064,51.120277,0,3300,0,0,0,1400,0,773.0189819,1.82341,58073.30078,10.2026997,55835.5,3.9103601,0,0,0,2.0041499,5.05545,33,11.5388002,1.05471,52081.30078,3866.030029,10533.2998,"NL00107",6.04309082000084,51.1203002930581,"EEA AirBase v8 ArcGIS","station_european_code",1,1,FALSE,TRUE,"NL","NETHERLANDS"
1527,"NL00131",8,2010,"day",17.9,"NL00131","NETHERLANDS","Background","rural",5.853614,51.541111,0,6300,0,0,0,200,0,3204.570068,5.3344002,3620.969971,0.650274,16417.59961,1.1547199,0,0,0,2.0043199,5.0268602,29,11.4041996,3.1636,46616.5,43815,1444.530029,"NL00131",5.85369873017219,51.5410766599517,"EEA AirBase v8 ArcGIS","station_european_code",1,1,FALSE,TRUE,"NL","NETHERLANDS"
1528,"NL00133",8,2010,"day",17.251,"NL00133","NETHERLANDS","Background","suburban",5.882236,50.903057,0,3700,0,0,100,1700,0,442.901001,2.0638101,53619.89844,14.7721996,128006,9.3191996,0,0,0,2.0026901,5.0178399,88,11.2441998,2.15083,50695.39844,5799.049805,12422.90039,"NL00133",5.88232421864049,50.903076171627,"EEA AirBase v8 ArcGIS","station_european_code",1,1,FALSE,TRUE,"NL","NETHERLANDS"
1529,"NL00137",8,2010,"day",28.194,"NL00137","NETHERLANDS","Background","urban",5.976953,50.885002,0,0,0,0,200,2200,0,0,0.336823,646418,139.7669983,140807,10.2510996,0,0,0,1.9955699,5.04566,117,11.1643,2.17979,121203,95362.10156,37654,"NL00137",5.97692871085431,50.8850708009707,"EEA AirBase v8 ArcGIS","station_european_code",1,1,FALSE,TRUE,"NL","NETHERLANDS"
1530,"NL00227",8,2010,"day",22.114,"NL00227","NETHERLANDS","Background","rural",5.561678,51.267498,0,6100,0,0,0,400,0,1790.060059,1.24986,130778,15.4719,12522.90039,0.942292,0,0,0,2.0043199,4.9081602,30,11.4706001,2.11163,51579.19922,9665.080078,22254.90039,"NL00227",5.56170654292475,51.2675170896867,"EEA AirBase v8 ArcGIS","station_european_code",1,1,FALSE,TRUE,"NL","NETHERLANDS"
1531,"NL00230",8,2010,"day",20.848,"NL00230","NETHERLANDS","Background","rural",5.148902,51.519444,0,6000,100,0,0,700,0,1095.839966,2.1893301,99600.79688,9.6709299,72764.29688,5.1111498,0,0,0,2.0043199,4.7814898,14,11.3638,0,31174.80078,21263.19922,3466.870117,"NL00230",5.14892578124006,51.5194702151099,"EEA AirBase v8 ArcGIS","station_european_code",1,1,FALSE,TRUE,"NL","NETHERLANDS"
1532,"NL00235",8,2010,"day",21.089,"NL00235","NETHERLANDS","Background","rural",4.360286,51.435001,0,3100,2000,0,0,0,0,2497.419922,4.1547098,145769,31.3687,0,0,0,0,0,2.0036099,3.9760799,22,11.4153004,2.3089001,60661.60156,68944.20313,14541.59961,"NL00235",4.36029052721222,51.4351196289315,"EEA AirBase v8 ArcGIS","station_european_code",1,1,FALSE,TRUE,"NL","NETHERLANDS"
1533,"NL00236",8,2010,"day",33.396,"NL00236","NETHERLANDS","Traffic","urban",5.472784,51.469723,0,0,0,0,800,1500,0,0,0.0271936,1777050,147.5780029,62614.39844,4.7114601,0,59,0,2.00386,4.8961701,19,11.4180002,1.06714,119163,104383,47187.89844,"NL00236",5.47290039020564,51.4697265622483,"EEA AirBase v8 ArcGIS","station_european_code",1,1,FALSE,TRUE,"NL","NETHERLANDS"
1534,"NL00301",8,2010,"day",21.071,"NL00301","NETHERLANDS","Background","rural",3.916947,51.635559,0,7400,0,0,0,100,0,1471.719971,1.1681,807535,97.6436996,8048.700195,0.557913,0,0,0,2.0043199,2.70749,0,11.4167995,2.6806901,27969.90039,56057.5,3274.26001,"NL00301",3.91687011675002,51.6356811522979,"EEA AirBase v8 ArcGIS","station_european_code",1,1,FALSE,TRUE,"NL","NETHERLANDS"
1535,"NL00318",8,2010,"day",19.215,"NL00318","NETHERLANDS","Background","rural",3.749458,51.295277,0,4600,0,0,0,200,0,328.0390015,1.87119,0,0,13165.2002,0.938974,0,0,0,2.0039599,3.7564099,0,11.46,1.22079,26804.5,0,3466.870117,"NL00318",3.74951171915728,51.2952880857204,"EEA AirBase v8 ArcGIS","station_european_code",1,1,FALSE,TRUE,"NL","NETHERLANDS"
1536,"NL00411",8,2010,"day",37.283,"NL00411","NETHERLANDS","Background","suburban",4.28057,51.994724,0,6400,0,0,400,100,0,34009.5,98.9784012,1329050,44.8811989,0,0,0,0,0,2.0043199,3.9394,0,11.3140001,1.3082401,44285.69922,317015,3466.870117,"NL00411",4.28070068326968,51.9948730468812,"EEA AirBase v8 ArcGIS","station_european_code",1,1,FALSE,TRUE,"NL","NETHERLANDS"
1537,"NL00418",8,2010,"day",36.594,"NL00418","NETHERLANDS","Background","urban",4.480289,51.915001,0,0,0,0,0,2100,0,0,0,1695460,143.4669952,277217,21.6282997,0,231,0,1.99912,4.3958902,7,11.2454996,3.7691,160244,85697,30912.90039,"NL00418",4.48028564491184,51.9151000975923,"EEA AirBase v8 ArcGIS","station_european_code",1,1,FALSE,TRUE,"NL","NETHERLANDS"
1538,"NL00437",8,2010,"day",22.561,"NL00437","NETHERLANDS","Background","rural",4.450841,51.787498,0,8000,0,0,0,100,0,2977.350098,7.8838,0,0,23101.40039,1.8023601,0,19,0,2.0043199,4.3796802,0,11.2706003,3.58132,42537.60156,0,2600.149902,"NL00437",4.45092773394127,51.787475586114,"EEA AirBase v8 ArcGIS","station_european_code",1,1,FALSE,TRUE,"NL","NETHERLANDS"
1539,"NL00444",8,2010,"day",18.16,"NL00444","NETHERLANDS","Background","rural",4.510286,52.298054,0,900,600,0,0,0,0,1522.25,12.3365002,63806.10156,1.5164,0,0,0,0,0,2.0042701,3.3832099,3,11.1772003,1.29103,43994.30078,30283.90039,1059.319946,"NL00444",4.51031494145443,52.2980957032167,"EEA AirBase v8 ArcGIS","station_european_code",1,1,FALSE,TRUE,"NL","NETHERLANDS"
1540,"NL00445",8,2010,"day",43.701,"NL00445","NETHERLANDS","Traffic","urban",4.316125,52.075,0,0,0,100,300,2000,0,0,0,2015720,142.9340057,377946,30.4561996,0,0,0,2.0036299,3.68134,4,11.2972002,1.28257,166945,125646,35824.30078,"NL00445",4.31610107426966,52.0750732419489,"EEA AirBase v8 ArcGIS","station_european_code",1,1,FALSE,TRUE,"NL","NETHERLANDS"
1541,"NL00485",8,2010,"day",35.636,"NL00485","NETHERLANDS","Industrial","urban",4.355278,51.866108,0,0,0,400,900,800,0,0,0.535365,2518970,143.4669952,69304.29688,5.4070802,0,220,0,2.00032,4.2988701,1,11.2854004,2.5764501,141306,231318,31394.40039,"NL00485",4.35528564445513,51.8660888673124,"EEA AirBase v8 ArcGIS","station_european_code",1,1,FALSE,TRUE,"NL","NETHERLANDS"
1542,"NL00494",8,2010,"day",39.142,"NL00494","NETHERLANDS","Background","urban",4.401389,51.921111,0,0,0,100,0,2400,0,0,0.198012,5570810,315.2940063,277217,21.6282997,0,226,0,2.0043199,4.3073702,3,11.2687998,2.5351,141015,190724,30720.30078,"NL00494",4.40148925770694,51.9210815429503,"EEA AirBase v8 ArcGIS","station_european_code",1,1,FALSE,TRUE,"NL","NETHERLANDS"
1543,"NL00520",8,2010,"day",31.306,"NL00520","NETHERLANDS","Background","urban",4.917295,52.39093,0,0,0,500,100,1200,0,0,0.0784886,1337790,148.4850006,256929,23.7677994,19,23,0,2.0011899,4.39362,5,11.0403004,3.7235501,124990,163662,21956.80078,"NL00520",4.9172973636444,52.3909301757759,"EEA AirBase v8 ArcGIS","station_european_code",1,1,FALSE,TRUE,"NL","NETHERLANDS"
1544,"NL00544",8,2010,"day",46.371,"NL00544","NETHERLANDS","Traffic","urban",4.919536,52.348572,0,0,0,0,600,800,0,0,0.0071353,1363720,152.4179993,85643.10156,7.9225998,23,114,23,2.0042601,4.4180398,6,11.0537004,3.6182401,163158,131445,35535.39844,"NL00544",4.91967773475562,52.3486938477633,"EEA AirBase v8 ArcGIS","station_european_code",1,1,FALSE,TRUE,"NL","NETHERLANDS"
1545,"NL00620",8,2010,"day",23.73,"NL00620","NETHERLANDS","Background","rural",4.926397,51.971389,0,7200,0,0,0,0,0,1890.349976,2.7950301,0,0,0,0,0,0,0,2.0043199,4.6508899,0,11.1709003,3.4047899,32922.89844,0,9437.580078,"NL00620",4.92651367152262,51.9714965821781,"EEA AirBase v8 ArcGIS","station_european_code",1,1,FALSE,TRUE,"NL","NETHERLANDS"
1546,"NL00631",8,2010,"day",14.217,"NL00631","NETHERLANDS","Background","rural",5.61915,52.448502,0,7900,0,0,0,200,0,1221.23999,4.2852602,0,0,21463.19922,1.60148,0,0,0,2.0043199,4.8238201,0,10.9280996,4.8120699,12528.2002,0,385.2070007,"NL00631",5.61907959012866,52.4484863279051,"EEA AirBase v8 ArcGIS","station_european_code",1,1,FALSE,TRUE,"NL","NETHERLANDS"
1547,"NL00633",8,2010,"day",19.108,"NL00633","NETHERLANDS","Background","rural",4.838336,52.138889,0,7500,300,0,0,100,0,2069.780029,4.7109199,0,0,22072.30078,1.85079,0,0,0,2.0043199,4.4819999,0,11.1275997,3.6872101,13693.59961,0,288.9060059,"NL00633",4.8383178710385,52.1389160158069,"EEA AirBase v8 ArcGIS","station_european_code",1,1,FALSE,TRUE,"NL","NETHERLANDS"
1548,"NL00636",8,2010,"day",34.371,"NL00636","NETHERLANDS","Traffic","urban",5.125286,52.106111,0,0,0,300,0,2000,0,0,0.160607,1656630,93.0131989,176578,14.8063002,0,0,0,2.0043199,4.6946301,4,11.1096001,1.14124,122368,89563.10156,46032.30078,"NL00636",5.12530517552885,52.1060791015895,"EEA AirBase v8 ArcGIS","station_european_code",1,1,FALSE,TRUE,"NL","NETHERLANDS"
1549,"NL00704",8,2010,"day",27.558,"NL00704","NETHERLANDS","Industrial","urban",4.77,52.43,0,1700,0,0,400,0,0,274.7250061,1.81328,789760,91.6999969,0,0,0,0,0,1.9993,4.1544399,0,11.0497999,4.0026102,115959,234539,3563.169922,"NL00704",4.77008056644907,52.4301147459847,"EEA AirBase v8 ArcGIS","station_european_code",1,1,FALSE,TRUE,"NL","NETHERLANDS"
1550,"NL00742",8,2010,"day",27.517,"NL00742","NETHERLANDS","Background","urban",5.858061,51.838889,0,0,0,0,0,2800,0,0,0.125098,571116,42.1839981,189588,13.3400002,0,8,0,1.99775,5.0327802,32,11.2063999,0,115667,115337,50462.19922,"NL00742",5.85809326159265,51.8389282225181,"EEA AirBase v8 ArcGIS","station_european_code",1,1,FALSE,TRUE,"NL","NETHERLANDS"
1551,"NL00937",8,2010,"day",36.162,"NL00937","NETHERLANDS","Traffic","urban",6.5789,53.218056,0,0,0,0,100,2000,0,0,0.0040524,1103350,840.9530029,119771,8.7464304,0,264,0,2.00333,4.3764501,1,10.5220003,2.49933,144511,193946,31298.09961,"NL00937",6.57891845696669,53.2180786132308,"EEA AirBase v8 ArcGIS","station_european_code",1,1,FALSE,TRUE,"NL","NETHERLANDS"
1552,"NL00938",8,2010,"day",13.668,"NL00938","NETHERLANDS","Background","suburban",6.608897,53.246944,0,4800,100,0,0,1100,0,565.2210083,1.20155,141936,84.4793015,66539.5,4.8591299,0,0,0,2.00402,4.3214202,0,10.5186005,2.49335,73129.60156,25773.5,22919.80078,"NL00938",6.60888671837558,53.2468872068138,"EEA AirBase v8 ArcGIS","station_european_code",1,1,FALSE,TRUE,"NL","NETHERLANDS"
1573,"PL0002R",8,2010,"day",9.922,"PL0002R","POLAND","Background","rural",21.97139,51.814445,0,7300,0,0,0,0,0,4539.339844,0.513958,0,0,0,0,0,0,0,2.00371,5.5216999,177,8.7116804,0,9394.129883,0,1551.26001,"PL0002R",21.9714965822301,51.814514160349,"EEA AirBase v8 ArcGIS","station_european_code",1,1,FALSE,TRUE,"PL","POLAND"
1574,"PL0003R",8,2010,"day",3.297,"PL0003R","POLAND","Background","rural",15.739722,50.736389,0,0,2800,0,0,100,0,679.3430176,0.610261,0,0,5775.459961,0.124904,0,0,0,1.54065,5.5630002,1593,6.8173399,2.5854599,0,0,45.4706993,"PL0003R",15.7396850588709,50.7365112303051,"EEA AirBase v8 ArcGIS","station_european_code",1,1,FALSE,TRUE,"PL","POLAND"
1575,"PL0004R",8,2010,"day",5.45,"PL0004R","POLAND","Background","rural",17.534445,54.754166,0,3300,800,0,0,0,0,528.0670166,0.159327,703530,3.75418,0,0,0,0,0,2.00419,3.11394,0,9.1539898,3.7388501,10472.2002,17673.59961,4976.970215,"PL0004R",17.5344848632558,54.7540893556736,"EEA AirBase v8 ArcGIS","station_european_code",1,1,FALSE,TRUE,"PL","POLAND"
1576,"PL0008A",8,2010,"day",32.515,"PL0008A","POLAND","Background","urban",18.974445,50.264446,0,200,0,300,400,1000,0,0,0.070747,7567200,93.1399002,140190,3.5115099,0,0,0,2.00141,5.6575098,273,9.2394104,0,46970.69922,634642,11893,"PL0008A",18.9744873044966,50.2645263671259,"EEA AirBase v8 ArcGIS","station_european_code",1,1,FALSE,TRUE,"PL","POLAND"
1577,"PL0012A",8,2010,"day",70.5,"PL0012A","POLAND","Traffic","urban",19.922222,50.054722,0,0,0,0,0,2300,0,0,0.0533761,3217900,72.7575989,388529,9.2016497,0,80,0,1.99591,5.6824198,205,8.9705801,1.6835999,63756.89844,245824,21976.19922,"PL0012A",19.9223022464095,50.0546875001737,"EEA AirBase v8 ArcGIS","station_european_code",1,1,FALSE,TRUE,"PL","POLAND"
1578,"PL0020A",8,2010,"day",26.655,"PL0020A","POLAND","Background","urban",18.896111,50.333333,0,300,0,800,200,1400,0,26.7614002,0.102445,7408270,51.5637016,43036.10156,0.959285,0,82,0,1.99831,5.6502199,272,9.2858801,2.8195901,24486.40039,631429,14349.2002,"PL0020A",18.8961181641257,50.3333129883021,"EEA AirBase v8 ArcGIS","station_european_code",1,1,FALSE,TRUE,"PL","POLAND"
1579,"PL0028A",8,2010,"day",7.117,"PL0028A","POLAND","Background","rural",15.312167,50.912475,0,1900,1800,0,0,0,0,889.7479858,0.300739,0,0,0,0,0,0,0,1.66626,5.5314202,646,8.2372303,1.7844501,13398.2002,0,2262.26001,"PL0028A",15.3123168948505,50.9124755858519,"EEA AirBase v8 ArcGIS","station_european_code",1,1,FALSE,TRUE,"PL","POLAND"
1580,"PL0031A",8,2010,"day",18.442,"PL0031A","POLAND","Background","suburban",18.269035,52.225634,0,4100,0,400,500,300,0,1139.719971,0.449673,5342040,39.3737984,0,0,0,55,0,2.0009201,5.3800001,97,9.5980196,2.94066,26950.40039,208870,14478.5,"PL0031A",18.2691040042279,52.2257080077152,"EEA AirBase v8 ArcGIS","station_european_code",1,1,FALSE,TRUE,"PL","POLAND"
1581,"PL0039A",8,2010,"day",30.4,"PL0039A","POLAND","Background","urban",20.05361,50.069164,0,100,0,0,300,2000,0,249.0140076,0.133893,3799290,57.7366982,259020,6.1344299,0,0,0,2.0023701,5.68189,202,9.0441504,0.836016,40348.60156,380785,21394.5,"PL0039A",20.0537109376976,50.0692749023011,"EEA AirBase v8 ArcGIS","station_european_code",1,1,FALSE,TRUE,"PL","POLAND"
1582,"PL0045A",8,2010,"day",30.624,"PL0045A","POLAND","Background","urban",18.635277,54.353054,0,0,0,1100,300,900,0,0,0.0104854,4616250,109.7300034,49248.80078,1.2542,0,74,0,1.98189,3.77965,24,8.7458401,2.2656801,62370.89844,472367,20748.19922,"PL0045A",18.6353149409604,54.3530883790757,"EEA AirBase v8 ArcGIS","station_european_code",1,1,FALSE,TRUE,"PL","POLAND"
1583,"PL0046A",8,2010,"day",16.847,"PL0046A","POLAND","Background","urban",18.701113,54.367775,0,0,1800,0,0,1100,0,1653.5,0.193324,2315740,37.6217003,123122,3.1355,0,0,0,2.0026,3.2304499,0,8.8569298,2.3331299,38038.5,313305,10600.2998,"PL0046A",18.7011108402033,54.3679199217088,"EEA AirBase v8 ArcGIS","station_european_code",1,1,FALSE,TRUE,"PL","POLAND"
1584,"PL0050A",8,2010,"day",14.569,"PL0050A","POLAND","Background","urban",18.579445,54.431667,0,0,1400,300,100,900,0,1286.060059,0.0475117,1416870,36.9947014,49248.80078,1.2542,0,0,0,2.00056,2.6989701,3,8.6765203,2.4304299,44352.60156,106042,18873.69922,"PL0050A",18.5795288090284,54.4317016601887,"EEA AirBase v8 ArcGIS","station_european_code",1,1,FALSE,TRUE,"PL","POLAND"
1585,"PL0051A",8,2010,"day",16.924,"PL0051A","POLAND","Background","urban",18.787777,54.085831,0,0,0,200,200,2200,0,0,0.1215,6973540,28.4067001,56520.39844,1.30479,0,0,0,1.99896,4.4749198,30,8.7760496,3.08479,36806.5,117288,34127.80078,"PL0051A",18.7879028317148,54.0858764646562,"EEA AirBase v8 ArcGIS","station_european_code",1,1,FALSE,TRUE,"PL","POLAND"
1586,"PL0058A",8,2010,"day",1.632,"PL0058A","POLAND","Background","rural",15.5575,50.778333,0,100,2900,0,0,0,0,795.1560059,0.544788,0,0,0,0,0,0,0,1.72035,5.5539198,1487,6.9909501,2.5792699,0,0,0,"PL0058A",15.5574951175095,50.7783203123669,"EEA AirBase v8 ArcGIS","station_european_code",1,1,FALSE,TRUE,"PL","POLAND"
1587,"PL0070A",8,2010,"day",8.962,"PL0070A","POLAND","Industrial","suburban",18.416389,53.398056,0,6300,0,0,0,0,0,1581.98999,0.433887,3926570,36.2542,0,0,0,0,0,1.99659,5.0411601,20,8.9512796,1.00129,23100.30078,192803,11052.7998,"PL0070A",18.4165039059259,53.3980712890531,"EEA AirBase v8 ArcGIS","station_european_code",1,1,FALSE,TRUE,"PL","POLAND"
1588,"PL0072A",8,2010,"day",34.045,"PL0072A","POLAND","Traffic","urban",18.612778,53.0175,0,0,0,700,200,1000,0,0,0.0555014,2980560,38.0778999,31063.69922,0.68981,0,0,11,1.99734,5.1740599,57,9.1729698,0.968782,61446.89844,335798,19326.19922,"PL0072A",18.6129150388209,53.0175170896779,"EEA AirBase v8 ArcGIS","station_european_code",1,1,FALSE,TRUE,"PL","POLAND"
1589,"PL0077A",8,2010,"day",5.553,"PL0077A","POLAND","Background","rural",17.933333,53.65,0,700,2900,0,0,0,0,1699.180054,0.651889,0,0,0,0,0,0,0,1.9919699,4.98277,115,8.6815596,2.0366199,0,0,0,"PL0077A",17.9332885739415,53.6500854490425,"EEA AirBase v8 ArcGIS","station_european_code",1,1,FALSE,TRUE,"PL","POLAND"
1590,"PL0081A",8,2010,"day",14.294,"PL0081A","POLAND","Background","urban",23.514723,51.130554,0,2100,0,0,900,200,0,1200.349976,0.207453,4035950,16.9398003,0,0,0,0,0,2.00208,5.6564102,194,8.4330597,0,51590.69922,541454,15771.2002,"PL0081A",23.5147094722263,51.1306762695944,"EEA AirBase v8 ArcGIS","station_european_code",1,1,FALSE,TRUE,"PL","POLAND"
1591,"PL0091A",8,2010,"day",12.349,"PL0091A","POLAND","Background","urban",23.290277,50.716667,0,3400,0,0,200,1000,0,982.1010132,0.296108,6303330,32.6091003,28309.19922,0.464848,0,0,0,2.0043199,5.6848998,232,8.3243504,0.915757,35266.5,173522,15318.7002,"PL0091A",23.290283203098,50.7166748047504,"EEA AirBase v8 ArcGIS","station_european_code",1,1,FALSE,TRUE,"PL","POLAND"
1592,"PL0104A",8,2010,"day",22.778,"PL0104A","POLAND","Industrial","urban",19.36861,51.668056,0,300,0,0,800,900,0,0,0.275664,8166090,45.9910011,29382.19922,0.552043,0,0,0,2.0043099,5.4755001,183,9.0749903,0.990743,37730.5,326158,17257.80078,"PL0104A",19.3687133792592,51.6680908200472,"EEA AirBase v8 ArcGIS","station_european_code",1,1,FALSE,TRUE,"PL","POLAND"
1593,"PL0105A",8,2010,"day",15.127,"PL0105A","POLAND","Background","rural",19.5175,51.291111,0,7700,200,0,0,0,0,2404.040039,0.711147,0,0,0,0,0,0,0,2.0021801,5.5334001,235,9.1230698,0.997599,16478.19922,0,323.1799927,"PL0105A",19.5175170899298,51.2910766603948,"EEA AirBase v8 ArcGIS","station_european_code",1,1,FALSE,TRUE,"PL","POLAND"
1594,"PL0115A",8,2010,"day",21.492,"PL0115A","POLAND","Background","urban",19.42111,51.856667,0,0,0,100,0,2800,0,0,0.205135,5444060,16.4099007,76393.79688,1.43531,0,0,0,2.0042701,5.4443402,197,9.1508198,2.9574201,38038.5,253857,28504.5,"PL0115A",19.4210815428077,51.8566894531492,"EEA AirBase v8 ArcGIS","station_european_code",1,1,FALSE,TRUE,"PL","POLAND"
1595,"PL0121A",8,2010,"day",9.645,"PL0121A","POLAND","Background","rural",21.117222,49.604444,0,100,2900,0,0,0,0,3673.870117,0.409697,0,0,0,0,0,0,0,1.71085,5.73596,426,8.2629805,1.69844,8316.120117,0,64.6360016,"PL0121A",21.1173095703924,49.6044921874317,"EEA AirBase v8 ArcGIS","station_european_code",1,1,FALSE,TRUE,"PL","POLAND"
1596,"PL0126A",8,2010,"day",21.052,"PL0126A","POLAND","Background","urban",19.956111,49.289444,0,0,0,0,0,2900,0,0,0.190625,0,0,83719.79688,1.70573,0,0,0,1.6894799,5.7530499,854,5.3318,1.41231,24178.30078,0,28439.80078,"PL0126A",19.9561157230359,49.2894897461938,"EEA AirBase v8 ArcGIS","station_european_code",1,1,FALSE,TRUE,"PL","POLAND"
1597,"PL0139A",8,2010,"day",10.321,"PL0139A","POLAND","Background","suburban",21.429167,52.425833,0,4200,0,0,0,900,0,1242.160034,0.673798,1707060,5.7223802,19948.30078,0.536806,0,87,0,2.0042801,5.4061999,97,8.8908596,2.66328,20020.30078,77121.10156,14607.7002,"PL0139A",21.4290771481336,52.4259033205727,"EEA AirBase v8 ArcGIS","station_european_code",1,1,FALSE,TRUE,"PL","POLAND"
1598,"PL0140A",8,2010,"day",60.273,"PL0140A","POLAND","Traffic","urban",21.004716,52.219293,0,0,0,100,500,1800,0,0,0,11571500,127.6999969,365516,14.9359999,0,218,0,2.00248,5.4201398,117,9.1766701,1.76157,93171.29688,266711,25014.09961,"PL0140A",21.0046997074594,52.2192993164774,"EEA AirBase v8 ArcGIS","station_european_code",1,1,FALSE,TRUE,"PL","POLAND"
1599,"PL0149A",8,2010,"day",8.478,"PL0149A","POLAND","Background","suburban",23.230001,53.141945,0,2100,700,0,400,300,0,806.8870239,0.329071,2667440,16.1068993,7969.740234,0.151862,0,0,0,2.0009501,5.4439702,146,7.75704,2.74543,27104.40039,142995,12216.2002,"PL0149A",23.2301025388472,53.1420898436063,"EEA AirBase v8 ArcGIS","station_european_code",1,1,FALSE,TRUE,"PL","POLAND"
1600,"PL0150A",8,2010,"day",2.016,"PL0150A","POLAND","Background","rural",23.641945,53.218891,0,300,2900,0,0,0,0,1559.979981,0.553738,0,0,0,0,0,0,0,2.0018899,5.4587002,157,7.5591102,1.88583,0,0,0,"PL0150A",23.6420898437942,53.2188720702593,"EEA AirBase v8 ArcGIS","station_european_code",1,1,FALSE,TRUE,"PL","POLAND"
1601,"PL0157A",8,2010,"day",17.005,"PL0157A","POLAND","Background","urban",21.482779,49.739166,0,2100,0,0,0,2800,0,82.7002029,0.0728593,9967180,17.6716995,83565.5,1.39493,0,0,0,2.00002,5.7292299,239,8.7764301,0,33726.5,176736,25401.90039,"PL0157A",21.4829101566866,49.7393188478702,"EEA AirBase v8 ArcGIS","station_european_code",1,1,FALSE,TRUE,"PL","POLAND"
1602,"PL0176A",8,2010,"day",13.047,"PL0176A","POLAND","Background","urban",19.96528,53.69167,0,0,0,0,0,2900,0,0,0.161642,8791750,22.2233009,83923.5,1.40522,0,0,0,1.9911,4.9282498,120,8.0985899,1.9878401,48972.69922,107648,28763,"PL0176A",19.9652709957805,53.6917114257307,"EEA AirBase v8 ArcGIS","station_european_code",1,1,FALSE,TRUE,"PL","POLAND"
1603,"PL0184A",8,2010,"day",22.836,"PL0184A","POLAND","Background","urban",19.130001,50.836388,0,300,0,300,100,2100,0,0,0.114119,4638540,28.7033997,56730.19922,1.16723,0,0,0,2.0039501,5.59197,269,9.1571798,3.00209,57904.80078,302058,20360.30078,"PL0184A",19.1301269528326,50.8364868162266,"EEA AirBase v8 ArcGIS","station_european_code",1,1,FALSE,TRUE,"PL","POLAND"
1604,"PL0187A",8,2010,"day",19.786,"PL0187A","POLAND","Background","urban",16.64805,50.732817,0,0,0,0,0,2900,0,0,0.139974,7176680,41.5836983,77960.79688,1.7376601,0,26,0,2.0039599,5.58674,265,9.0339899,1.79731,40810.60156,147815,33740,"PL0187A",16.6480712891653,50.7329101563311,"EEA AirBase v8 ArcGIS","station_european_code",1,1,FALSE,TRUE,"PL","POLAND"
1605,"PL0191A",8,2010,"day",15.796,"PL0191A","POLAND","Background","urban",16.514422,50.579936,0,2800,300,0,0,1600,0,542.8410034,0.316548,312030,1.80799,53972.89844,1.2029999,0,0,0,1.79272,5.6004601,397,8.4397898,1.77143,26334.40039,59447.5,11246.7002,"PL0191A",16.5145263673007,50.580078124975,"EEA AirBase v8 ArcGIS","station_european_code",1,1,FALSE,TRUE,"PL","POLAND"
1606,"PL0192A",8,2010,"day",15.734,"PL0192A","POLAND","Background","urban",16.269675,50.768758,0,0,0,900,200,1300,0,0,0.0860393,16912000,102.4530029,47975.89844,1.06933,0,0,0,1.91162,5.5715799,422,8.1985703,0,44814.60156,482007,18809.09961,"PL0192A",16.2697143554437,50.7686767578718,"EEA AirBase v8 ArcGIS","station_european_code",1,1,FALSE,TRUE,"PL","POLAND"
1607,"PL0193A",8,2010,"day",13.459,"PL0193A","POLAND","Background","suburban",17.141122,51.115938,0,6000,0,0,0,200,0,3451.389893,0.349759,4382790,21.4787998,32199.19922,0.761799,0,0,0,2.00389,5.5532298,118,10.0585003,1.80634,20944.30078,179949,8273.410156,"PL0193A",17.1411132812628,51.1160888674385,"EEA AirBase v8 ArcGIS","station_european_code",1,1,FALSE,TRUE,"PL","POLAND"
1608,"PL0194A",8,2010,"day",29.227,"PL0194A","POLAND","Background","urban",17.029267,51.129391,0,1100,0,200,300,600,0,511.3169861,0.0370136,13213500,102.8519974,64398.39844,1.5236,0,67,0,2.0041599,5.5487199,113,10.0925999,2.7192099,61292.89844,538241,18421.30078,"PL0194A",17.0292968750675,51.1295166014522,"EEA AirBase v8 ArcGIS","station_european_code",1,1,FALSE,TRUE,"PL","POLAND"
1609,"PL0198A",8,2010,"day",20.731,"PL0198A","POLAND","Background","urban",15.008222,51.150681,0,0,0,0,0,2900,0,0,0.0661189,2354860,8.4381599,75081,1.62375,0,0,0,1.99964,5.4917898,217,9.7490101,2.7830999,45679.69922,128217,29846.59961,"PL0198A",15.0083007808813,51.1506958009612,"EEA AirBase v8 ArcGIS","station_european_code",1,1,FALSE,TRUE,"PL","POLAND"
1610,"PL0211A",8,2010,"day",6.735,"PL0211A","POLAND","Background","rural",15.205833,52.172501,0,1400,1900,0,0,0,0,776.6170044,0.348956,0,0,0,0,0,0,0,2.00051,5.3043499,81,10.3519001,0.909289,7392.109863,0,0,"PL0211A",15.2058715822143,52.1724853516675,"EEA AirBase v8 ArcGIS","station_european_code",1,1,FALSE,TRUE,"PL","POLAND"
1611,"PL0215A",8,2010,"day",26.175,"PL0215A","POLAND","Industrial","urban",21.051088,52.191746,0,0,0,500,200,1600,0,0,0.184398,4805120,66.274498,274137,11.2019997,0,47,0,2.0041399,5.4268298,83,9.1444798,1.75568,51436.69922,125322,25208,"PL0215A",21.0510864261122,52.1918945312683,"EEA AirBase v8 ArcGIS","station_european_code",1,1,FALSE,TRUE,"PL","POLAND"
1612,"PL0221A",8,2010,"day",19.874,"PL0221A","POLAND","Background","urban",17.922797,50.666961,0,100,0,500,100,1700,0,0,0.0808161,7853100,56.9291,31969.5,0.695017,0,13,0,2.0020001,5.6181798,156,9.93435,2.73803,59906.89844,367932,18485.90039,"PL0221A",17.9229125976253,50.6668701174535,"EEA AirBase v8 ArcGIS","station_european_code",1,1,FALSE,TRUE,"PL","POLAND"
1613,"PL0222A",8,2010,"day",20.13,"PL0222A","POLAND","Background","urban",18.120739,50.423533,0,800,0,0,0,2900,0,0,0.286793,4457790,27.8248997,69267.29688,1.50587,0,0,0,2.0037601,5.6436501,186,9.7572298,3.6468401,25410.40039,281171,14219.90039,"PL0222A",18.1207275394929,50.4235229491774,"EEA AirBase v8 ArcGIS","station_european_code",1,1,FALSE,TRUE,"PL","POLAND"
1614,"PL0240A",8,2010,"day",27.888,"PL0240A","POLAND","Background","urban",18.990557,50.099998,0,300,0,500,0,2300,0,0,0.197453,7987020,58.7659988,75497.5,1.7682199,0,0,0,2.0034001,5.6746202,249,9.2790203,0.901797,50820.69922,186376,20360.30078,"PL0240A",18.9904785158049,50.1000976562844,"EEA AirBase v8 ArcGIS","station_european_code",1,1,FALSE,TRUE,"PL","POLAND"
1615,"PL0245A",8,2010,"day",26.77,"PL0245A","POLAND","Background","urban",16.877288,52.420319,0,100,0,900,300,1000,0,0,0.243175,1589200,76.4301987,117425,3.4662099,0,121,0,2.0040901,5.32693,84,10.0323,0.944242,35882.5,332585,17451.69922,"PL0245A",16.8773193356497,52.4202880860465,"EEA AirBase v8 ArcGIS","station_european_code",1,1,FALSE,TRUE,"PL","POLAND"
1616,"PL0246A",8,2010,"day",10.095,"PL0246A","POLAND","Background","rural",16.296944,51.894722,0,0,2900,0,0,0,0,1600.880005,0.619967,0,0,0,0,0,0,0,1.99805,5.4117799,111,10.4097996,3.72086,0,0,0,"PL0246A",16.2968749998057,51.8947143555025,"EEA AirBase v8 ArcGIS","station_european_code",1,1,FALSE,TRUE,"PL","POLAND"
1617,"PL0247A",8,2010,"day",12.309,"PL0247A","POLAND","Background","rural",17.773465,52.50139,0,2800,1100,0,0,0,0,2542.459961,0.982386,70755.5,0.468736,0,0,0,0,0,2.0011101,5.3386302,118,9.5069799,3.9732001,7392.109863,3213.379883,0,"PL0247A",17.7734985347198,52.5015258789101,"EEA AirBase v8 ArcGIS","station_european_code",1,1,FALSE,TRUE,"PL","POLAND"
1618,"PL0248A",8,2010,"day",15.926,"PL0248A","POLAND","Background","urban",14.663347,53.380975,0,0,0,0,100,1800,0,0,0.0356767,4770590,94.5716019,232926,5.96492,0,0,0,2.0013101,4.7935901,11,9.9058599,0,42504.60156,514141,18938.30078,"PL0248A",14.6633300778504,53.3811035157763,"EEA AirBase v8 ArcGIS","station_european_code",1,1,FALSE,TRUE,"PL","POLAND"
1619,"PL0249A",8,2010,"day",31.192,"PL0249A","POLAND","Traffic","urban",14.5539,53.432169,0,0,0,100,200,1600,0,0,0,4471530,63.047699,211751,5.4226599,0,228,0,2.00088,4.7384,25,9.9059496,0,96713.39844,530208,22299.40039,"PL0249A",14.5538940427663,53.4323120115256,"EEA AirBase v8 ArcGIS","station_european_code",1,1,FALSE,TRUE,"PL","POLAND"
1620,"PL0252A",8,2010,"day",27.41,"PL0252A","POLAND","Traffic","urban",17.988056,53.120556,0,0,0,900,0,1300,0,0,0.0114527,2675730,24.7506008,93191,2.0694301,0,96,0,1.9973,5.1703601,65,9.2188997,0.97335,61446.89844,322945,31219.19922,"PL0252A",17.9880981446332,53.1204833986807,"EEA AirBase v8 ArcGIS","station_european_code",1,1,FALSE,TRUE,"PL","POLAND"
1621,"PL0253A",8,2010,"day",19.891,"PL0253A","POLAND","Background","urban",22.523889,51.247222,0,0,0,1500,200,700,0,0,0.0285766,7616620,45.585701,20557.90039,0.342442,0,0,0,1.99667,5.6087699,206,8.5448799,0,59906.89844,204050,26242.19922,"PL0253A",22.5239257809425,51.2473144531618,"EEA AirBase v8 ArcGIS","station_european_code",1,1,FALSE,TRUE,"PL","POLAND"
1622,"PL0260A",8,2010,"day",11.205,"PL0260A","POLAND","Industrial","urban",16.040817,51.664519,0,5700,0,0,0,700,0,761.0380249,0.282343,1355280,30.6588001,13968.90039,0.312227,0,62,0,2.00353,5.4379802,88,10.3221998,3.7025101,21098.30078,43380.60156,10018.59961,"PL0260A",16.0408935548949,51.6644897461258,"EEA AirBase v8 ArcGIS","station_european_code",1,1,FALSE,TRUE,"PL","POLAND"
1623,"PL0262A",8,2010,"day",8.292,"PL0262A","POLAND","Industrial","rural",15.89485,51.685,0,7600,0,0,0,100,0,1014.719971,0.399468,338819,3.2272501,0,0,0,0,0,2.0030401,5.42839,99,10.3413,0,22946.30078,6426.759766,1680.540039,"PL0262A",15.8948974612712,51.6851196286891,"EEA AirBase v8 ArcGIS","station_european_code",1,1,FALSE,TRUE,"PL","POLAND"
1624,"PL0266A",8,2010,"day",8.162,"PL0266A","POLAND","Industrial","rural",16.067228,51.70211,0,7400,0,0,0,300,0,942.2379761,0.404857,0,0,0,0,0,0,0,2.0043199,5.4329801,69,10.3570004,3.7005799,14168.2002,0,646.3599854,"PL0266A",16.0673217776529,51.7020874021159,"EEA AirBase v8 ArcGIS","station_european_code",1,1,FALSE,TRUE,"PL","POLAND"
1625,"PL0273A",8,2010,"day",25.418,"PL0273A","POLAND","Background","urban",19.825,49.969444,0,600,0,100,300,2000,0,0,0.291962,12310400,56.3316002,32618.5,0.719971,0,0,0,1.97902,5.6902499,226,8.8875303,1.67211,30338.40039,302058,15771.2002,"PL0273A",19.8250732425498,49.9694824217498,"EEA AirBase v8 ArcGIS","station_european_code",1,1,FALSE,TRUE,"PL","POLAND"
1626,"PL0276A",8,2010,"day",29.808,"PL0276A","POLAND","Background","urban",22.112638,50.529924,0,2500,0,0,500,1000,0,998.0339966,0.182694,2819230,22.1676006,18120.30078,0.348336,0,0,0,2.0033801,5.6688299,151,9.1014299,1.7620699,18634.30078,80334.5,10923.5,"PL0276A",22.1126708984977,50.529907226778,"EEA AirBase v8 ArcGIS","station_european_code",1,1,FALSE,TRUE,"PL","POLAND"
1627,"PL0281A",8,2010,"day",10.765,"PL0281A","POLAND","Background","rural",17.458055,54.69389,0,6200,200,0,0,100,0,672.085022,0.23914,0,0,0,0,0,0,0,2.0018101,3.8362801,0,9.0917997,3.7171299,154.0019989,0,64.6360016,"PL0281A",17.4581298831941,54.6939086914813,"EEA AirBase v8 ArcGIS","station_european_code",1,1,FALSE,TRUE,"PL","POLAND"
1628,"PL0282A",8,2010,"day",21.122,"PL0282A","POLAND","Background","urban",18.199444,54.334164,0,500,0,300,300,1700,0,97.7621994,0.338039,3465480,19.2504005,41306.19922,0.947714,0,106,0,1.99198,4.4342499,218,8.1393805,3.33149,26180.40039,96401.39844,11763.7998,"PL0282A",18.1995239257995,54.3342895509105,"EEA AirBase v8 ArcGIS","station_european_code",1,1,FALSE,TRUE,"PL","POLAND"
1629,"PL0298A",8,2010,"day",18.779,"PL0298A","POLAND","Traffic","urban",16.172544,54.193986,0,0,0,300,0,1400,0,0,0.0279076,10672100,78.0376968,45635.89844,1.0880899,0,0,0,2.00297,4.0007401,32,9.41821,2.4798,57442.80078,498074,19132.30078,"PL0298A",16.1724853515839,54.194091797103,"EEA AirBase v8 ArcGIS","station_european_code",1,1,FALSE,TRUE,"PL","POLAND"
1630,"PL0306A",8,2010,"day",24.233,"PL0306A","POLAND","Background","urban",19.568611,50.273056,0,900,0,0,100,2300,0,316.131012,0.17519,2699750,31.8029995,60559.30078,1.36675,0,0,0,1.99702,5.6578698,363,8.54704,3.7677801,35574.5,131749,31154.59961,"PL0306A",19.5687255859387,50.2730712891864,"EEA AirBase v8 ArcGIS","station_european_code",1,1,FALSE,TRUE,"PL","POLAND"
1631,"PL0310A",8,2010,"day",28.387,"PL0310A","POLAND","Background","urban",18.533333,54.533333,0,0,0,0,0,0,0,0,0.0081917,2681390,71.4812012,0,0,0,0,0,1.97996,2,0,0,4.8702898,91785.29688,684450,3813.52002,"PL0310A",18.5333251948783,54.5333251951743,"EEA AirBase v8 ArcGIS","station_european_code",1,1,FALSE,TRUE,"PL","POLAND"
1632,"PL0311A",8,2010,"day",21.004,"PL0311A","POLAND","Background","urban",18.536943,53.965836,0,0,0,0,0,2900,0,0,0.124828,6794730,45.6002007,73476.5,1.6962301,0,0,0,2.0025301,4.6745601,90,8.5382204,3.1011701,33726.5,106042,31154.59961,"PL0311A",18.5369262695611,53.9658813478749,"EEA AirBase v8 ArcGIS","station_european_code",1,1,FALSE,TRUE,"PL","POLAND"
1633,"PL0312A",8,2010,"day",6.981,"PL0312A","POLAND","Background","urban",22.307222,54.305832,0,500,0,0,0,2900,0,0,0.305202,4679260,18.2458992,73388.20313,1.26403,0,0,0,2.0017099,5.1392798,171,7.5014,0.926859,27566.40039,46594,16805.40039,"PL0312A",22.3073120116181,54.3059082032641,"EEA AirBase v8 ArcGIS","station_european_code",1,1,FALSE,TRUE,"PL","POLAND"
1634,"PL0313A",8,2010,"day",5.375,"PL0313A","POLAND","Background","rural",16.497499,53.779167,0,1300,1700,0,0,0,0,569.3359985,0.315532,0,0,0,0,0,0,0,1.99439,4.7848601,91,8.8592196,1.01754,16170.2002,0,0,"PL0313A",16.4974975587202,53.7792968748027,"EEA AirBase v8 ArcGIS","station_european_code",1,1,FALSE,TRUE,"PL","POLAND"
1635,"PL0314A",8,2010,"day",9.016,"PL0314A","POLAND","Background","rural",14.413889,53.165001,0,6900,0,0,0,0,0,461.0599976,0.305335,0,0,0,0,0,0,0,1.9904,4.9190798,12,9.9672203,0,1078.02002,0,840.2680054,"PL0314A",14.4138793949366,53.1651000976087,"EEA AirBase v8 ArcGIS","station_european_code",1,1,FALSE,TRUE,"PL","POLAND"
1636,"PL0315A",8,2010,"day",15.01,"PL0315A","POLAND","Industrial","urban",14.967194,50.905847,0,1500,0,0,0,2800,0,30.6809998,0.201626,1528850,11.2509003,75081,1.62375,0,18,0,1.97198,5.5275798,261,9.0887203,2.7070601,41426.60156,184769,19584.69922,"PL0315A",14.9672851566859,50.9058837892834,"EEA AirBase v8 ArcGIS","station_european_code",1,1,FALSE,TRUE,"PL","POLAND"
1637,"PL0319A",8,2010,"day",11.693,"PL0319A","POLAND","Industrial","rural",14.979752,51.041084,0,2400,800,0,100,0,0,490.894989,0.306978,497986,5.2236199,0,0,0,0,0,1.97419,5.5080199,210,9.4707699,2.7460999,14630.2002,21555.69922,1680.540039,"PL0319A",14.9796752933113,51.0410766599578,"EEA AirBase v8 ArcGIS","station_european_code",1,1,FALSE,TRUE,"PL","POLAND"
1638,"PL0320A",8,2010,"day",9.702,"PL0320A","POLAND","Industrial","rural",14.993653,50.963536,0,3200,500,0,0,1300,0,490.894989,0.258671,16311.40039,0,46203.69922,0.99923,0,0,0,1.91918,5.51965,327,9.2122297,2.72686,51403.19922,434631,2003.719971,"PL0320A",14.9937133785457,50.9636840819202,"EEA AirBase v8 ArcGIS","station_european_code",1,1,FALSE,TRUE,"PL","POLAND"
1639,"PL0322A",8,2010,"day",16.042,"PL0322A","POLAND","Industrial","urban",15.001903,51.130394,0,100,0,300,900,500,0,0,0.172612,1240450,13.6618004,5775.459961,0.124904,0,0,0,1.9901299,5.4948502,191,9.6993799,2.7711799,26966.30078,88319,14081.2002,"PL0322A",15.00189209005,51.130493164343,"EEA AirBase v8 ArcGIS","station_european_code",1,1,FALSE,TRUE,"PL","POLAND"
1640,"PL0360A",8,2010,"day",18.703,"PL0360A","POLAND","Background","urban",21.972778,51.4175,0,0,0,0,0,2900,0,0,0.233281,2603660,6.0569201,58242.10156,0.976778,0,0,0,2.0010099,5.5703902,137,8.8451595,0,39732.60156,57840.80078,28310.59961,"PL0360A",21.9729003903043,51.4174804689747,"EEA AirBase v8 ArcGIS","station_european_code",1,1,FALSE,TRUE,"PL","POLAND"
1641,"PL0398A",8,2010,"day",11.594,"PL0398A","POLAND","Industrial","urban",19.687705,52.556219,0,0,0,900,200,1400,0,0,0.209976,15590000,113.1480026,22696,0.606784,0,0,0,1.98379,5.3069501,97,9.1226501,2.8647499,45738.69922,393639,20231.09961,"PL0398A",19.6876831054677,52.5562744141484,"EEA AirBase v8 ArcGIS","station_european_code",1,1,FALSE,TRUE,"PL","POLAND"
1642,"PL0450A",8,2010,"day",28.701,"PL0450A","POLAND","Background","urban",19.205833,49.688057,0,400,0,0,100,2400,0,0,0.213207,17750800,87.2757034,100476,2.1891301,0,0,0,1.91688,5.7149501,352,7.5048099,0.813587,39578.60156,197623,16352.90039,"PL0450A",19.2058715824559,49.6881103516325,"EEA AirBase v8 ArcGIS","station_european_code",1,1,FALSE,TRUE,"PL","POLAND"
1643,"PL0465A",8,2010,"day",12.856,"PL0465A","POLAND","Background","urban",16.574722,51.847778,0,0,0,0,0,2900,0,0,0.124658,10503100,85.7916031,51932.89844,1.26029,0,0,0,2.0043199,5.4284801,95,10.2978001,3.7546599,56210.80078,258677,29861.80078,"PL0465A",16.5747070315515,51.8479003904458,"EEA AirBase v8 ArcGIS","station_european_code",1,1,FALSE,TRUE,"PL","POLAND"
1644,"PL0468A",8,2010,"day",18.563,"PL0468A","POLAND","Background","urban",16.759572,53.154409,0,0,0,900,0,2000,0,0,0.0831525,8177770,65.6516037,51731.39844,1.16641,0,0,0,2.00332,5.1204,61,9.5118303,0.955936,55286.80078,236183,34386.39844,"PL0468A",16.7597045899597,53.1544799804743,"EEA AirBase v8 ArcGIS","station_european_code",1,1,FALSE,TRUE,"PL","POLAND"
1645,"PL0486A",8,2010,"day",33.077,"PL0486A","POLAND","Industrial","urban",14.532222,53.428612,0,0,0,0,500,1700,0,0,0,5881350,86.975502,148226,3.7958601,0,0,0,1.99989,4.7392902,18,9.9062996,0,80389.20313,510927,23721.40039,"PL0486A",14.5322875973643,53.4287109373789,"EEA AirBase v8 ArcGIS","station_european_code",1,1,FALSE,TRUE,"PL","POLAND"
1646,"PL0487A",8,2010,"day",18.579,"PL0487A","POLAND","Background","urban",20.2575,50.007222,0,600,1000,100,0,1300,0,1602.979981,0.523959,209539,1.68154,32618.5,0.719971,0,0,0,2.0009601,5.6896701,219,9.2315998,0.826421,26950.40039,6426.759766,7368.5,"PL0487A",20.2575073244609,50.0073242186658,"EEA AirBase v8 ArcGIS","station_european_code",1,1,FALSE,TRUE,"PL","POLAND"
1647,"PL0502A",8,2010,"day",22.805,"PL0502A","POLAND","Background","urban",21.004722,50.020278,0,200,0,0,0,2900,0,0,0.124967,4262280,8.5494404,75162.89844,1.61866,0,0,0,1.99965,5.6968098,235,9.3294201,0,44352.60156,134962,34903.39844,"PL0502A",21.0046997074594,50.0203247067676,"EEA AirBase v8 ArcGIS","station_european_code",1,1,FALSE,TRUE,"PL","POLAND"
1648,"PL0506A",8,2010,"day",18.997,"PL0506A","POLAND","Background","urban",17.079182,50.784233,0,1900,0,100,0,2300,0,212.852005,0.266292,1838640,10.1526003,43009.89844,0.966954,0,46,0,1.99946,5.5929298,166,9.8376303,1.76191,32802.5,106042,21329.90039,"PL0506A",17.0792846684031,50.7843017579516,"EEA AirBase v8 ArcGIS","station_european_code",1,1,FALSE,TRUE,"PL","POLAND"
1649,"PL0507A",8,2010,"day",21.574,"PL0507A","POLAND","Background","urban",22.569134,51.25943,0,0,0,500,500,1600,0,0,0.0486303,9069270,53.4101982,82231.5,1.3697701,0,82,0,1.99993,5.6091199,192,8.5545301,0,68993,269924,23850.69922,"PL0507A",22.5692749023229,51.2595214842448,"EEA AirBase v8 ArcGIS","station_european_code",1,1,FALSE,TRUE,"PL","POLAND"
1650,"PL0511A",8,2010,"day",21.389,"PL0511A","POLAND","Background","urban",20.249978,51.763358,0,0,0,700,0,2200,0,0,0.506974,0,0,67850.10156,1.15723,0,0,0,2.00314,5.4720201,138,8.9108105,0.961618,38038.5,9640.139648,22881.09961,"PL0511A",20.2501220705926,51.7634887697495,"EEA AirBase v8 ArcGIS","station_european_code",1,1,FALSE,TRUE,"PL","POLAND"
1651,"PL0512A",8,2010,"day",17.341,"PL0512A","POLAND","Background","urban",20.147408,51.960719,0,0,0,100,0,2800,0,0,0.242596,2857300,5.6142802,80186.5,1.36764,0,0,0,2.0043199,5.4370098,125,9.1512604,1.89054,46046.69922,134962,32318,"PL0512A",20.1475219722755,51.9606933594513,"EEA AirBase v8 ArcGIS","station_european_code",1,1,FALSE,TRUE,"PL","POLAND"
1652,"PL0525A",8,2010,"day",13.775,"PL0525A","POLAND","Background","urban",20.270489,50.808208,0,4700,0,0,0,1700,0,1735.280029,0.527676,1006080,0,26415.59961,0.429774,0,0,0,1.97135,5.6035399,266,8.8888397,2.84045,32648.5,120502,6916.049805,"PL0525A",20.270507812423,50.8082885742504,"EEA AirBase v8 ArcGIS","station_european_code",1,1,FALSE,TRUE,"PL","POLAND"
1653,"PL0526A",8,2010,"day",32.385,"PL0526A","POLAND","Traffic","urban",19.117573,50.82198,0,0,0,0,900,1000,0,0,0.0687637,6523520,36.7179985,20629.19922,0.424449,0,74,0,2.00401,5.59373,255,9.1475801,3.0025301,70687,401672,25854.40039,"PL0526A",19.1176757810735,50.8220825196852,"EEA AirBase v8 ArcGIS","station_european_code",1,1,FALSE,TRUE,"PL","POLAND"
1654,"PL0529A",8,2010,"day",28.268,"PL0529A","POLAND","Background","urban",19.183685,50.286263,0,300,0,1000,0,1700,0,0,0.119015,3889080,30.7401009,84732.10156,2.04129,0,0,0,1.99954,5.6552501,305,9.0246,0,35266.5,334191,22170.09961,"PL0529A",19.1837158199527,50.2863159179041,"EEA AirBase v8 ArcGIS","station_european_code",1,1,FALSE,TRUE,"PL","POLAND"
1655,"PT01021",8,2010,"day",9.422,"PT01021","PORTUGAL","Background","suburban",-8.645011,41.200832,0,800,0,0,1100,900,0,0,0.796698,548154,88.0186005,35790.80078,1.23248,0,78,0,1.99439,3.5187099,100,14.8312998,1.85251,58980.80078,206034,9414.110352,"PT01021",-8.64501953110039,41.2009277346104,"EEA AirBase v8 ArcGIS","station_european_code",1,1,FALSE,TRUE,"PT","PORTUGAL"
1656,"PT01022",8,2010,"day",32.3,"PT01022","PORTUGAL","Traffic","suburban",-8.54807,41.189167,0,1500,400,0,0,1900,0,1814.599976,0.930722,396220,50.1787987,161059,5.5461602,0,0,0,1.97171,3.9488399,100,14.4802999,1.78649,34924.80078,137356,10560.2002,"PT01022",-8.54809570290901,41.1890869143654,"EEA AirBase v8 ArcGIS","station_european_code",1,1,FALSE,TRUE,"PT","PORTUGAL"
1657,"PT01024",8,2010,"day",30.942,"PT01024","PORTUGAL","Traffic","urban",-8.617509,41.237778,0,200,0,0,0,2400,0,0,1.0275199,735837,85.5507965,232640,8.0111198,0,84,0,1.9861,3.85464,92,14.7272997,1.83407,47532.5,216510,9414.110352,"PT01024",-8.61749267593637,41.2379150391552,"EEA AirBase v8 ArcGIS","station_european_code",1,1,FALSE,TRUE,"PT","PORTUGAL"
1658,"PT01026",8,2010,"day",41.558,"PT01026","PORTUGAL","Traffic","urban",-8.404725,41.110832,0,2100,2300,0,0,0,0,2836.530029,0.390901,0,0,0,0,0,0,0,1.712,4.3067002,132,14.0614996,0.842312,4492.399902,0,0,"PT01026",-8.40472412093116,41.1109008792426,"EEA AirBase v8 ArcGIS","station_european_code",1,1,FALSE,TRUE,"PT","PORTUGAL"
1659,"PT01028",8,2010,"day",51.03,"PT01028","PORTUGAL","Traffic","urban",-8.58945,41.164448,0,0,0,200,0,1500,0,0,0.111687,640506,92.9542007,125268,4.3136802,0,0,19,1.94608,3.6677301,144,14.6352997,1.80646,73762.29688,242119,12606.7002,"PT01028",-8.58947753880469,41.1644897460043,"EEA AirBase v8 ArcGIS","station_european_code",1,1,FALSE,TRUE,"PT","PORTUGAL"
1660,"PT01030",8,2010,"day",42.648,"PT01030","PORTUGAL","Traffic","suburban",-8.141675,41.216667,0,6100,200,0,0,100,0,2738.719971,0.269553,0,0,0,0,0,0,0,1.73338,4.6271,202,13.21,1.51973,19128.90039,0,818.6190186,"PT01030",-8.14160156268667,41.2166748044711,"EEA AirBase v8 ArcGIS","station_european_code",1,1,FALSE,TRUE,"PT","PORTUGAL"
1661,"PT01031",8,2010,"day",21.376,"PT01031","PORTUGAL","Background","suburban",-8.662233,41.258888,0,1900,100,300,0,1400,0,1814.599976,1.64055,402178,67.4534988,89477.10156,3.0811999,0,0,0,1.99377,3.7142301,77,14.8831997,1.90104,34200.19922,196721,7012.830078,"PT01031",-8.66210937481458,41.258911132816,"EEA AirBase v8 ArcGIS","station_european_code",1,1,FALSE,TRUE,"PT","PORTUGAL"
1662,"PT01041",8,2010,"day",47.74,"PT01041","PORTUGAL","Traffic","urban",-8.410007,41.559998,0,0,0,0,200,1700,0,0,0.330172,4994970,147.2839966,68675.29688,2.11145,0,89,0,1.85457,4.4498,199,14.0108004,1.65306,60285.10156,151324,8868.370117,"PT01041",-8.40991210908925,41.5601196291531,"EEA AirBase v8 ArcGIS","station_european_code",1,1,FALSE,TRUE,"PT","PORTUGAL"
1663,"PT01042",8,2010,"day",15.154,"PT01042","PORTUGAL","Background","suburban",-8.461678,41.571388,0,3800,700,0,100,600,0,3987.040039,0.698475,2210420,42.7597008,6867.529785,0.211145,0,0,0,1.97422,4.3838201,48,14.2093,1.65487,34924.80078,88466.39844,6357.939941,"PT01042",-8.46160888706578,41.5714721679011,"EEA AirBase v8 ArcGIS","station_european_code",1,1,FALSE,TRUE,"PT","PORTUGAL"
1664,"PT01045",8,2010,"day",15.018,"PT01045","PORTUGAL","Background","suburban",-8.534737,41.401669,0,1000,100,0,0,2700,0,245.2749939,0.336444,18516.90039,0,66323.70313,2.0520699,0,0,0,1.91074,4.26899,104,14.5539999,1.74011,30867.09961,5820.160156,10205.40039,"PT01045",-8.53472900414496,41.4016723630364,"EEA AirBase v8 ArcGIS","station_european_code",1,1,FALSE,TRUE,"PT","PORTUGAL"
1665,"PT01047",8,2010,"day",3.523,"PT01047","PORTUGAL","Background","rural",-8.693897,41.802223,0,2200,2100,0,0,0,0,2612.469971,0.358803,0,0,0,0,0,0,0,1.78953,4.1171699,775,14.3818998,2.8775899,0,0,0,"PT01047",-8.69390869113172,41.8023071285755,"EEA AirBase v8 ArcGIS","station_european_code",1,1,FALSE,TRUE,"PT","PORTUGAL"
1666,"PT01048",8,2010,"day",3.752,"PT01048","PORTUGAL","Background","rural",-7.795845,41.374443,0,2600,2200,0,0,100,0,2450.290039,0.354126,0,0,8343.05957,0.272485,0,0,0,1.7721,4.8731899,1070,12.1150999,0.748535,6811.060059,0,81.8619003,"PT01048",-7.79577636688614,41.3745117187297,"EEA AirBase v8 ArcGIS","station_european_code",1,1,FALSE,TRUE,"PT","PORTUGAL"
1667,"PT01049",8,2010,"day",43.768,"PT01049","PORTUGAL","Traffic","urban",-8.575556,41.198612,0,300,200,0,100,2000,0,604.8649902,0.622963,312805,42.7753983,161059,5.5461602,1,0,14,1.97103,3.8856499,143,14.5620003,1.7945,41156.19922,122223,12988.7002,"PT01049",-8.57550048870402,41.1987304685731,"EEA AirBase v8 ArcGIS","station_european_code",1,1,FALSE,TRUE,"PT","PORTUGAL"
1668,"PT01050",8,2010,"day",27.23,"PT01050","PORTUGAL","Background","urban",-8.658889,41.147503,0,0,0,200,300,1200,0,0,0.213446,348555,49.3562012,89477.10156,3.0811999,0,88,0,1.93647,2,13,14.8759003,2.7465301,33330.69922,111747,7504,"PT01050",-8.65887451183205,41.1475219729804,"EEA AirBase v8 ArcGIS","station_european_code",1,1,FALSE,TRUE,"PT","PORTUGAL"
1669,"PT01052",8,2010,"day",19.396,"PT01052","PORTUGAL","Background","urban",-8.4608,41.359997,0,2700,1000,0,0,1100,0,2207.469971,0.471022,92584.29688,0,44215.80078,1.36805,0,0,0,1.845,4.37047,86,14.3017998,2.5458701,17245,2328.060059,6357.939941,"PT01052",-8.46081542942983,41.3601074215512,"EEA AirBase v8 ArcGIS","station_european_code",1,1,FALSE,TRUE,"PT","PORTUGAL"
1670,"PT02006",8,2010,"day",34.388,"PT02006","PORTUGAL","Traffic","urban",-8.433331,40.216599,0,0,100,500,700,1500,0,140.4759979,0.241058,464859,42.112999,31402.19922,1.0236,0,106,0,1.84016,4.4858999,77,14.5718002,0.892597,65212.19922,139684,6030.490234,"PT02006",-8.4332885742658,40.2166748043668,"EEA AirBase v8 ArcGIS","station_european_code",1,1,FALSE,TRUE,"PT","PORTUGAL"
1671,"PT02016",8,2010,"day",14.649,"PT02016","PORTUGAL","Background","urban",-8.243897,40.122498,0,2500,100,0,400,1000,0,719.585022,0.170492,423388,32.0171013,20202.80078,0.60923,0,0,0,1.8033299,4.6524401,154,13.8957996,0.850579,34924.80078,50053.39844,6603.52002,"PT02016",-8.24389648443715,40.122497558256,"EEA AirBase v8 ArcGIS","station_european_code",1,1,FALSE,TRUE,"PT","PORTUGAL"
1672,"PT02017",8,2010,"day",27.594,"PT02017","PORTUGAL","Traffic","urban",-8.384736,40.380833,0,0,2100,0,0,800,0,7091.790039,1.00875,0,0,21681.09961,0.730728,0,14,0,1.74107,4.56498,190,14.4615002,0,32026.5,0,1910.109985,"PT02017",-8.38470458990278,40.3809204098898,"EEA AirBase v8 ArcGIS","station_european_code",1,1,FALSE,TRUE,"PT","PORTUGAL"
1673,"PT02019",8,2010,"day",5.968,"PT02019","PORTUGAL","Background","rural",-8.670836,40.589443,0,300,2500,0,0,300,0,8442.610352,0.603113,363629,22.9951,5420.279785,0.182682,0,0,0,2.0029399,3.8676801,15,15.0811996,0,39851.89844,61693.69922,6630.810059,"PT02019",-8.67077636738816,40.5894775388213,"EEA AirBase v8 ArcGIS","station_european_code",1,1,FALSE,TRUE,"PT","PORTUGAL"
1674,"PT02020",8,2010,"day",3.839,"PT02020","PORTUGAL","Background","rural",-7.175286,40.135281,0,4500,1800,0,0,0,0,1718.790039,0.20994,43440.5,0,0,0,0,0,0,2.0032001,5.13415,433,14.2924995,0.769398,9419.549805,16296.40039,27.2873001,"PT02020",-7.17529296898532,40.1353149411206,"EEA AirBase v8 ArcGIS","station_european_code",1,1,FALSE,TRUE,"PT","PORTUGAL"
1675,"PT03010",8,2010,"day",27.821,"PT03010","PORTUGAL","Background","urban",-9.111122,38.753334,0,100,0,400,200,1900,0,0,0.0476547,1372260,183.7449951,421860,17.2492008,0,85,0,1.96339,3.15588,61,16.2171001,0,68980.10156,267727,9113.950195,"PT03010",-9.11108398423687,38.7534790037063,"EEA AirBase v8 ArcGIS","station_european_code",1,1,FALSE,TRUE,"PT","PORTUGAL"
1676,"PT03055",8,2010,"day",20.851,"PT03055","PORTUGAL","Industrial","urban",-9.052526,38.668613,0,0,0,0,0,2600,0,0,0.0021526,674746,62.6393013,113308,3.68764,0,0,0,2.0039599,2.90309,8,16.4046993,0,37098.5,367834,5375.600098,"PT03055",-9.05249023435968,38.6687011718678,"EEA AirBase v8 ArcGIS","station_european_code",1,1,FALSE,TRUE,"PT","PORTUGAL"
1677,"PT03070",8,2010,"day",25.679,"PT03070","PORTUGAL","Background","urban",-9.113623,38.733334,0,500,0,400,600,1400,0,0,0.0389902,964059,125.973999,230105,9.4086704,0,11,0,1.9070899,2.9286699,56,0,0,51445.19922,208362,8922.94043,"PT03070",-9.11358642561544,38.7332763671933,"EEA AirBase v8 ArcGIS","station_european_code",1,1,FALSE,TRUE,"PT","PORTUGAL"
1678,"PT03071",8,2010,"day",35.164,"PT03071","PORTUGAL","Background","urban",-9.107228,38.77,0,0,0,100,900,1000,0,0,0.0032492,1454770,146.0339966,115053,4.70434,0,178,0,1.9904,3.12521,34,16.1889992,0,79124.20313,314289,9741.55957,"PT03071",-9.10717773478406,38.7700805661746,"EEA AirBase v8 ArcGIS","station_european_code",1,1,FALSE,TRUE,"PT","PORTUGAL"
1679,"PT03072",8,2010,"day",46.117,"PT03072","PORTUGAL","Traffic","urban",-9.148903,38.748611,0,0,0,200,300,1000,0,0,0.0097476,1407010,192.5720062,38350.89844,1.56811,0,204,0,1.9749399,3.6454599,82,16.1723995,0,89848,274711,9959.860352,"PT03072",-9.14892578148175,38.7487182618615,"EEA AirBase v8 ArcGIS","station_european_code",1,1,FALSE,TRUE,"PT","PORTUGAL"
1680,"PT03075",8,2010,"day",64.915,"PT03075","PORTUGAL","Traffic","urban",-9.146122,38.721111,0,0,0,100,100,2000,0,0,0,1020510,108.3219986,345158,14.1129999,0,0,15,1.89566,3.2334299,46,16.2320995,0,87674.20313,165292,13261.59961,"PT03075",-9.14611816443488,38.7211303709359,"EEA AirBase v8 ArcGIS","station_european_code",1,1,FALSE,TRUE,"PT","PORTUGAL"
1681,"PT03084",8,2010,"day",23.288,"PT03084","PORTUGAL","Background","urban",-9.230846,38.754166,0,0,0,0,600,1800,0,0,0.20145,1194220,134.8000031,230105,9.4086704,0,87,0,1.94714,3.79018,138,16.0303001,0,57241.89844,245611,11487.90039,"PT03084",-9.2307128902362,38.7540893556506,"EEA AirBase v8 ArcGIS","station_european_code",1,1,FALSE,TRUE,"PT","PORTUGAL"
1682,"PT03087",8,2010,"day",23.749,"PT03087","PORTUGAL","Background","urban",-9.210286,38.705002,0,0,0,0,100,2200,0,0,0.0054153,729558,74.6214981,383509,15.6810999,0,0,0,1.9392101,3.1461301,85,16.1716003,0,46952.80078,175769,10150.90039,"PT03087",-9.21020507813851,38.7050781248635,"EEA AirBase v8 ArcGIS","station_european_code",1,1,FALSE,TRUE,"PT","PORTUGAL"
1683,"PT03089",8,2010,"day",13.788,"PT03089","PORTUGAL","Background","urban",-9.205003,38.476112,0,0,0,0,0,0,0,0,0.105478,0,0,0,0,0,0,0,1.94995,0,0,0,1.19656,0,0,0,"PT03089",-9.20501708998042,38.4760742190432,"EEA AirBase v8 ArcGIS","station_european_code",1,1,FALSE,TRUE,"PT","PORTUGAL"
1684,"PT03091",8,2010,"day",17.451,"PT03091","PORTUGAL","Background","urban",-9.192509,38.415001,0,0,2900,0,0,0,0,1427.930054,0.598425,0,0,0,0,0,0,0,1.83137,2.4771199,127,0,1.14723,5796.640137,0,382.0220032,"PT03091",-9.19250488308765,38.4151000973944,"EEA AirBase v8 ArcGIS","station_european_code",1,1,FALSE,TRUE,"PT","PORTUGAL"
1685,"PT03092",8,2010,"day",29.743,"PT03092","PORTUGAL","Background","urban",-9.047514,38.447224,0,0,2900,0,0,0,0,1427.930054,0.697444,0,0,0,0,0,0,0,1.79451,2.5569699,301,16.5340996,0,20723,153652,0,"PT03092",-9.04748535160256,38.4473266602395,"EEA AirBase v8 ArcGIS","station_european_code",1,1,FALSE,TRUE,"PT","PORTUGAL"
1686,"PT03094",8,2010,"day",22.699,"PT03094","PORTUGAL","Traffic","urban",-8.904725,38.494999,0,0,0,200,0,400,0,0,0.0202401,0,0,0,0,0,0,0,2.00352,0,0,0,1.08505,2608.48999,0,1500.800049,"PT03094",-8.89410400411054,38.5242919918716,"EEA AirBase v8 ArcGIS","station_european_code",1,1,FALSE,TRUE,"PT","PORTUGAL"
1687,"PT03097",8,2010,"day",27.836,"PT03097","PORTUGAL","Traffic","urban",-9.182237,38.801945,0,0,0,0,200,2000,0,0,0.340082,425576,34.5023994,383509,15.6810999,0,128,0,1.8726799,3.9010401,122,16.0053997,3.25564,50430.80078,108255,12634,"PT03097",-9.18218994100683,38.8018798825406,"EEA AirBase v8 ArcGIS","station_european_code",1,1,FALSE,TRUE,"PT","PORTUGAL"
1688,"PT03098",8,2010,"day",34.213,"PT03098","PORTUGAL","Traffic","urban",-9.063066,38.649445,0,600,0,300,800,1200,0,98.4778976,0.111936,754331,31.0974998,37769.39844,1.22921,0,0,0,1.99422,2.3010299,10,16.4137993,0,37533.30078,239790,9086.669922,"PT03098",-9.06298828094317,38.6494750975552,"EEA AirBase v8 ArcGIS","station_european_code",1,1,FALSE,TRUE,"PT","PORTUGAL"
1689,"PT03100",8,2010,"day",43.246,"PT03100","PORTUGAL","Traffic","urban",-9.202499,38.748055,0,0,0,400,0,2100,0,0,0.035741,1063940,93.0763016,345158,14.1129999,0,0,0,1.9577399,3.7708499,86,16.0715008,0,73762.29688,201377,11078.59961,"PT03100",-9.20251464860186,38.7481079102321,"EEA AirBase v8 ArcGIS","station_european_code",1,1,FALSE,TRUE,"PT","PORTUGAL"
1690,"PT03102",8,2010,"day",6.906,"PT03102","PORTUGAL","Background","rural",-9.245833,39.278332,0,6700,0,0,0,500,0,5067.569824,1.81652,0,0,8021.890137,0.260844,0,0,0,1.98876,3.88358,142,15.6657,3.50861,14781.40039,0,1691.810059,"PT03102",-9.24578857453948,39.2783203125344,"EEA AirBase v8 ArcGIS","station_european_code",1,1,FALSE,TRUE,"PT","PORTUGAL"
1691,"PT04001",8,2010,"day",3.844,"PT04001","PORTUGAL","Industrial","suburban",-8.833333,37.966667,0,4100,300,0,0,400,0,199.5529938,0.339242,1458440,82.3665009,3344.02002,0.135349,0,0,0,1.9941601,3.48401,47,16.3518009,0,18984,360850,491.17099,"PT04001",-8.8333129885231,37.9666748046171,"EEA AirBase v8 ArcGIS","station_european_code",1,1,FALSE,TRUE,"PT","PORTUGAL"
1692,"PT04003",8,2010,"day",2.651,"PT04003","PORTUGAL","Industrial","rural",-8.716666,37.866665,0,6900,0,0,0,0,0,385.802002,0.478314,0,0,0,0,0,0,0,1.99514,3.82781,170,16.3118992,0,13477.2002,0,191.0110016,"PT04003",-8.71667480497165,37.8666992185687,"EEA AirBase v8 ArcGIS","station_european_code",1,1,FALSE,TRUE,"PT","PORTUGAL"
1693,"PT04006",8,2010,"day",4.83,"PT04006","PORTUGAL","Background","rural",-7.397514,38.614998,0,7300,0,0,0,400,0,243.2070007,0.236406,0,0,10373.7002,0.342819,0,0,0,1.98972,5.0474601,181,16.0324001,0.783243,11883.09961,0,1009.630005,"PT04006",-7.39752197240339,38.6151123046903,"EEA AirBase v8 ArcGIS","station_european_code",1,1,FALSE,TRUE,"PT","PORTUGAL"
1694,"RO0008R",8,2010,"day",13.838,"RO0008R","ROMANIA","Background","rural",25.134665,47.324791,0,6100,0,0,0,300,0,4802.200195,0.435788,87098.89844,0,0,0,0,0,0,1.95688,5.6170402,911,4.5032501,0.650048,6489,1866.069946,560.2349854,"RO0008R",25.1347045900166,47.3248901369616,"EEA AirBase v8 ArcGIS","station_european_code",1,1,FALSE,TRUE,"RO","ROMANIA"
1695,"RO0066A",8,2010,"day",21.089,"RO0066A","ROMANIA","Industrial","urban",26.184734,44.411114,0,100,0,100,800,1100,0,0,0.305447,23024300,420.4570007,196774,4.5788598,0,0,0,2.0042601,5.2792902,72,11.7406998,2.88482,14128,235125,5618.819824,"RO0066A",26.1848754879153,44.4110717772592,"EEA AirBase v8 ArcGIS","station_european_code",1,1,FALSE,TRUE,"RO","ROMANIA"
1696,"RO0067A",8,2010,"day",50.186,"RO0067A","ROMANIA","Traffic","urban",26.151121,44.440556,0,0,0,0,400,1900,0,0,0.0058597,13051200,232.404007,590322,13.7365999,0,0,0,2.0029099,5.2883,79,11.6981001,2.85955,40330.39844,89571.29688,7497.259766,"RO0067A",26.1511230473209,44.4406738279156,"EEA AirBase v8 ArcGIS","station_european_code",1,1,FALSE,TRUE,"RO","ROMANIA"
1697,"RO0068A",8,2010,"day",35.159,"RO0068A","ROMANIA","Industrial","urban",26.148348,44.395836,0,300,0,0,1200,400,0,811.0100098,0.1281,18707200,446.0690002,65591.29688,1.5262901,0,0,0,2.00267,5.2821898,61,11.7128,2.8943801,17659.90039,227038,2735.26001,"RO0068A",26.1484985347767,44.3958740233408,"EEA AirBase v8 ArcGIS","station_european_code",1,1,FALSE,TRUE,"RO","ROMANIA"
1698,"RO0070A",8,2010,"day",65.33,"RO0070A","ROMANIA","Traffic","urban",26.120836,44.42889,0,0,0,0,0,2700,0,0,0,6945320,95.8003006,852687,19.8416996,0,19,0,2.0042801,5.2910299,80,11.6799002,2.8584499,59551,36077.30078,9721.719727,"RO0070A",26.120910644479,44.428894042705,"EEA AirBase v8 ArcGIS","station_european_code",1,1,FALSE,TRUE,"RO","ROMANIA"
1699,"RO0072A",8,2010,"day",8.22,"RO0072A","ROMANIA","Background","rural",26.116667,44.616665,0,7800,0,0,0,0,0,2014.079956,0.776979,0,0,0,0,0,0,0,2.0043199,5.3042798,94,11.5153999,2.7779,8378.209961,0,2010.25,"RO0072A",26.1166992184595,44.6166992190378,"EEA AirBase v8 ArcGIS","station_european_code",1,1,FALSE,TRUE,"RO","ROMANIA"
1700,"RO0076A",8,2010,"day",22.71,"RO0076A","ROMANIA","Industrial","urban",23.630569,46.782223,0,0,0,200,0,2000,0,0,0.0493746,8339280,146.3630066,62119.39844,1.01122,0,0,0,1.99898,5.6751199,323,8.8649797,0,17495.69922,213976,5717.689941,"RO0076A",23.6306762693074,46.7822875975475,"EEA AirBase v8 ArcGIS","station_european_code",1,1,FALSE,TRUE,"RO","ROMANIA"
1701,"RO0077A",8,2010,"day",19.218,"RO0077A","ROMANIA","Background","urban",23.877501,47.153889,0,3400,0,0,0,1500,0,1103.52002,0.182819,1844450,16.2026005,43483.60156,0.707851,0,0,0,1.92643,5.6810699,233,8.9656401,1.25951,14456.5,62202.30078,3410.840088,"RO0077A",23.8775024414737,47.1539306639311,"EEA AirBase v8 ArcGIS","station_european_code",1,1,FALSE,TRUE,"RO","ROMANIA"
1702,"RO0078A",8,2010,"day",30.65,"RO0078A","ROMANIA","Traffic","urban",23.806116,44.318611,0,0,0,0,100,2400,0,0,0.0008698,599886,7.3917799,38147.10156,0.444094,0,159,0,2.00419,5.5457902,108,11.5503998,2.2570701,40658.89844,83973.10156,10842.2002,"RO0078A",23.8060913090354,44.3187255861584,"EEA AirBase v8 ArcGIS","station_european_code",1,1,FALSE,TRUE,"RO","ROMANIA"
1703,"RO0079A",8,2010,"day",20.221,"RO0079A","ROMANIA","Background","urban",23.796677,44.319164,0,0,0,200,100,2400,0,0,0.0008698,451009,7.6302299,34679.19922,0.403722,0,145,0,2.0041299,5.5466199,105,11.5574999,2.25686,42219.60156,51005.89844,10595,"RO0079A",23.7966918948579,44.3192749023672,"EEA AirBase v8 ArcGIS","station_european_code",1,1,FALSE,TRUE,"RO","ROMANIA"
1704,"RO0082A",8,2010,"day",11.401,"RO0082A","ROMANIA","Background","suburban",23.719723,44.34222,0,6200,0,0,200,0,0,6992.299805,0.46533,26272.40039,0.953778,0,0,0,74,0,2.00089,5.55474,81,11.5860996,2.2497101,6571.140137,3732.139893,955.6939697,"RO0082A",23.7197265625612,44.3422851561149,"EEA AirBase v8 ArcGIS","station_european_code",1,1,FALSE,TRUE,"RO","ROMANIA"
1705,"RO0084A",8,2010,"day",22.978,"RO0084A","ROMANIA","Background","urban",27.583614,47.151112,0,0,0,0,0,2700,0,0,0.0101507,3243670,23.1959,49046,0.703767,0,40,0,1.971,5.4112802,43,9.9064598,0.778276,46983.69922,87083.20313,9425.120117,"RO0084A",27.5836791995597,47.1511230468725,"EEA AirBase v8 ArcGIS","station_european_code",1,1,FALSE,TRUE,"RO","ROMANIA"
1706,"RO0085A",8,2010,"day",18.86,"RO0085A","ROMANIA","Industrial","urban",27.614458,47.158058,0,0,0,0,0,2900,0,0,0.0954163,8514620,64.7042007,49046,0.703767,0,68,0,1.98358,5.4098501,67,9.9101696,0.774237,31459.30078,228905,6788.729981,"RO0085A",27.6145019528399,47.158081054784,"EEA AirBase v8 ArcGIS","station_european_code",1,1,FALSE,TRUE,"RO","ROMANIA"
1707,"RO0092A",8,2010,"day",18.69,"RO0092A","ROMANIA","Background","urban",23.563482,46.064224,0,800,0,0,200,2400,0,68.2910004,0.131524,2391160,54.0593987,39537.80078,0.650244,0,135,0,1.99656,5.64325,241,9.8681097,0.552797,21684.80078,70910.60156,6113.149902,"RO0092A",23.5634765628886,46.0642700197266,"EEA AirBase v8 ArcGIS","station_european_code",1,1,FALSE,TRUE,"RO","ROMANIA"
1708,"RO0093A",8,2010,"day",15.217,"RO0093A","ROMANIA","Industrial","urban",23.561399,45.9669,0,1500,0,0,0,2100,0,478.0369873,0.170736,3473960,95.5596008,35943.39844,0.591131,0,0,0,1.99827,5.6391201,248,9.6565104,0.555805,12485.2002,128137,3789.820068,"RO0093A",23.5615234377131,45.9669189452631,"EEA AirBase v8 ArcGIS","station_european_code",1,1,FALSE,TRUE,"RO","ROMANIA"
1709,"RO0094A",8,2010,"day",10.604,"RO0094A","ROMANIA","Industrial","urban",23.225601,46.108295,0,3400,0,0,200,2000,0,341.4549866,0.287555,1218140,31.6711998,35943.39844,0.591131,0,0,0,1.51263,5.6680198,406,8.8092003,1.07959,6242.589844,42297.60156,1499.449951,"RO0094A",23.2257080074267,46.1082763673333,"EEA AirBase v8 ArcGIS","station_european_code",1,1,FALSE,TRUE,"RO","ROMANIA"
1710,"RO0095A",8,2010,"day",23.984,"RO0095A","ROMANIA","Traffic","urban",21.334721,46.181389,0,0,0,0,800,100,0,0,0.0297569,3291270,37.5018997,0,0,0,100,0,2.0043001,5.6675701,107,11.5121002,0,38194.80078,127515,5042.109863,"RO0095A",21.3347167964543,46.1815185549726,"EEA AirBase v8 ArcGIS","station_european_code",1,1,FALSE,TRUE,"RO","ROMANIA"
1711,"RO0096A",8,2010,"day",16.502,"RO0096A","ROMANIA","Background","urban",21.302483,46.190552,0,0,0,0,200,2100,0,0,0.0202739,5309910,57.6188011,27424.40039,0.406636,0,126,0,2.0043199,5.6666698,106,11.5441999,0,36387.69922,193449,7283.049805,"RO0096A",21.3024902342015,46.19067382784,"EEA AirBase v8 ArcGIS","station_european_code",1,1,FALSE,TRUE,"RO","ROMANIA"
1712,"RO0097A",8,2010,"day",15.009,"RO0097A","ROMANIA","Traffic","suburban",20.736851,46.166817,0,0,0,0,0,2100,0,0,0.208918,482720,6.20892,27424.40039,0.406636,0,0,0,2.00352,5.6371198,84,11.8634996,0.770648,6774.830078,19634.30078,5865.990234,"RO0097A",20.7368774412278,46.166870117484,"EEA AirBase v8 ArcGIS","station_european_code",1,1,FALSE,TRUE,"RO","ROMANIA"
1713,"RO0104A",8,2010,"day",19.295,"RO0104A","ROMANIA","Background","urban",26.910671,46.564594,0,0,0,0,400,2200,0,0,0.0268092,5392020,41.9336014,25844.59961,0.350608,0,88,0,2.00421,5.4074602,168,9.4886904,2.2193,28338.09961,166702,6409.740234,"RO0104A",26.9107055660464,46.5646972655204,"EEA AirBase v8 ArcGIS","station_european_code",1,1,FALSE,TRUE,"RO","ROMANIA"
1714,"RO0107A",8,2010,"day",20.668,"RO0107A","ROMANIA","Background","urban",21.927238,47.068611,0,0,0,200,0,2000,0,0,0.0392359,1831680,14.9811001,44743.10156,0.505454,0,37,0,1.97039,5.7554498,130,10.8464003,0.701583,31295.09961,74020.79688,8601.25,"RO0107A",21.9273071292875,47.0687255857246,"EEA AirBase v8 ArcGIS","station_european_code",1,1,FALSE,TRUE,"RO","ROMANIA"
1715,"RO0110A",8,2010,"day",8.861,"RO0110A","ROMANIA","Industrial","urban",22.331671,47.343609,0,1200,0,0,0,2700,0,112.3249969,0.298334,759807,10.3318005,48810.69922,0.551405,0,0,0,1.9985501,5.7705498,130,10.4285002,0.728498,8542.490234,29235.09961,4300.620117,"RO0110A",22.3317260740669,47.3436889649117,"EEA AirBase v8 ArcGIS","station_european_code",1,1,FALSE,TRUE,"RO","ROMANIA"
1716,"RO0112A",8,2010,"day",22.886,"RO0112A","ROMANIA","Background","urban",26.658577,47.739891,0,0,0,700,0,2200,0,0,0.148592,715084,0.619677,12849,0.170699,0,140,0,1.96552,5.5474401,168,9.2608204,0.767514,30638,27991,9392.169922,"RO0112A",26.6586914066204,47.7399291990153,"EEA AirBase v8 ArcGIS","station_european_code",1,1,FALSE,TRUE,"RO","ROMANIA"
1717,"RO0113A",8,2010,"day",28.154,"RO0113A","ROMANIA","Traffic","urban",27.971109,45.283855,0,0,0,0,100,2800,0,0,0.0426742,1481350,17.8743,39636,0.435216,0,34,0,2.0009699,5.0171299,21,11.7052002,0.814004,52569.10156,157372,6640.430176,"RO0113A",27.9711303708923,45.283874511816,"EEA AirBase v8 ArcGIS","station_european_code",1,1,FALSE,TRUE,"RO","ROMANIA"
1718,"RO0116A",8,2010,"day",8.573,"RO0116A","ROMANIA","Industrial","urban",27.949608,45.29739,0,1200,0,0,1000,700,0,305.5899963,0.202702,1972970,27.6018009,6606,0.072536,0,0,0,2.00316,5.0265398,22,11.6985998,0.814731,25463.19922,160482,4992.680176,"RO0116A",27.9614868161801,45.2977294921017,"EEA AirBase v8 ArcGIS","station_european_code",1,1,FALSE,TRUE,"RO","ROMANIA"
1719,"RO0119A",8,2010,"day",48.064,"RO0119A","ROMANIA","Background","urban",25.603586,45.64975,0,0,0,0,0,2900,0,0,0.0419973,312909,0,97891.79688,1.6168801,0,196,0,1.74503,5.4445901,570,7.5667,1.27858,28173.80078,7464.279785,8683.639648,"RO0119A",25.6036987304673,45.6499023434524,"EEA AirBase v8 ArcGIS","station_european_code",1,1,FALSE,TRUE,"RO","ROMANIA"
1720,"RO0120A",8,2010,"day",42.257,"RO0120A","ROMANIA","Traffic","urban",25.616217,45.65937,0,0,0,100,0,2800,0,0,0.0146354,6089690,74.0249023,97891.79688,1.6168801,0,33,10,1.90747,5.4440598,567,7.6248002,1.27881,27106,137467,8700.110352,"RO0120A",25.6162719724937,45.6594848635519,"EEA AirBase v8 ArcGIS","station_european_code",1,1,FALSE,TRUE,"RO","ROMANIA"
1721,"RO0121A",8,2010,"day",11.689,"RO0121A","ROMANIA","Background","suburban",25.62414,45.718143,0,4800,0,0,0,1400,0,1172.660034,0.29589,0,0,52711,0.870628,0,40,0,1.9859999,5.4484801,518,8.1779499,1.2823,5256.910156,0,2273.889893,"RO0121A",25.6240844722976,45.7180786134986,"EEA AirBase v8 ArcGIS","station_european_code",1,1,FALSE,TRUE,"RO","ROMANIA"
1722,"RO0126A",8,2010,"day",18.055,"RO0126A","ROMANIA","Background","urban",27.327959,44.201763,0,0,0,0,100,2200,0,0,0.164738,1314020,11.5024996,21321.59961,0.416865,0,41,0,2.0039799,5.0149598,20,12.1504002,2.4476299,18234.90039,132491,5289.27002,"RO0126A",27.3278808591516,44.2019042966743,"EEA AirBase v8 ArcGIS","station_european_code",1,1,FALSE,TRUE,"RO","ROMANIA"
1723,"RO0128A",8,2010,"day",12.396,"RO0128A","ROMANIA","Industrial","urban",22.352751,45.518608,0,0,0,0,1000,100,0,0,0.145955,2276280,43.9939003,0,0,0,0,0,1.8624099,5.6648698,261,9.2866001,1.6858799,4599.799805,103878,2471.620117,"RO0128A",22.3527221681322,45.5186767576278,"EEA AirBase v8 ArcGIS","station_european_code",1,1,FALSE,TRUE,"RO","ROMANIA"
1724,"RO0135A",8,2010,"day",27.47,"RO0135A","ROMANIA","Industrial","urban",28.623802,44.14941,0,0,0,1500,0,600,0,0,0.0083707,2032150,18.5617008,0,0,0,0,0,1.98044,3.22435,38,12.7177,2.1019199,19220.59961,133113,3888.689941,"RO0135A",28.6239013670779,44.1494750978811,"EEA AirBase v8 ArcGIS","station_european_code",1,1,FALSE,TRUE,"RO","ROMANIA"
1725,"RO0136A",8,2010,"day",14.189,"RO0136A","ROMANIA","Industrial","urban",28.610256,44.319626,0,0,0,0,0,2900,0,0,0.114798,1426290,17.0149002,74085.89844,0.922159,0,91,0,2.0022099,3.08218,14,12.5003004,2.0945899,19959.80078,115074,4778.470215,"RO0136A",28.6102905277792,44.3197021483938,"EEA AirBase v8 ArcGIS","station_european_code",1,1,FALSE,TRUE,"RO","ROMANIA"
1726,"RO0139A",8,2010,"day",25.461,"RO0139A","ROMANIA","Industrial","urban",25.478067,44.916218,0,100,0,0,0,2700,0,0,0.398854,1222560,6.6278701,30050.90039,0.43801,0,45,0,2.0043199,5.41012,271,10.0704002,1.8032399,20288.40039,58470.19922,5833.029785,"RO0139A",25.4780883786739,44.916320800717,"EEA AirBase v8 ArcGIS","station_european_code",1,1,FALSE,TRUE,"RO","ROMANIA"
1727,"RO0140A",8,2010,"day",13.762,"RO0140A","ROMANIA","Industrial","urban",25.421743,45.131382,0,1300,0,0,0,2900,0,0,0.633796,795816,19.4694004,30050.90039,0.43801,0,0,0,1.78857,5.42766,464,8.1849499,1.75735,12074.5,59092.19922,2570.48999,"RO0140A",25.4218749999079,45.1315307616833,"EEA AirBase v8 ArcGIS","station_european_code",1,1,FALSE,TRUE,"RO","ROMANIA"
1728,"RO0141A",8,2010,"day",16.046,"RO0141A","ROMANIA","Traffic","urban",28.018591,45.42028,0,0,0,0,0,2900,0,0,0.0162262,1193330,9.0496397,48296.60156,0.52183,0,49,17,1.97602,5.0459499,51,11.559,1.6412801,30720.09961,59092.19922,7431.350098,"RO0141A",28.0178833003471,45.4188842775928,"EEA AirBase v8 ArcGIS","station_european_code",1,1,FALSE,TRUE,"RO","ROMANIA"
1729,"RO0143A",8,2010,"day",12.812,"RO0143A","ROMANIA","Background","suburban",28.034405,45.474155,0,0,0,0,1300,0,0,0,0.173079,3607730,52.6688995,0,0,0,0,13,1.97405,5.0587902,68,11.4830999,1.64071,23656.09961,260628,1285.23999,"RO0143A",28.0338745116553,45.4730834963378,"EEA AirBase v8 ArcGIS","station_european_code",1,1,FALSE,TRUE,"RO","ROMANIA"
1730,"RO0151A",8,2010,"day",13.564,"RO0151A","ROMANIA","Industrial","urban",23.171091,44.899094,0,0,0,0,0,0,0,0,0.0196881,221855,1.69383,0,0,0,0,0,1.9302599,5.6250801,150,11.1246996,2.2065301,73678.89844,521255,395.4599915,"RO0151A",23.1710815430343,44.8991088870203,"EEA AirBase v8 ArcGIS","station_european_code",1,1,FALSE,TRUE,"RO","ROMANIA"
1731,"RO0152A",8,2010,"day",15.744,"RO0152A","ROMANIA","Industrial","urban",23.375156,44.68211,0,4500,0,0,0,1100,0,1991.709961,0.219137,12325.2998,0,13444,0.229908,0,0,0,1.95067,5.59934,124,11.3584995,2.39923,7721.089844,0,2685.830078,"RO0152A",23.3753051757333,44.6821289064234,"EEA AirBase v8 ArcGIS","station_european_code",1,1,FALSE,TRUE,"RO","ROMANIA"
1732,"RO0155A",8,2010,"day",11.506,"RO0155A","ROMANIA","Industrial","urban",22.899347,45.895504,0,4700,0,0,0,600,0,799.3629761,0.110737,718710,5.7245202,8185.830078,0.113232,0,0,0,1.86576,5.6819901,183,10.1107998,1.60841,14538.7002,20526.80078,2718.790039,"RO0155A",22.8994750976172,45.8955078125237,"EEA AirBase v8 ArcGIS","station_european_code",1,1,FALSE,TRUE,"RO","ROMANIA"
1733,"RO0161A",8,2010,"day",23.531,"RO0161A","ROMANIA","Traffic","urban",23.554808,47.652035,0,0,0,0,100,2400,0,0,0.0475348,19522700,170.8609924,45099,0.662764,0,11,16,1.96539,5.7252002,211,8.5697298,1.87006,26284.59961,225172,5206.890137,"RO0161A",23.5548706054487,47.6520996092185,"EEA AirBase v8 ArcGIS","station_european_code",1,1,FALSE,TRUE,"RO","ROMANIA"
1734,"RO0162A",8,2010,"day",19.487,"RO0162A","ROMANIA","Background","urban",23.570595,47.65197,0,0,0,0,1300,300,0,0,0.0414406,18853900,152.477005,0,0,0,159,0,1.9746701,5.7244601,221,8.5250301,1.8629,28173.80078,197181,6706.339844,"RO0162A",23.5704956050567,47.6520996092185,"EEA AirBase v8 ArcGIS","station_european_code",1,1,FALSE,TRUE,"RO","ROMANIA"
1735,"RO0169A",8,2010,"day",25.496,"RO0169A","ROMANIA","Industrial","urban",24.101402,46.477505,0,1300,600,0,0,900,0,538.6779785,0.265094,224933,0,10537.7002,0.124804,0,0,0,1.95657,5.62818,269,9.7279196,1.76603,11910.2002,4354.160156,4729.040039,"RO0169A",24.1015014646664,46.4774780273449,"EEA AirBase v8 ArcGIS","station_european_code",1,1,FALSE,TRUE,"RO","ROMANIA"
1736,"RO0170A",8,2010,"day",13.069,"RO0170A","ROMANIA","Industrial","urban",24.308413,46.334091,0,5100,0,0,0,400,0,1122.25,0.278221,787267,12.9307003,3512.570068,0.0416014,0,0,0,1.91803,5.6052499,283,9.7167597,1.7784899,7474.669922,20526.80078,3690.959961,"RO0170A",24.3084716792786,46.3341064453318,"EEA AirBase v8 ArcGIS","station_european_code",1,1,FALSE,TRUE,"RO","ROMANIA"
1737,"RO0171A",8,2010,"day",17.298,"RO0171A","ROMANIA","Background","urban",26.390005,46.929996,0,5800,0,0,100,0,0,7364.569824,0.159051,3105510,13.4307003,0,0,0,0,0,1.8460799,5.4918499,368,7.8568401,0.703737,22013.30078,90193.39844,5569.390137,"RO0171A",26.3900756836512,46.9301147459087,"EEA AirBase v8 ArcGIS","station_european_code",1,1,FALSE,TRUE,"RO","ROMANIA"
1738,"RO0176A",8,2010,"day",36.712,"RO0176A","ROMANIA","Background","urban",26.025902,44.939201,0,0,0,0,0,2500,0,0,0.0025436,2813370,5.35357,42476.5,0.43843,0,284,21,2.0043199,5.3347602,157,10.9911003,2.5515699,47887.19922,51005.89844,11023.40039,"RO0176A",26.0258789063295,44.9392700195633,"EEA AirBase v8 ArcGIS","station_european_code",1,1,FALSE,TRUE,"RO","ROMANIA"
1739,"RO0177A",8,2010,"day",28.003,"RO0177A","ROMANIA","Background","suburban",26.018019,44.984646,0,1600,0,0,0,1900,0,0,0.25654,2117930,33.651001,42476.5,0.43843,0,0,0,2.0042,5.3389201,177,10.8231001,2.53176,14867.2002,60336.19922,3707.429932,"RO0177A",26.0181274416592,44.9846801760484,"EEA AirBase v8 ArcGIS","station_european_code",1,1,FALSE,TRUE,"RO","ROMANIA"
1740,"RO0178A",8,2010,"day",28.677,"RO0178A","ROMANIA","Industrial","suburban",26.025917,44.850227,0,5100,0,0,0,1700,0,2242.679932,0.376452,1548930,7.6479502,46724.10156,0.482273,0,104,0,2.0030301,5.3294201,125,11.1419001,2.6324899,11170.90039,39187.5,2142.070068,"RO0178A",26.0258789063295,44.8502807619568,"EEA AirBase v8 ArcGIS","station_european_code",1,1,FALSE,TRUE,"RO","ROMANIA"
1741,"RO0179A",8,2010,"day",28.562,"RO0179A","ROMANIA","Traffic","urban",26.036814,44.92292,0,0,0,0,1100,500,0,0,0.0777614,7080840,139.1929932,8495.290039,0.0876861,0,0,0,2.0043199,5.3320999,145,11.0314999,2.5562,34005.69922,111964,7068.839844,"RO0179A",26.036926269116,44.9229125978303,"EEA AirBase v8 ArcGIS","station_european_code",1,1,FALSE,TRUE,"RO","ROMANIA"
1742,"RO0184A",8,2010,"day",14.467,"RO0184A","ROMANIA","Background","urban",24.153469,45.785114,0,0,0,100,0,2700,0,0,0.0379142,5030200,59.4067993,67062.70313,0.894325,0,7,0,2.00383,5.5861602,432,9.3237305,0.568641,48708.60156,92681.39844,7810.330078,"RO0184A",24.1535034183112,45.7850952149186,"EEA AirBase v8 ArcGIS","station_european_code",1,1,FALSE,TRUE,"RO","ROMANIA"
1743,"RO0191A",8,2010,"day",17.985,"RO0191A","ROMANIA","Background","urban",25.312403,43.980331,0,200,100,0,1300,0,0,340.493988,0.246217,856367,17.4347,0,0,0,0,16,1.9967,5.35359,49,11.7203999,0.754382,11253.09961,109476,3476.75,"RO0191A",25.3124999999574,43.9802856445532,"EEA AirBase v8 ArcGIS","station_european_code",1,1,FALSE,TRUE,"RO","ROMANIA"
1744,"RO0192A",8,2010,"day",15.956,"RO0192A","ROMANIA","Industrial","urban",24.9018,43.757984,0,3900,0,0,1000,100,0,1702.469971,0.333137,382220,6.0757298,0,0,0,0,10,2.00368,5.3965201,30,11.9692001,1.4926,9774.570313,55360.10156,1384.109985,"RO0192A",24.901916503983,43.7581176760378,"EEA AirBase v8 ArcGIS","station_european_code",1,1,FALSE,TRUE,"RO","ROMANIA"
1745,"RO0194A",8,2010,"day",24.654,"RO0194A","ROMANIA","Background","urban",21.227453,45.755493,0,0,0,300,400,1600,0,0,0,4071160,70.3223038,28649.80078,0.531003,0,45,0,2.0043199,5.6275601,93,11.8416004,0.705165,39919.69922,137467,5668.259766,"RO0194A",21.2274780270804,45.7554931643667,"EEA AirBase v8 ArcGIS","station_european_code",1,1,FALSE,TRUE,"RO","ROMANIA"
1746,"RO0196A",8,2010,"day",22.392,"RO0196A","ROMANIA","Industrial","urban",21.250942,45.736702,0,400,0,100,200,1700,0,163.0559998,0.0641743,3557680,68.4044037,21487.30078,0.398252,24,0,0,2.0043199,5.6269898,86,11.8399,0.704078,19877.69922,153640,6492.129883,"RO0196A",21.2509155273907,45.7366943362097,"EEA AirBase v8 ArcGIS","station_european_code",1,1,FALSE,TRUE,"RO","ROMANIA"
1747,"RO0197A",8,2010,"day",36.173,"RO0197A","ROMANIA","Traffic","urban",21.220881,45.776657,0,0,0,0,400,1800,0,0,0.134713,3142010,46.6683998,25068.59961,0.464628,26,0,0,2.0039999,5.6291399,92,11.8107004,0.705652,22916.90039,128759,6129.629883,"RO0197A",21.2208862308481,45.7766723629829,"EEA AirBase v8 ArcGIS","station_european_code",1,1,FALSE,TRUE,"RO","ROMANIA"
1748,"RO0199A",8,2010,"day",17.958,"RO0199A","ROMANIA","Industrial","urban",21.893414,45.694717,0,500,0,0,0,1500,0,81.5281982,0.236013,2628530,51.1435013,28649.80078,0.531003,0,0,0,2.0032599,5.6557002,117,11.4224997,1.79129,14045.7998,118184,5239.839844,"RO0199A",21.8934936526611,45.6947021485618,"EEA AirBase v8 ArcGIS","station_european_code",1,1,FALSE,TRUE,"RO","ROMANIA"
1749,"RO0202A",8,2010,"day",6.578,"RO0202A","ROMANIA","Traffic","suburban",28.424402,45.27108,0,4400,0,0,0,0,0,1596.680054,0.182115,0,0,0,0,12,0,0,1.96013,4.88871,4,11.4535999,0.837425,4353.379883,3110.120117,164.7749939,"RO0202A",28.4244995117351,45.2711181638129,"EEA AirBase v8 ArcGIS","station_european_code",1,1,FALSE,TRUE,"RO","ROMANIA"
1750,"RO0203A",8,2010,"day",32.995,"RO0203A","ROMANIA","Background","urban",24.36979,45.08273,0,2200,0,0,0,2000,0,1574.449951,0.129331,3106490,42.1831017,29462.40039,0.39968,0,0,0,1.9526401,5.5391998,225,9.6589203,1.67703,15606.5,65934.5,2586.969971,"RO0203A",24.369873047101,45.0827026364893,"EEA AirBase v8 ArcGIS","station_european_code",1,1,FALSE,TRUE,"RO","ROMANIA"
1751,"RO0207A",8,2010,"day",26.86,"RO0207A","ROMANIA","Traffic","urban",25.974134,43.912903,0,2500,0,100,200,1000,0,1306.52002,0.258585,2292280,17.2031994,5281.879883,0.11583,0,0,19,2.0032301,5.24121,22,11.9275999,2.2620699,27598.80078,109476,4811.430176,"RO0207A",25.9741210941176,43.9129028321903,"EEA AirBase v8 ArcGIS","station_european_code",1,1,FALSE,TRUE,"RO","ROMANIA"
1752,"RO0209A",8,2010,"day",14.562,"RO0209A","ROMANIA","Industrial","urban",25.93178,43.875435,0,3300,0,0,800,400,0,1596.849976,0.439594,1813800,23.1646996,5281.879883,0.11583,0,79,0,1.9982899,5.2444801,24,11.9687004,2.2639699,9281.740234,99523.70313,1351.150024,"RO0209A",25.9318847654523,43.8754882812364,"EEA AirBase v8 ArcGIS","station_european_code",1,1,FALSE,TRUE,"RO","ROMANIA"
1753,"RO0210A",8,2010,"day",12.637,"RO0210A","ROMANIA","Background","rural",26.038738,43.963814,0,2600,0,0,0,2500,0,580.6740112,0.576644,0,0,22888.19922,0.501929,0,91,0,2.0043199,5.23627,20,11.9488001,2.2788999,6899.700195,0,1697.180054,"RO0210A",26.0388793942916,43.9639282223396,"EEA AirBase v8 ArcGIS","station_european_code",1,1,FALSE,TRUE,"RO","ROMANIA"
1770,"SE0001A",8,2010,"day",19.074,"SE0001A","SWEDEN","Background","urban",13.001964,55.606388,0,0,0,100,100,2300,0,0,0,4365890,187.3840027,97299.70313,6.8320999,0,100,0,2.00349,3.09795,13,9.1647301,1.3295701,27646,150333,2392.080078,"SE0001A",13.0020751953301,55.6065063477806,"EEA AirBase v8 ArcGIS","station_european_code",1,1,FALSE,TRUE,"SE","SWEDEN"
1771,"SE0003A",8,2010,"day",46.885,"SE0003A","SWEDEN","Traffic","urban",18.049181,59.317223,0,0,0,300,0,2400,0,0,0.0014348,3469150,128.8220062,179943,15.9926996,0,146,0,1.96181,3.1438999,44,7.3409901,2.1110201,20953.40039,65109,2806.709961,"SE0003A",18.0493164061563,59.3173217774268,"EEA AirBase v8 ArcGIS","station_european_code",1,1,FALSE,TRUE,"SE","SWEDEN"
1772,"SE0009A",8,2010,"day",13.095,"SE0009A","SWEDEN","Background","urban",15.62167,58.410835,0,0,0,0,100,2500,0,0,0.023243,2607450,138.0939941,90955,6.1209898,0,104,0,1.99907,4.5981398,58,7.6777701,2.6538301,28208.90039,158802,3986.800049,"SE0009A",15.6217041014805,58.4108886720826,"EEA AirBase v8 ArcGIS","station_european_code",1,1,FALSE,TRUE,"SE","SWEDEN"
1773,"SE0011R",8,2010,"day",3.48,"SE0011R","SWEDEN","Background","rural",13.149458,56.028057,0,0,2900,0,0,0,0,480.82901,0.69029,0,0,0,0,0,0,0,1.97253,4.3965101,170,8.3855696,1.09556,4628.52002,0,10.6315002,"SE0011R",13.1494750979264,56.0280761717257,"EEA AirBase v8 ArcGIS","station_european_code",1,1,FALSE,TRUE,"SE","SWEDEN"
1774,"SE0012R",8,2010,"day",2.58,"SE0012R","SWEDEN","Background","rural",17.381958,58.801109,0,0,2900,0,0,0,0,125.4440002,0.182814,0,0,0,0,0,0,0,1.98664,2.6989701,40,0,3.4657099,2251.709961,0,0,"SE0012R",17.3820800779024,58.8010864259162,"EEA AirBase v8 ArcGIS","station_european_code",1,1,FALSE,TRUE,"SE","SWEDEN"
1775,"SE0022A",8,2010,"day",14.879,"SE0022A","SWEDEN","Background","urban",18.057505,59.316944,0,0,0,0,200,2400,0,0,0.0007174,3779540,113.9049988,152260,13.5323,0,29,0,1.96181,3.01265,36,7.3409901,2.1110201,20765.80078,62462.30078,3104.389893,"SE0022A",18.0574951167623,59.3170776367663,"EEA AirBase v8 ArcGIS","station_european_code",1,1,FALSE,TRUE,"SE","SWEDEN"
1776,"SE0026A",8,2010,"day",21.637,"SE0026A","SWEDEN","Traffic","urban",12.941675,57.72028,0,0,0,0,0,2700,0,0,0.0139788,3788010,212.1889954,122132,8.6949997,0,0,0,1.95959,4.77105,141,7.2020998,0.958123,26082.30078,98457.5,4125.009766,"SE0026A",12.9417114256783,57.7202758789206,"EEA AirBase v8 ArcGIS","station_european_code",1,1,FALSE,TRUE,"SE","SWEDEN"
1777,"SE0027A",8,2010,"day",38.973,"SE0027A","SWEDEN","Traffic","urban",18.058619,59.34111,0,0,0,300,200,1800,0,0,0,4911580,219.6750031,138418,12.3021002,0,154,0,1.99007,3.1526799,27,7.3311601,1.05857,31774.19922,94752.10156,3976.169922,"SE0027A",18.0587158203339,59.3411254883034,"EEA AirBase v8 ArcGIS","station_european_code",1,1,FALSE,TRUE,"SE","SWEDEN"
1778,"SE0030A",8,2010,"day",18.474,"SE0030A","SWEDEN","Background","urban",20.265848,63.826942,0,0,0,0,200,2400,0,0,0.0072259,1642900,90.5959015,49401.69922,3.08266,0,70,0,1.9993,3.93382,26,4.24471,4.2272401,20390.5,66167.70313,3816.699951,"SE0030A",20.2659301756015,63.8270874023566,"EEA AirBase v8 ArcGIS","station_european_code",1,1,FALSE,TRUE,"SE","SWEDEN"
1779,"SE0031A",8,2010,"day",15.529,"SE0031A","SWEDEN","Background","urban",17.638615,59.858608,0,0,0,0,100,2500,0,0,0.0045269,2802410,199.302002,62968.39844,3.99264,0,73,0,1.99798,4.7266202,22,7.0995898,2.6625099,25519.40039,176271,3752.909912,"SE0031A",17.6386718750482,59.8587036132744,"EEA AirBase v8 ArcGIS","station_european_code",1,1,FALSE,TRUE,"SE","SWEDEN"
1780,"SE0043A",8,2010,"day",15.215,"SE0043A","SWEDEN","Background","urban",13.158061,55.373333,0,0,0,0,500,1200,0,0,0.0274797,1676100,92.8912964,48649.89844,3.41605,0,0,4,2.0043199,2.6152201,7,0,1.43466,17138,80989.20313,2530.290039,"SE0043A",13.158081054468,55.3734741209258,"EEA AirBase v8 ArcGIS","station_european_code",1,1,FALSE,TRUE,"SE","SWEDEN"
1781,"SE0053A",8,2010,"day",19.613,"SE0053A","SWEDEN","Background","urban",12.690839,56.047501,0,0,0,0,300,1800,0,0,0.0043968,973543,44.844101,87569.79688,6.14889,0,146,0,1.98794,2.4771199,7,0,3.8682101,15887.09961,33348.5,3348.909912,"SE0053A",12.6909179689256,56.0474853513836,"EEA AirBase v8 ArcGIS","station_european_code",1,1,FALSE,TRUE,"SE","SWEDEN"
1782,"SE0054A",8,2010,"day",12.949,"SE0054A","SWEDEN","Background","urban",13.200842,55.700832,0,0,0,400,200,2000,0,0,0.0340748,3954390,166.5639954,97299.70313,6.8320999,0,0,0,2.0043099,3.9618599,43,8.8702698,3.54404,30022.80078,146098,3752.909912,"SE0054A",13.20092773447,55.7009277344212,"EEA AirBase v8 ArcGIS","station_european_code",1,1,FALSE,TRUE,"SE","SWEDEN"
1783,"SE0058A",8,2010,"day",29.803,"SE0058A","SWEDEN","Traffic","urban",13.008061,55.583889,0,0,0,100,800,1000,0,0,0,3021000,158.5559998,38919.89844,2.7328401,0,283,0,2.0042701,3.5216801,15,9.1939201,1.32794,28334,102692,4220.700195,"SE0058A",13.0081176753595,55.583923339928,"EEA AirBase v8 ArcGIS","station_european_code",1,1,FALSE,TRUE,"SE","SWEDEN"
1784,"SE0059A",8,2010,"day",45.064,"SE0059A","SWEDEN","Traffic","urban",20.259174,63.82972,0,0,0,0,100,2300,0,0,0.0091633,1677670,86.5089035,49401.69922,3.08266,0,201,0,2.0009501,3.9474299,27,4.2354202,4.0429802,20327.90039,68285,3848.590088,"SE0059A",20.2592773433372,63.8297119138659,"EEA AirBase v8 ArcGIS","station_european_code",1,1,FALSE,TRUE,"SE","SWEDEN"
1785,"SE0067A",8,2010,"day",34.563,"SE0067A","SWEDEN","Traffic","urban",11.960841,57.698612,0,0,0,600,400,1600,0,0,0.0017205,3616940,151.7050018,65763.10156,4.6819201,0,218,0,1.94748,3.5835099,13,8.2505398,2.3564401,28834.40039,137099,2913.02002,"SE0067A",11.960876464775,57.6987304687853,"EEA AirBase v8 ArcGIS","station_european_code",1,1,FALSE,TRUE,"SE","SWEDEN"
1786,"SE0073A",8,2010,"day",12.949,"SE0073A","SWEDEN","Traffic","urban",14.784176,56.878887,0,0,0,0,1200,600,0,0,0.094292,4445200,176.9960022,6396.910156,0.437397,0,0,0,1.9999599,4.8873501,165,7.5756698,0.920975,15136.5,110103,3306.389893,"SE0073A",14.7843017576886,56.8789062499069,"EEA AirBase v8 ArcGIS","station_european_code",1,1,FALSE,TRUE,"SE","SWEDEN"
1787,"SE0080A",8,2010,"day",9.378,"SE0080A","SWEDEN","Background","urban",16.190277,58.59222,0,0,0,0,0,2300,0,0,0,2841140,159.7089996,90955,6.1209898,0,37,0,2.0011401,3.16923,10,7.6488199,2.6414599,20953.40039,186858,3625.330078,"SE0080A",16.1903076169021,58.5922851560816,"EEA AirBase v8 ArcGIS","station_european_code",1,1,FALSE,TRUE,"SE","SWEDEN"
1788,"SE0087A",8,2010,"day",44.703,"SE0087A","SWEDEN","Traffic","suburban",18.0044,59.325497,0,0,0,500,200,1100,0,0,0.0046632,2702280,112.5490036,69209,6.1510501,29,0,0,1.94943,3.57812,22,7.3482699,2.0625701,16012.2002,60344.89844,2636.610107,"SE0087A",18.0045166018771,59.325500488105,"EEA AirBase v8 ArcGIS","station_european_code",1,1,FALSE,TRUE,"SE","SWEDEN"
1789,"SE0089A",8,2010,"day",29.472,"SE0089A","SWEDEN","Traffic","urban",14.1586,57.778397,0,0,0,0,800,1100,0,0,0.0093175,1892280,110.1610031,30778.30078,1.98756,0,142,0,1.9625601,5.1086602,105,7.01301,0,17012.90039,97398.79688,2307.030029,"SE0089A",14.1586914058651,57.7785034179216,"EEA AirBase v8 ArcGIS","station_european_code",1,1,FALSE,TRUE,"SE","SWEDEN"
1790,"SE0094A",8,2010,"day",33.391,"SE0094A","SWEDEN","Traffic","urban",13.006,55.5844,0,0,0,100,700,900,0,0,0,3111320,154.552002,48649.89844,3.41605,0,303,0,2.0042701,3.5028,13,9.1939201,1.32794,29209.69922,102692,4146.279785,"SE0094A",13.0061035159486,55.5844726565023,"EEA AirBase v8 ArcGIS","station_european_code",1,1,FALSE,TRUE,"SE","SWEDEN"
1791,"SI0001A",8,2010,"day",26.208,"SI0001A","SLOVENIA","Background","urban",15.267777,46.235001,0,0,0,0,0,2200,0,0,0.185787,13953900,312.4419861,99914.89844,3.27105,0,0,0,1.78316,5.07096,238,9.9568195,1.24174,63207.89844,272731,15750.40039,"SI0001A",15.267883300475,46.2351074220405,"EEA AirBase v8 ArcGIS","station_european_code",1,1,FALSE,TRUE,"SI","SLOVENIA"
1792,"SI0003A",8,2010,"day",34.742,"SI0003A","SLOVENIA","Background","urban",14.517222,46.065834,0,0,0,0,500,1500,0,0,0.0439743,9112070,211.3650055,133811,4.9482799,0,154,0,1.99893,4.8646898,299,9.9846497,0.600606,88866.5,520781,10562.59961,"SI0003A",14.517272949093,46.0659179686806,"EEA AirBase v8 ArcGIS","station_european_code",1,1,FALSE,TRUE,"SI","SLOVENIA"
1793,"SI0008R",8,2010,"day",1.83,"SI0008R","SLOVENIA","Background","rural",14.862789,45.56139,0,1600,2400,0,0,0,0,978.2000122,0.491058,0,0,0,0,0,0,0,1.8780299,4.5762,535,8.6858902,0.655093,16271.2998,0,140.2109985,"SI0008R",14.8629150394926,45.5615234372953,"EEA AirBase v8 ArcGIS","station_european_code",1,1,FALSE,TRUE,"SI","SLOVENIA"
1794,"SI0031R",8,2010,"day",5.044,"SI0031R","SLOVENIA","Industrial","rural",15.003336,46.428612,0,3300,2200,0,0,0,0,1571.300049,0.729564,0,0,0,0,0,0,0,1.52749,5.10607,751,8.6963902,2.19175,15436.90039,0,0,"SI0031R",15.0034790035252,46.4287109372217,"EEA AirBase v8 ArcGIS","station_european_code",1,1,FALSE,TRUE,"SI","SLOVENIA"
1795,"SI0033R",8,2010,"day",9.351,"SI0033R","SLOVENIA","Industrial","rural",15.113903,46.128609,0,3100,2100,0,0,0,0,1396.079956,0.543651,254773,1.64651,0,0,0,0,0,1.4259,5.0071301,610,10.1477003,1.20951,21069.30078,29617.90039,373.8970032,"SI0033R",15.1138916016463,46.1287231443549,"EEA AirBase v8 ArcGIS","station_european_code",1,1,FALSE,TRUE,"SI","SLOVENIA"
1796,"SI0034A",8,2010,"day",28.891,"SI0034A","SLOVENIA","Background","urban",13.656944,45.955833,0,800,0,0,900,900,0,72.8834,0.228935,2398430,114.5719986,43769.5,1.5524499,0,0,0,1.71697,4.2955399,104,11.2159996,0,60286,98726.29688,10749.5,"SI0034A",13.6569213869586,45.9558715818251,"EEA AirBase v8 ArcGIS","station_european_code",1,1,FALSE,TRUE,"SI","SLOVENIA"
1797,"SI0038A",8,2010,"day",21.259,"SI0038A","SLOVENIA","Background","urban",13.718055,45.543056,0,0,0,0,0,1600,0,0,0.111335,4193010,63.7206993,54195.80078,2.05094,19,0,0,1.81866,0,2,12.8844995,1.3496701,49857,151792,11544.09961,"SI0038A",13.718078613348,45.5430908204419,"EEA AirBase v8 ArcGIS","station_european_code",1,1,FALSE,TRUE,"SI","SLOVENIA"
1798,"SI0051A",8,2010,"day",3.826,"SI0051A","SLOVENIA","Industrial","rural",14.67167,46.051945,0,1700,1900,0,0,0,0,1287.560059,0.643059,0,0,0,0,0,0,0,1.59762,4.9123101,570,10.1553001,0,2711.889893,4936.310059,186.9490051,"SI0051A",14.6716918947557,46.0518798827158,"EEA AirBase v8 ArcGIS","station_european_code",1,1,FALSE,TRUE,"SI","SLOVENIA"
1799,"SI0054A",8,2010,"day",20.32,"SI0054A","SLOVENIA","Background","suburban",15.035556,46.138889,0,500,300,0,1300,0,0,288.8429871,0.444627,438210,66.6837006,0,0,0,0,0,1.26785,5.00108,261,10.0351,1.79363,39635.30078,175239,3598.76001,"SI0054A",15.0357055666764,46.1389160158591,"EEA AirBase v8 ArcGIS","station_european_code",1,1,FALSE,TRUE,"SI","SLOVENIA"
1800,"SK0002A",8,2010,"day",49.565,"SK0002A","SLOVAKIA (Slovak Republic)","Traffic","urban",17.128901,48.158611,0,0,0,0,500,1200,0,0,0.0288923,2162160,78.6489029,101232,4.0014601,0,91,23,1.97736,5.5727801,139,10.7660999,1.83411,73131.5,133266,13625,"SK0002A",17.1289062500384,48.1586914062874,"EEA AirBase v8 ArcGIS","station_european_code",1,1,FALSE,TRUE,"SK","SLOVAKIA (Slovak Republic)"
1801,"SK0037A",8,2010,"day",25.986,"SK0037A","SLOVAKIA (Slovak Republic)","Background","urban",21.913622,48.930836,0,0,0,0,0,2600,0,0,0.137719,3312210,28.3281994,60312.89844,1.30302,0,0,0,1.88412,5.8001099,149,8.9758501,2.9762499,25348.40039,81764.89844,16132,"SK0037A",21.9136962890905,48.9309082030675,"EEA AirBase v8 ArcGIS","station_european_code",1,1,FALSE,TRUE,"SK","SLOVAKIA (Slovak Republic)"
1802,"SK0039A",8,2010,"day",32.762,"SK0039A","SLOVAKIA (Slovak Republic)","Background","urban",18.921947,49.066944,0,0,0,0,0,2900,0,0,0.0726093,9622860,89.8725967,84694.89844,2.07248,0,0,0,1.9096,5.7277699,396,6.9655199,1.4026,26659.5,150787,13915.7002,"SK0039A",18.9218750004135,49.0670776364951,"EEA AirBase v8 ArcGIS","station_european_code",1,1,FALSE,TRUE,"SK","SLOVAKIA (Slovak Republic)"
1803,"SK0048A",8,2010,"day",13.281,"SK0048A","SLOVAKIA (Slovak Republic)","Background","suburban",17.116667,48.166668,0,1100,0,0,100,1100,0,110.8190002,0.1878,1449300,49.3022995,101232,4.0014601,0,0,0,1.8883801,5.57307,196,10.7531004,1.836,51425.19922,99816.79688,13988.40039,"SK0048A",17.116699218814,48.1666870116914,"EEA AirBase v8 ArcGIS","station_european_code",1,1,FALSE,TRUE,"SK","SLOVAKIA (Slovak Republic)"
1804,"SK0214A",8,2010,"day",62.571,"SK0214A","SLOVAKIA (Slovak Republic)","Traffic","urban",19.154999,48.735001,0,0,0,700,800,400,0,0,0.18065,2730970,44.0539017,0,0,0,0,15,1.73801,5.71454,340,7.3806901,0.660998,27679.30078,130611,9446.69043,"SK0214A",19.1550903323827,48.735107422119,"EEA AirBase v8 ArcGIS","station_european_code",1,1,FALSE,TRUE,"SK","SLOVAKIA (Slovak Republic)"
1805,"SK0263A",8,2010,"day",13.434,"SK0263A","SLOVAKIA (Slovak Republic)","Background","urban",19.115278,48.733334,0,1600,0,200,300,2200,0,26.5270996,0.199645,1375670,22.2891998,53169.19922,1.27908,0,0,0,1.72831,5.71278,415,7.3818002,0.662894,14568,67429.5,12171.7002,"SK0263A",19.1152954099623,48.7332763673172,"EEA AirBase v8 ArcGIS","station_european_code",1,1,FALSE,TRUE,"SK","SLOVAKIA (Slovak Republic)"
1806,"SK0266A",8,2010,"day",32.907,"SK0266A","SLOVAKIA (Slovak Republic)","Traffic","urban",21.2675,48.993332,0,1500,0,700,200,1500,0,53.7034988,0.132318,3527790,23.5063992,41755.10156,0.902088,0,0,0,1.96119,5.7876902,246,8.3410902,2.2081399,26222.5,81233.89844,11045.40039,"SK0266A",21.2675170900355,48.9932861328813,"EEA AirBase v8 ArcGIS","station_european_code",1,1,FALSE,TRUE,"SK","SLOVAKIA (Slovak Republic)"
